/*
 * Exported with nin10kit v1.8
 * Invocation command was nin10kit --mode=3 --resize=240x160 background background.jpg 
 * Time-stamp: Tuesday 04/08/2025, 18:45:12
 * 
 * Image Information
 * -----------------
 * background.jpg 240@160
 * 
 * All bug reports / feature requests are to be filed here https://github.com/TricksterGuy/nin10kit/issues
 */

#include "background.h"

const unsigned short background[38400] =
{
	0x2d7b,0x2d7b,0x2d7b,0x2d7b,0x2d7b,0x2d7b,0x2d7b,0x2d7b,0x2d7b,0x2d7b,0x2d7b,0x2d7b,0x2d7b,0x2d7b,0x2d7b,0x2d7b,
	0x2d9a,0x2d9a,0x2d7b,0x2d7b,0x2d7b,0x2d7b,0x317c,0x317c,0x317c,0x317b,0x2d7a,0x2d7a,0x2d7b,0x2d7b,0x2d5b,0x317c,
	0x317b,0x317b,0x317b,0x317b,0x317b,0x317b,0x317b,0x317b,0x317b,0x317b,0x317b,0x317b,0x317b,0x317b,0x317b,0x317b,
	0x2d7b,0x2d7b,0x2d7b,0x2d7b,0x2d7b,0x2d7b,0x2d7b,0x2d7b,0x2d7b,0x2d7b,0x2d7b,0x2d7b,0x2d7b,0x2d7b,0x2d7b,0x2d7b,
	0x2d7b,0x2d7b,0x2d7b,0x2d7b,0x2d7b,0x2d7b,0x2d7b,0x2d7b,0x2d7b,0x2d7b,0x2d7b,0x2d7b,0x2d7b,0x2d7b,0x2d7b,0x2d7b,
	0x2d7b,0x2d7c,0x2d7c,0x2d7c,0x317b,0x317a,0x2d9a,0x2d9a,0x2d7b,0x2d7b,0x2d7c,0x2d7c,0x317b,0x317c,0x317c,0x317c,
	0x2d9b,0x299a,0x2d9b,0x2d9b,0x2d7c,0x2d5c,0x317c,0x2d7b,0x2d7b,0x2d7b,0x2d7b,0x2d7b,0x2d7b,0x2d7b,0x317b,0x317b,
	0x2d7b,0x2d7b,0x2d7b,0x2d7b,0x2d7b,0x2d7b,0x2d7b,0x2d7b,0x2d7b,0x2d7b,0x2d7b,0x2d7b,0x2d7b,0x2d7b,0x2d7b,0x2d7b,
	0x2d9a,0x2d7a,0x2d7b,0x2d7b,0x2d7d,0x295c,0x319c,0x297b,0x2d9b,0x2d9b,0x2d7c,0x2d7c,0x2d7b,0x2d7b,0x317c,0x317c,
	0x317b,0x317b,0x317b,0x317b,0x317b,0x317b,0x317b,0x317b,0x317b,0x317b,0x317b,0x317b,0x317b,0x317b,0x317b,0x317b,
	0x317b,0x2d7b,0x2d7b,0x2d7b,0x2d7b,0x2d7b,0x2d7b,0x2d7b,0x2d7b,0x2d7b,0x2d7b,0x2d7b,0x2d7b,0x2d7b,0x2d7b,0x2d7b,
	0x2d7b,0x2d7b,0x2d7b,0x2d7b,0x2d7b,0x2d7b,0x2d7b,0x2d7b,0x2d7b,0x2d7b,0x2d7b,0x2d7b,0x2d7b,0x2d7b,0x2d7b,0x2d7b,
	0x2d7c,0x2d7c,0x2d7c,0x2d7c,0x317b,0x317b,0x317b,0x2d7b,0x2d7b,0x2d7b,0x2d9b,0x2d9b,0x2d7b,0x2d7b,0x317c,0x317c,
	0x317b,0x2d7b,0x2d7b,0x2d7b,0x2d7b,0x2d7b,0x2d7b,0x2d7b,0x2d7b,0x2d7b,0x2d7b,0x2d7b,0x2d7b,0x2d7b,0x2d7b,0x2d7b,
	0x2d7b,0x2d7b,0x2d7b,0x2d7b,0x2d7b,0x2d7b,0x2d7b,0x2d7b,0x2d7b,0x2d7b,0x2d7b,0x2d7b,0x2d7b,0x2d7b,0x2d7b,0x2d7b,
	0x2d7b,0x2d7b,0x2d7b,0x2d7b,0x2d7b,0x2d7b,0x2d7b,0x2d7b,0x2d7b,0x2d7b,0x2d7b,0x2d7b,0x2d7b,0x2d7b,0x2d7b,0x2d7b,
	0x2d9a,0x2d7b,0x2d7b,0x2d7c,0x2d7b,0x2d7b,0x2d7b,0x2d7b,0x2d7a,0x319b,0x319a,0x2d9a,0x2d9a,0x319b,0x2d7b,0x297a,
	0x2d9a,0x2d9a,0x2d9a,0x2d9a,0x2d9a,0x2d9a,0x2d9a,0x2d9a,0x2d9a,0x2d9a,0x2d9a,0x2d9a,0x2d9a,0x2d9a,0x2d9a,0x2d9a,
	0x2d9a,0x2d9a,0x2d9a,0x2d9a,0x2d9a,0x2d9a,0x2d9a,0x2d9a,0x2d9a,0x2d9a,0x2d9a,0x2d9a,0x2d9a,0x2d9a,0x2d9a,0x2d9a,
	0x2d9a,0x2d9a,0x2d9a,0x2d9a,0x2d9a,0x2d9a,0x2d9a,0x2d9a,0x2d9a,0x2d9a,0x2d9a,0x2d9a,0x2d9a,0x2d9a,0x2d9a,0x2d9a,
	0x2d9a,0x299b,0x2d7b,0x2d7b,0x2d9a,0x2d9a,0x2d99,0x2d9a,0x2d9a,0x297a,0x2d9b,0x2d9b,0x2d7a,0x2d7a,0x2d9b,0x2d7a,
	0x297a,0x297a,0x2dbb,0x297a,0x2d7c,0x317c,0x317c,0x317b,0x2d7b,0x2d7b,0x2d7b,0x2d7b,0x2d7b,0x2d7b,0x317b,0x317b,
	0x2d7b,0x2d7b,0x2d7b,0x2d7b,0x2d7b,0x2d7b,0x2d7b,0x2d7b,0x2d7b,0x2d7b,0x2d7b,0x2d7b,0x2d7b,0x2d7b,0x2d7b,0x2d7b,
	0x2d7a,0x2d7a,0x319b,0x2d7c,0x2d7c,0x2d7c,0x2d9b,0x2d9a,0x2d9a,0x299a,0x297a,0x2d9b,0x2d9a,0x297a,0x319b,0x295a,
	0x2d9a,0x2d9a,0x2d9a,0x2d9a,0x2d9a,0x2d9a,0x2d9a,0x2d9a,0x2d9a,0x2d9a,0x2d9a,0x2d9a,0x2d9a,0x2d9a,0x2d9a,0x2d9a,
	0x2d9a,0x2d9a,0x2d9a,0x2d9a,0x2d9a,0x2d9a,0x2d9a,0x2d9a,0x2d9a,0x2d9a,0x2d9a,0x2d9a,0x2d9a,0x2d9a,0x2d9a,0x2d9a,
	0x2d9a,0x2d9a,0x2d9a,0x2d9a,0x2d9a,0x2d9a,0x2d9a,0x2d9a,0x2d9a,0x2d9a,0x2d9a,0x2d9a,0x2d9a,0x2d9a,0x2d9a,0x2d9a,
	0x2d7b,0x2d7b,0x2d7b,0x2d7b,0x2d9a,0x2d9a,0x2d9a,0x2d7a,0x297a,0x299a,0x2d9a,0x297a,0x2d9b,0x2d7b,0x2d7b,0x317b,
	0x2d7b,0x2d7b,0x2d7b,0x2d7b,0x2d7b,0x2d7b,0x2d7b,0x2d7b,0x2d7b,0x2d7b,0x2d7b,0x2d7b,0x2d7b,0x2d7b,0x2d7b,0x2d7b,
	0x2d7b,0x2d7b,0x2d7b,0x2d7b,0x2d7b,0x2d7b,0x2d7b,0x2d7b,0x2d7b,0x2d7b,0x2d7b,0x2d7b,0x2d7b,0x2d7b,0x2d7b,0x2d7b,
	0x2d7b,0x2d7b,0x2d7b,0x2d7b,0x2d7b,0x2d7b,0x2d7b,0x2d7b,0x2d7b,0x2d7b,0x2d7b,0x2d7b,0x2d7b,0x2d7b,0x2d7b,0x2d7b,
	0x2d7b,0x2d7b,0x2d7c,0x2d7c,0x2d7b,0x2d7b,0x2d7b,0x2d7b,0x2d9b,0x2d99,0x2db9,0x29b8,0x2999,0x2999,0x2998,0x2db9,
	0x29b9,0x29b9,0x29b9,0x29b9,0x29b9,0x29b9,0x29b9,0x29b9,0x29b9,0x29b9,0x29b9,0x29b9,0x29b9,0x29b9,0x29b9,0x29b9,
	0x29b9,0x29b9,0x29b9,0x29b9,0x29b9,0x29b9,0x29b9,0x29b9,0x29b9,0x29b9,0x29b9,0x29b9,0x29b9,0x29b9,0x29b9,0x29b9,
	0x29b9,0x29b9,0x29b9,0x29b9,0x29b9,0x29b9,0x29b9,0x29b9,0x29b9,0x29b9,0x29b9,0x29b9,0x29b9,0x29b9,0x29b9,0x29b9,
	0x29b9,0x29b9,0x2999,0x2999,0x29b9,0x29b9,0x29b8,0x29b8,0x2599,0x29b9,0x29b9,0x29b9,0x29b8,0x29b9,0x29b9,0x2db9,
	0x2dba,0x2999,0x2999,0x2d9a,0x2d7b,0x2d7b,0x2d7b,0x2d7b,0x2d7b,0x2d7b,0x2d7b,0x2d7b,0x2d7b,0x2d7b,0x317b,0x317b,
	0x2d7b,0x2d7b,0x2d7b,0x2d7b,0x2d7b,0x2d7b,0x2d7b,0x2d7b,0x2d7b,0x2d7b,0x2d7b,0x2d7b,0x2d7b,0x2d7b,0x2d7b,0x2d7b,
	0x319b,0x317b,0x317b,0x2d5b,0x2d7b,0x319c,0x2979,0x2db9,0x2998,0x29b9,0x29b9,0x29b9,0x29b8,0x2998,0x2db9,0x2dba,
	0x29b9,0x29b9,0x29b9,0x29b9,0x29b9,0x29b9,0x29b9,0x29b9,0x29b9,0x29b9,0x29b9,0x29b9,0x29b9,0x29b9,0x29b9,0x29b9,
	0x29b9,0x29b9,0x29b9,0x29b9,0x29b9,0x29b9,0x29b9,0x29b9,0x29b9,0x29b9,0x29b9,0x29b9,0x29b9,0x29b9,0x29b9,0x29b9,
	0x29b9,0x29b9,0x29b9,0x29b9,0x29b9,0x29b9,0x29b9,0x29b9,0x29b9,0x29b9,0x29b9,0x29b9,0x29b9,0x29b9,0x29b9,0x29b9,
	0x29b8,0x2db8,0x2db9,0x2db8,0x2db8,0x2db8,0x2db9,0x2db9,0x29b9,0x2999,0x29b9,0x2db9,0x2999,0x2999,0x2d99,0x2d9a,
	0x2d7b,0x2d7b,0x2d7b,0x2d7b,0x2d7b,0x2d7b,0x2d7b,0x2d7b,0x2d7b,0x2d7b,0x2d7b,0x2d7b,0x2d7b,0x2d7b,0x2d7b,0x2d7b,
	0x2d7b,0x2d7b,0x2d7b,0x2d7b,0x2d7b,0x2d7b,0x2d7b,0x2d7b,0x2d7b,0x2d7b,0x2d7b,0x2d7b,0x2d7b,0x2d7b,0x2d7b,0x2d7b,
	0x2d7b,0x2d7b,0x2d7b,0x2d7b,0x2d7b,0x2d7b,0x2d7b,0x2d7b,0x2d7b,0x2d7b,0x2d7b,0x2d7b,0x2d7b,0x2d7b,0x2d7b,0x2d7b,
	0x2d7b,0x2d7b,0x2d7c,0x2d7c,0x2d7b,0x2d7b,0x2d7b,0x2d9a,0x2999,0x0891,0x048f,0x04af,0x04b0,0x048f,0x08d0,0x04af,
	0x04af,0x04b0,0x04b0,0x04b0,0x04b0,0x04b0,0x04b0,0x04b0,0x04b0,0x04b0,0x04b0,0x04b0,0x04b0,0x04b0,0x04b0,0x04b0,
	0x04b0,0x04b0,0x04b0,0x04b0,0x04b0,0x04b0,0x04b0,0x04b0,0x04b0,0x04b0,0x04b0,0x04b0,0x04b0,0x04b0,0x04b0,0x04b0,
	0x04b0,0x04b0,0x04b0,0x04b0,0x04b0,0x04b0,0x04b0,0x04b0,0x04b0,0x04b0,0x04b0,0x04b0,0x04b0,0x04b0,0x04b0,0x04af,
	0x04af,0x04af,0x04b0,0x04b0,0x04b0,0x04b0,0x04af,0x04af,0x04b0,0x08b1,0x048f,0x04af,0x008e,0x08cf,0x04af,0x008f,
	0x008f,0x08b1,0x0891,0x2999,0x2d7b,0x2d7b,0x2d7b,0x317b,0x2d7b,0x2d7b,0x2d7b,0x2d7b,0x2d7b,0x2d7b,0x317b,0x317b,
	0x2d7b,0x2d7b,0x2d7b,0x2d7b,0x2d7b,0x2d7b,0x2d7b,0x2d7b,0x2d7b,0x2d7b,0x2d7b,0x2d7b,0x2d7b,0x2d7b,0x2d7b,0x2d7b,
	0x2d5b,0x2d7b,0x317c,0x319c,0x2d7c,0x297a,0x08b0,0x04af,0x04b0,0x04af,0x04af,0x04af,0x08af,0x08d0,0x048f,0x048f,
	0x04b0,0x04b0,0x04b0,0x04b0,0x04b0,0x04b0,0x04b0,0x04b0,0x04b0,0x04b0,0x04b0,0x04b0,0x04b0,0x04b0,0x04b0,0x04b0,
	0x04b0,0x04b0,0x04b0,0x04b0,0x04b0,0x04b0,0x04b0,0x04b0,0x04b0,0x04b0,0x04b0,0x04b0,0x04b0,0x04b0,0x04b0,0x04b0,
	0x04b0,0x04b0,0x04b0,0x04b0,0x04b0,0x04b0,0x04b0,0x04b0,0x04b0,0x04b0,0x04b0,0x04b0,0x04b0,0x04b0,0x04b0,0x04af,
	0x04ae,0x04ae,0x04af,0x04af,0x08ae,0x08af,0x048f,0x0490,0x0490,0x04b0,0x008f,0x048f,0x04b0,0x04b0,0x048f,0x0890,
	0x2d9a,0x2d7b,0x2d7b,0x2d7b,0x2d7b,0x2d7b,0x2d7b,0x2d7b,0x2d7b,0x2d7b,0x2d7b,0x2d7b,0x2d7b,0x2d7b,0x2d7b,0x2d7b,
	0x2d7b,0x2d7b,0x2d7b,0x2d7b,0x2d7b,0x2d7b,0x2d7b,0x2d7b,0x2d7b,0x2d7b,0x2d7b,0x2d7b,0x2d7b,0x2d7b,0x2d7b,0x2d7b,
	0x2d7b,0x2d7b,0x2d7b,0x2d7b,0x2d7b,0x2d7b,0x2d7b,0x2d7b,0x2d7b,0x2d7b,0x2d7b,0x2d7b,0x2d7b,0x2d7b,0x2d7b,0x2d7b,
	0x317b,0x317b,0x317c,0x317c,0x317b,0x2d7b,0x2d7b,0x2d9a,0x29b9,0x04b0,0x008e,0x04cf,0x008e,0x00ae,0x04cf,0x00ae,
	0x04af,0x048f,0x048f,0x048f,0x048f,0x048f,0x048f,0x048f,0x048f,0x048f,0x048f,0x048f,0x048f,0x048f,0x048f,0x048f,
	0x048f,0x048f,0x048f,0x048f,0x048f,0x048f,0x048f,0x048f,0x048f,0x048f,0x048f,0x048f,0x048f,0x048f,0x048f,0x048f,
	0x048f,0x048f,0x048f,0x048f,0x048f,0x048f,0x048f,0x048f,0x048f,0x048f,0x048f,0x048f,0x048f,0x048f,0x048f,0x048f,
	0x04af,0x04af,0x048f,0x0490,0x0490,0x048f,0x048f,0x048f,0x0490,0x048f,0x048f,0x08af,0x04ae,0x00ae,0x04af,0x08d0,
	0x048f,0x08b0,0x048f,0x2999,0x319b,0x2d7b,0x2d7b,0x2d7b,0x2d7b,0x2d7b,0x2d7b,0x2d7b,0x2d7b,0x2d7b,0x317b,0x317b,
	0x2d7b,0x2d7b,0x2d7b,0x2d7b,0x2d7b,0x2d7b,0x2d7b,0x2d7b,0x2d7b,0x2d7b,0x2d7b,0x2d7b,0x2d7b,0x2d7b,0x2d7b,0x317b,
	0x317c,0x317b,0x2d7b,0x2d7b,0x2d7b,0x2d9a,0x08af,0x04ae,0x04af,0x04b0,0x00ae,0x00ae,0x04ae,0x008e,0x04af,0x08b0,
	0x048f,0x048f,0x048f,0x048f,0x048f,0x048f,0x048f,0x048f,0x048f,0x048f,0x048f,0x048f,0x048f,0x048f,0x048f,0x048f,
	0x048f,0x048f,0x048f,0x048f,0x048f,0x048f,0x048f,0x048f,0x048f,0x048f,0x048f,0x048f,0x048f,0x048f,0x048f,0x048f,
	0x048f,0x048f,0x048f,0x048f,0x048f,0x048f,0x048f,0x048f,0x048f,0x048f,0x048f,0x048f,0x048f,0x048f,0x048f,0x048f,
	0x04af,0x04af,0x04af,0x04af,0x04af,0x04af,0x04af,0x0490,0x04b0,0x04b0,0x04b0,0x04d0,0x008f,0x00af,0x00ae,0x04af,
	0x2d9a,0x2d7b,0x2d7b,0x2d7b,0x2d7b,0x2d7b,0x2d7b,0x2d7b,0x2d7b,0x2d7b,0x2d7b,0x2d7b,0x2d7b,0x2d7b,0x2d7b,0x2d7b,
	0x2d7b,0x2d7b,0x2d7b,0x2d7b,0x2d7b,0x2d7b,0x2d7b,0x2d7b,0x2d7b,0x2d7b,0x2d7b,0x2d7b,0x2d7b,0x2d7b,0x2d7b,0x2d7b,
	0x2d7b,0x2d7b,0x2d7b,0x2d7b,0x2d7b,0x2d7b,0x2d7b,0x2d7b,0x2d7b,0x2d7b,0x2d7b,0x2d7b,0x2d7b,0x2d7b,0x2d7b,0x2d7b,
	0x317b,0x317b,0x317c,0x317c,0x317b,0x2d7b,0x2d7b,0x299a,0x2999,0x08b0,0x04af,0x25d7,0x25d7,0x08ef,0x008c,0x25f7,
	0x29d7,0x29b8,0x29b8,0x29b8,0x29b8,0x29b8,0x29b8,0x29b8,0x29b8,0x29b8,0x29b8,0x29b8,0x29b8,0x29b8,0x29b8,0x29b8,
	0x29b8,0x29b8,0x29b8,0x29b8,0x29b8,0x29b8,0x29b8,0x29b8,0x29b8,0x29b8,0x29b8,0x29b8,0x29b8,0x29b8,0x29b8,0x29b8,
	0x29b8,0x29b8,0x29b8,0x29b8,0x29b8,0x29b8,0x29b8,0x29b8,0x29b8,0x29b8,0x29b8,0x29b8,0x29b8,0x29b8,0x29b8,0x29b8,
	0x29d8,0x29d8,0x29b8,0x29b8,0x29b8,0x29b8,0x29b8,0x29b8,0x29b9,0x29b8,0x29b8,0x29d8,0x25d7,0x04af,0x04af,0x25b7,
	0x25d7,0x08d0,0x04af,0x29b8,0x299a,0x297a,0x2d9b,0x2d7b,0x2d7b,0x2d7b,0x2d7c,0x2d7b,0x2d7b,0x2d7b,0x317b,0x317b,
	0x2d7b,0x2d7b,0x2d7b,0x2d7b,0x2d7b,0x2d7b,0x2d7b,0x2d7b,0x2d7b,0x2d7b,0x2d7b,0x2d7b,0x2d7b,0x2d7b,0x2d7b,0x317b,
	0x317c,0x317b,0x2d7b,0x2d7b,0x2d7b,0x299a,0x04ae,0x04ae,0x25d8,0x25b8,0x00ae,0x04cf,0x25b7,0x29d8,0x29b8,0x25b7,
	0x29b8,0x29b8,0x29b8,0x29b8,0x29b8,0x29b8,0x29b8,0x29b8,0x29b8,0x29b8,0x29b8,0x29b8,0x29b8,0x29b8,0x29b8,0x29b8,
	0x29b8,0x29b8,0x29b8,0x29b8,0x29b8,0x29b8,0x29b8,0x29b8,0x29b8,0x29b8,0x29b8,0x29b8,0x29b8,0x29b8,0x29b8,0x29b8,
	0x29b8,0x29b8,0x29b8,0x29b8,0x29b8,0x29b8,0x29b8,0x29b8,0x29b8,0x29b8,0x29b8,0x29b8,0x29b8,0x29b8,0x29b8,0x29b8,
	0x29b8,0x29b8,0x29b8,0x29b8,0x29b8,0x29b8,0x29b8,0x29b8,0x25b8,0x25b8,0x00af,0x00af,0x25d8,0x25d8,0x00ce,0x04af,
	0x2d9a,0x2d7b,0x2d7b,0x2d7b,0x2d7b,0x2d7b,0x2d7b,0x2d7b,0x2d7b,0x2d7b,0x2d7b,0x2d7b,0x2d7b,0x2d7b,0x2d7b,0x2d7b,
	0x2d7b,0x2d7b,0x2d7b,0x2d7b,0x2d7b,0x2d7b,0x2d7b,0x2d7b,0x2d7b,0x2d7b,0x2d7b,0x2d7b,0x2d7b,0x2d7b,0x2d7b,0x2d7b,
	0x2d7b,0x2d7b,0x2d7b,0x2d7b,0x2d7b,0x2d7b,0x2d7b,0x2d7b,0x2d7b,0x2d7b,0x2d7b,0x2d7b,0x2d7b,0x2d7b,0x2d7b,0x2d7b,
	0x317b,0x317b,0x317c,0x317c,0x317b,0x2d7b,0x2d7b,0x299a,0x2599,0x04b0,0x00af,0x21d7,0x21d7,0x008d,0x04ef,0x575f,
	0x29b7,0x29b8,0x29b8,0x29b8,0x29b8,0x29b8,0x29b8,0x29b8,0x29b8,0x29b8,0x29b8,0x29b8,0x29b8,0x29b8,0x29b8,0x29b8,
	0x29b8,0x29b8,0x29b8,0x29b8,0x29b8,0x29b8,0x29b8,0x29b8,0x29b8,0x29b8,0x29b8,0x29b8,0x29b8,0x29b8,0x29b8,0x29b8,
	0x29b8,0x29b8,0x29b8,0x29b8,0x29b8,0x29b8,0x29b8,0x29b8,0x29b8,0x29b8,0x29b8,0x29b8,0x29b8,0x29b8,0x29b8,0x29b7,
	0x29b7,0x29b7,0x29b8,0x29b8,0x29b8,0x29b8,0x29b8,0x29b8,0x2998,0x29b8,0x25b7,0x25d7,0x25d7,0x04cf,0x00af,0x25b8,
	0x25b7,0x04ae,0x04af,0x2db9,0x2d9a,0x2d7a,0x2d9b,0x2d7b,0x2d7b,0x2d7b,0x2d7c,0x2d7b,0x2d7b,0x2d7b,0x317b,0x317b,
	0x2d7b,0x2d7b,0x2d7b,0x2d7b,0x2d7b,0x2d7b,0x2d7b,0x2d7b,0x2d7b,0x2d7b,0x2d7b,0x2d7b,0x2d7b,0x2d7b,0x2d7b,0x317b,
	0x317b,0x317b,0x2d7b,0x2d9b,0x2d7b,0x299a,0x04af,0x04ce,0x21b7,0x25b8,0x00af,0x00af,0x25b7,0x29b8,0x29b8,0x29d8,
	0x29b8,0x29b8,0x29b8,0x29b8,0x29b8,0x29b8,0x29b8,0x29b8,0x29b8,0x29b8,0x29b8,0x29b8,0x29b8,0x29b8,0x29b8,0x29b8,
	0x29b8,0x29b8,0x29b8,0x29b8,0x29b8,0x29b8,0x29b8,0x29b8,0x29b8,0x29b8,0x29b8,0x29b8,0x29b8,0x29b8,0x29b8,0x29b8,
	0x29b8,0x29b8,0x29b8,0x29b8,0x29b8,0x29b8,0x29b8,0x29b8,0x29b8,0x29b8,0x29b8,0x29b8,0x29b8,0x29b8,0x29b8,0x29b8,
	0x29b8,0x29b8,0x29b9,0x2db9,0x2db8,0x29b8,0x29b8,0x29b8,0x29b8,0x25b8,0x00af,0x00b0,0x25b8,0x25b8,0x00ce,0x00ae,
	0x299a,0x2d7b,0x2d7b,0x2d7b,0x2d7b,0x2d7b,0x2d7b,0x2d7b,0x2d7b,0x2d7b,0x2d7b,0x2d7b,0x2d7b,0x2d7b,0x2d7b,0x2d7b,
	0x2d7b,0x2d7b,0x2d7b,0x2d7b,0x2d7b,0x2d7b,0x2d7b,0x2d7b,0x2d7b,0x2d7b,0x2d7b,0x2d7b,0x2d7b,0x2d7b,0x2d7b,0x2d7b,
	0x2d7b,0x2d7b,0x2d7b,0x2d7b,0x2d7b,0x2d7b,0x2d7b,0x2d7b,0x2d7b,0x2d7b,0x2d7b,0x2d7b,0x2d7b,0x2d7b,0x2d7b,0x2d7b,
	0x2d7b,0x317b,0x317c,0x317c,0x317b,0x2d7b,0x2d7b,0x299a,0x2999,0x04b0,0x00af,0x00af,0x00af,0x00ae,0x00cd,0x00ad,
	0x08ae,0x08ae,0x08ae,0x08ae,0x08ae,0x08ae,0x08ae,0x08ae,0x08ae,0x08ae,0x08ae,0x08ae,0x08ae,0x08ae,0x08ae,0x08ae,
	0x08ae,0x08ae,0x08ae,0x08ae,0x08ae,0x08ae,0x08ae,0x08ae,0x08ae,0x08ae,0x08ae,0x08ae,0x08ae,0x08ae,0x08ae,0x08ae,
	0x08ae,0x08ae,0x08ae,0x08ae,0x08ae,0x08ae,0x08ae,0x08ae,0x08ae,0x08ae,0x08ae,0x08ae,0x08ae,0x08ae,0x08ae,0x08ae,
	0x08ae,0x08ae,0x08ae,0x08ae,0x08ae,0x08ae,0x08ae,0x08ae,0x08ae,0x08ae,0x04ad,0x08ce,0x00ad,0x04ce,0x00af,0x00af,
	0x00af,0x04cf,0x04af,0x2998,0x2d9a,0x2d9b,0x2d7a,0x2d9c,0x2d7b,0x2d7c,0x2d7c,0x2d7b,0x2d7b,0x2d7b,0x317b,0x317b,
	0x2d7b,0x2d7b,0x2d7b,0x2d7b,0x2d7b,0x2d7b,0x2d7b,0x2d7b,0x2d7b,0x2d7b,0x2d7b,0x2d7b,0x2d7b,0x2d7b,0x2d7b,0x2d7b,
	0x317b,0x317b,0x2d7b,0x2d7b,0x2d7b,0x299a,0x04af,0x00ae,0x04af,0x04b0,0x00af,0x00ae,0x08ce,0x08ae,0x08ae,0x08ae,
	0x08ae,0x08ae,0x08ae,0x08ae,0x08ae,0x08ae,0x08ae,0x08ae,0x08ae,0x08ae,0x08ae,0x08ae,0x08ae,0x08ae,0x08ae,0x08ae,
	0x08ae,0x08ae,0x08ae,0x08ae,0x08ae,0x08ae,0x08ae,0x08ae,0x08ae,0x08ae,0x08ae,0x08ae,0x08ae,0x08ae,0x08ae,0x08ae,
	0x08ae,0x08ae,0x08ae,0x08ae,0x08ae,0x08ae,0x08ae,0x08ae,0x08ae,0x08ae,0x08ae,0x08ae,0x08ae,0x08ae,0x08ae,0x08ae,
	0x08ae,0x08af,0x0caf,0x0caf,0x0cae,0x0cae,0x08ae,0x08ae,0x08ae,0x08cf,0x00ae,0x00b0,0x008f,0x04b0,0x00ad,0x00af,
	0x299a,0x2d7b,0x2d7b,0x2d7b,0x2d7b,0x2d7b,0x2d7b,0x2d7b,0x2d7b,0x2d7b,0x2d7b,0x2d7b,0x2d7b,0x2d7b,0x2d7b,0x2d7b,
	0x2d7b,0x2d7b,0x2d7b,0x2d7b,0x2d7b,0x2d7b,0x2d7b,0x2d7b,0x2d7b,0x2d7b,0x2d7b,0x2d7b,0x2d7b,0x2d7b,0x2d7b,0x2d7b,
	0x2d7b,0x2d7b,0x2d7b,0x2d7b,0x2d7b,0x2d7b,0x2d7b,0x2d7b,0x2d7b,0x2d7b,0x2d7b,0x2d7b,0x2d7b,0x2d7b,0x2d7b,0x2d7b,
	0x2d7b,0x2d7b,0x317b,0x317c,0x317b,0x2d7b,0x2d7b,0x299a,0x29ba,0x0490,0x008f,0x04b0,0x00af,0x04af,0x04ad,0x08cd,
	0x0ccc,0x0ccc,0x0ccc,0x0ccc,0x0ccc,0x0ccc,0x0ccc,0x0ccc,0x0ccc,0x0ccc,0x0ccc,0x0ccc,0x0ccc,0x0ccc,0x0ccc,0x0ccc,
	0x0ccc,0x0ccb,0x0ccc,0x0ccb,0x0ccc,0x0ccb,0x0ccc,0x0ccb,0x0ccc,0x0ccb,0x0ccc,0x0ccb,0x0ccc,0x0ccb,0x0ccc,0x0ccb,
	0x0ccc,0x0ccb,0x0ccc,0x0ccb,0x0ccc,0x0ccb,0x0ccc,0x0ccb,0x0ccc,0x0ccb,0x0ccc,0x0ccb,0x0ccc,0x0ccb,0x0ccc,0x0ccb,
	0x10cb,0x0ccb,0x0ccc,0x0ccc,0x0ccc,0x0ccb,0x0ccb,0x0ccc,0x0ccc,0x10ec,0x0ccb,0x0cec,0x08cc,0x04cd,0x04af,0x00af,
	0x04cf,0x008e,0x08b0,0x29b9,0x2d9a,0x2d7b,0x2d7b,0x2d7b,0x2d7b,0x2d7c,0x2d7c,0x2d7b,0x2d7b,0x2d7b,0x317b,0x317b,
	0x2d7b,0x2d7b,0x2d7b,0x2d7b,0x2d7b,0x2d7b,0x2d7b,0x2d7b,0x2d7b,0x2d7b,0x2d7b,0x2d7b,0x2d7b,0x2d7b,0x2d7b,0x2d7b,
	0x317b,0x2d7b,0x2d7b,0x2d7b,0x2d7b,0x299a,0x04af,0x00ae,0x04b0,0x008f,0x00af,0x04ce,0x08ac,0x0ccb,0x10ed,0x10cc,
	0x0ccc,0x0ccb,0x0ccc,0x0ccb,0x0ccc,0x0ccb,0x0ccc,0x0ccb,0x0ccc,0x0ccb,0x0ccc,0x0ccb,0x0ccc,0x0ccb,0x0ccc,0x0ccb,
	0x0ccc,0x0ccb,0x0ccc,0x0ccb,0x0ccc,0x0ccb,0x0ccc,0x0ccb,0x0ccc,0x0ccb,0x0ccc,0x0ccb,0x0ccc,0x0ccb,0x0ccc,0x0ccb,
	0x0ccc,0x0ccb,0x0ccc,0x0ccb,0x0ccc,0x0ccb,0x0ccc,0x0ccb,0x0ccc,0x0ccb,0x0ccc,0x0ccb,0x0ccc,0x0ccb,0x0ccc,0x0ccb,
	0x0ccb,0x0ccc,0x10cc,0x10cc,0x10cb,0x10cb,0x0ccb,0x0ccb,0x0ccc,0x0ccc,0x04ad,0x00ae,0x0490,0x048f,0x04cf,0x04af,
	0x299a,0x2d7b,0x2d7b,0x2d7b,0x2d7b,0x2d7b,0x2d7b,0x2d7b,0x2d7b,0x2d7b,0x2d7b,0x2d7b,0x2d7b,0x2d7b,0x2d7b,0x2d7b,
	0x2d7b,0x2d7b,0x2d7b,0x2d7b,0x2d7b,0x2d7b,0x2d7b,0x2d7b,0x2d7b,0x2d7b,0x2d7b,0x2d7b,0x2d7b,0x2d7b,0x2d7b,0x2d7b,
	0x2d7b,0x2d7b,0x2d7b,0x2d7b,0x2d7b,0x2d7b,0x2d7b,0x2d7b,0x2d7b,0x2d7b,0x2d7b,0x2d7b,0x2d7b,0x2d7b,0x2d7b,0x2d7b,
	0x2d7b,0x2d7b,0x2d7b,0x317c,0x317b,0x2d7b,0x2d7b,0x2d9a,0x2598,0x08b1,0x04b0,0x25b7,0x29b8,0x04ae,0x0cee,0x67bf,
	0x6fdf,0x73df,0x73df,0x73df,0x73df,0x73df,0x73df,0x73df,0x73df,0x73df,0x73df,0x73df,0x73df,0x73df,0x73df,0x73df,
	0x73df,0x73df,0x73df,0x73df,0x73df,0x73df,0x73df,0x73df,0x73df,0x73df,0x73df,0x73df,0x73df,0x73df,0x73df,0x73df,
	0x73df,0x73df,0x73df,0x73df,0x73df,0x73df,0x73df,0x73df,0x73df,0x73df,0x73df,0x73df,0x73df,0x73df,0x73df,0x73df,
	0x73df,0x73df,0x73df,0x73df,0x73df,0x73df,0x73df,0x73df,0x73df,0x6fbf,0x6fdf,0x6bdf,0x67bf,0x08ec,0x04ad,0x29d8,
	0x25b7,0x08d1,0x04b0,0x2999,0x2d9a,0x2d7b,0x2d7b,0x2d7b,0x2d7c,0x2d7c,0x2d7c,0x2d7b,0x2d7b,0x2d7b,0x317b,0x317b,
	0x2d7b,0x2d7b,0x2d7b,0x2d7b,0x2d7b,0x2d7b,0x2d7b,0x2d7b,0x2d7b,0x2d7b,0x2d7b,0x2d7b,0x2d7b,0x2d7b,0x2d7b,0x2d7b,
	0x317b,0x2d7b,0x2d7c,0x2d7b,0x2d7b,0x299a,0x04af,0x00ae,0x25b8,0x29b8,0x00ae,0x04cd,0x6bbf,0x73ff,0x6b9f,0x73bf,
	0x73df,0x73df,0x73df,0x73df,0x73df,0x73df,0x73df,0x73df,0x73df,0x73df,0x73df,0x73df,0x73df,0x73df,0x73df,0x73df,
	0x73df,0x73df,0x73df,0x73df,0x73df,0x73df,0x73df,0x73df,0x73df,0x73df,0x73df,0x73df,0x73df,0x73df,0x73df,0x73df,
	0x73df,0x73df,0x73df,0x73df,0x73df,0x73df,0x73df,0x73df,0x73df,0x73df,0x73df,0x73df,0x73df,0x73df,0x73df,0x73df,
	0x6fdf,0x73df,0x73df,0x73df,0x73df,0x73df,0x6fdf,0x6fdf,0x6fdf,0x6bbf,0x08cd,0x04ae,0x29b8,0x2db9,0x008e,0x008e,
	0x2d9a,0x2d7b,0x2d7b,0x2d7b,0x2d7b,0x2d7b,0x2d7b,0x2d7b,0x2d7b,0x2d7b,0x2d7b,0x2d7b,0x2d7b,0x2d7b,0x2d7b,0x2d7b,
	0x2d7b,0x2d7b,0x2d7b,0x2d7b,0x2d7b,0x2d7b,0x2d7b,0x2d7b,0x2d7b,0x2d7b,0x2d7b,0x2d7b,0x2d7b,0x2d7b,0x2d7b,0x2d7b,
	0x2d7b,0x2d7b,0x2d7b,0x2d7b,0x2d7b,0x2d7b,0x2d7b,0x2d7b,0x2d7b,0x2d7b,0x2d7b,0x2d7b,0x2d7b,0x2d7b,0x2d7b,0x2d7b,
	0x2d7b,0x2d7b,0x2d7b,0x317c,0x317b,0x317b,0x2d7b,0x2d9a,0x29b9,0x048f,0x008e,0x29d8,0x29b7,0x08ae,0x0cec,0x6bdf,
	0x77ff,0x7bff,0x7bff,0x7bff,0x7bff,0x7bff,0x7bff,0x7bff,0x7bff,0x7bff,0x7bff,0x7bff,0x7bff,0x7bff,0x7bff,0x7bff,
	0x7bff,0x7bff,0x7bff,0x7bff,0x7bff,0x7bff,0x7bff,0x7bff,0x7bff,0x7bff,0x7bff,0x7bff,0x7bff,0x7bff,0x7bff,0x7bff,
	0x7bff,0x7bff,0x7bff,0x7bff,0x7bff,0x7bff,0x7bff,0x7bff,0x7bff,0x7bff,0x7bff,0x7bff,0x7bff,0x7bff,0x7bff,0x7bff,
	0x7bff,0x7bff,0x7bff,0x7bff,0x7bff,0x7bff,0x7bff,0x7bff,0x7bff,0x7bff,0x77ff,0x73ff,0x73ff,0x08cb,0x08ad,0x29b7,
	0x29b7,0x04af,0x048f,0x2999,0x2d9b,0x2d7b,0x2d7b,0x2d7c,0x2d7c,0x2d7c,0x2d7c,0x2d7b,0x2d7b,0x2d7b,0x2d7b,0x2d7b,
	0x2d7b,0x2d7b,0x2d7b,0x2d7b,0x2d7b,0x2d7b,0x2d7b,0x2d7b,0x2d7b,0x2d7b,0x2d7b,0x2d7b,0x2d7b,0x2d7b,0x2d7b,0x2d7b,
	0x2d7b,0x2d7b,0x2d7c,0x2d7c,0x2d7b,0x2d9a,0x04af,0x04af,0x29b9,0x29b9,0x04ae,0x08cc,0x6fdf,0x73df,0x7bff,0x7bff,
	0x7bff,0x7bff,0x7bff,0x7bff,0x7bff,0x7bff,0x7bff,0x7bff,0x7bff,0x7bff,0x7bff,0x7bff,0x7bff,0x7bff,0x7bff,0x7bff,
	0x7bff,0x7bff,0x7bff,0x7bff,0x7bff,0x7bff,0x7bff,0x7bff,0x7bff,0x7bff,0x7bff,0x7bff,0x7bff,0x7bff,0x7bff,0x7bff,
	0x7bff,0x7bff,0x7bff,0x7bff,0x7bff,0x7bff,0x7bff,0x7bff,0x7bff,0x7bff,0x7bff,0x7bff,0x7bff,0x7bff,0x7bff,0x7bff,
	0x77ff,0x77ff,0x7bff,0x7bff,0x7bff,0x7bff,0x77ff,0x77ff,0x73ff,0x73ff,0x08cc,0x04ae,0x2d99,0x2998,0x04af,0x08d0,
	0x2d9a,0x2d7b,0x2d7b,0x2d7b,0x2d7b,0x2d7b,0x2d7b,0x2d7b,0x2d7b,0x2d7b,0x2d7b,0x2d7b,0x2d7b,0x2d7b,0x2d7b,0x2d7b,
	0x2d7b,0x2d7b,0x2d7b,0x2d7b,0x2d7b,0x2d7b,0x2d7b,0x2d7b,0x2d7b,0x2d7b,0x2d7b,0x2d7b,0x2d7b,0x2d7b,0x2d7b,0x2d7b,
	0x2d7b,0x2d7b,0x2d7b,0x2d7b,0x2d7b,0x2d7b,0x2d7b,0x2d7b,0x2d7b,0x2d7b,0x2d7b,0x2d7b,0x2d7b,0x2d7b,0x2d7b,0x2d7b,
	0x2d7b,0x2d7b,0x2d7b,0x317c,0x317c,0x317b,0x2d7b,0x2d9a,0x2998,0x04af,0x04af,0x29d8,0x29b7,0x08ad,0x0ceb,0x6fdf,
	0x7bff,0x7fff,0x7fff,0x7fff,0x7fff,0x7fff,0x7fff,0x7fff,0x7fff,0x7fff,0x7fff,0x7fff,0x7fff,0x7fff,0x7fff,0x7fff,
	0x7fff,0x7fff,0x7fff,0x7fff,0x7fff,0x7fff,0x7fff,0x7fff,0x7fff,0x7fff,0x7fff,0x7fff,0x7fff,0x7fff,0x7fff,0x7fff,
	0x7fff,0x7fff,0x7fff,0x7fff,0x7fff,0x7fff,0x7fff,0x7fff,0x7fff,0x7fff,0x7fff,0x7fff,0x7fff,0x7fff,0x7fff,0x7fff,
	0x7fff,0x7fff,0x7fff,0x7fff,0x7fff,0x7fff,0x7fff,0x7fff,0x7fff,0x7fff,0x7bff,0x77ff,0x6fdf,0x10eb,0x10cf,0x29b7,
	0x25b7,0x048f,0x0490,0x2999,0x297a,0x2d7b,0x2d7b,0x317c,0x2d7c,0x2d7c,0x2d7c,0x2d7b,0x2d7b,0x2d7b,0x2d7b,0x2d7b,
	0x2d7b,0x2d7b,0x2d7b,0x2d7b,0x2d7b,0x2d7b,0x2d7b,0x2d7b,0x2d7b,0x2d7b,0x2d7b,0x2d7b,0x2d7b,0x2d7b,0x2d7b,0x2d7b,
	0x2d7b,0x2d7b,0x2d7c,0x2d7c,0x317b,0x2d9a,0x04af,0x04af,0x2999,0x2db9,0x008e,0x08cc,0x73ff,0x77ff,0x7bff,0x7bfe,
	0x7fff,0x7fff,0x7fff,0x7fff,0x7fff,0x7fff,0x7fff,0x7fff,0x7fff,0x7fff,0x7fff,0x7fff,0x7fff,0x7fff,0x7fff,0x7fff,
	0x7fff,0x7fff,0x7fff,0x7fff,0x7fff,0x7fff,0x7fff,0x7fff,0x7fff,0x7fff,0x7fff,0x7fff,0x7fff,0x7fff,0x7fff,0x7fff,
	0x7fff,0x7fff,0x7fff,0x7fff,0x7fff,0x7fff,0x7fff,0x7fff,0x7fff,0x7fff,0x7fff,0x7fff,0x7fff,0x7fff,0x7fff,0x7fff,
	0x7bff,0x7bff,0x7fff,0x7fff,0x7fff,0x7fff,0x7bfe,0x7bff,0x7bff,0x73df,0x0ccc,0x048e,0x31ba,0x2d99,0x04b0,0x008f,
	0x2d9a,0x2d7b,0x2d7b,0x2d7b,0x2d7b,0x2d7b,0x2d7b,0x2d7b,0x2d7b,0x2d7b,0x2d7b,0x2d7b,0x2d7b,0x2d7b,0x2d7b,0x2d7b,
	0x2d7b,0x2d7b,0x2d7b,0x2d7b,0x2d7b,0x2d7b,0x2d7b,0x2d7b,0x2d7b,0x2d7b,0x2d7b,0x2d7b,0x2d7b,0x2d7b,0x2d7b,0x2d7b,
	0x2d7b,0x2d7b,0x2d7b,0x2d7b,0x2d7b,0x2d7b,0x2d7b,0x2d7b,0x2d7b,0x2d7b,0x2d7b,0x2d7b,0x2d7b,0x2d7b,0x2d7b,0x2d7b,
	0x2d7b,0x2d7b,0x2d7b,0x317c,0x317c,0x317b,0x2d7b,0x2d9a,0x2db9,0x08b0,0x008e,0x25b7,0x2dd8,0x08ad,0x08ca,0x6fff,
	0x7bff,0x7fff,0x7fff,0x7fff,0x7fff,0x7fff,0x7fff,0x7fff,0x7fff,0x7fff,0x7fff,0x7fff,0x7fff,0x7fff,0x7fff,0x7fff,
	0x7fff,0x7fff,0x7fff,0x7fff,0x7fff,0x7fff,0x7fff,0x7fff,0x7fff,0x7fff,0x7fff,0x7fff,0x7fff,0x7fff,0x7fff,0x7fff,
	0x7fff,0x7fff,0x7fff,0x7fff,0x7fff,0x7fff,0x7fff,0x7fff,0x7fff,0x7fff,0x7fff,0x7fff,0x7fff,0x7fff,0x7fff,0x7fff,
	0x7fff,0x7fff,0x7fff,0x7fff,0x7fff,0x7fff,0x7fff,0x7fff,0x7fff,0x7fff,0x7bff,0x77ff,0x6fdf,0x08ab,0x08ae,0x29b8,
	0x29d9,0x04b0,0x0490,0x2999,0x297a,0x2d9c,0x2d7b,0x2d7b,0x317b,0x2d7b,0x2d7c,0x2d7b,0x2d7b,0x2d7b,0x2d7b,0x2d7b,
	0x2d7b,0x2d7b,0x2d7b,0x2d7b,0x2d7b,0x2d7b,0x2d7b,0x2d7b,0x2d7b,0x2d7b,0x2d7b,0x2d7b,0x2d7b,0x2d7b,0x2d7b,0x2d7b,
	0x317b,0x2d7b,0x2d7b,0x2d7c,0x317c,0x2d7a,0x04af,0x04af,0x299a,0x2999,0x04af,0x0ced,0x73df,0x7bff,0x7fff,0x7fff,
	0x7fff,0x7fff,0x7fff,0x7fff,0x7fff,0x7fff,0x7fff,0x7fff,0x7fff,0x7fff,0x7fff,0x7fff,0x7fff,0x7fff,0x7fff,0x7fff,
	0x7fff,0x7fff,0x7fff,0x7fff,0x7fff,0x7fff,0x7fff,0x7fff,0x7fff,0x7fff,0x7fff,0x7fff,0x7fff,0x7fff,0x7fff,0x7fff,
	0x7fff,0x7fff,0x7fff,0x7fff,0x7fff,0x7fff,0x7fff,0x7fff,0x7fff,0x7fff,0x7fff,0x7fff,0x7fff,0x7fff,0x7fff,0x7fff,
	0x7fff,0x7fff,0x7fff,0x7fff,0x7fff,0x7fff,0x7fff,0x7bff,0x7fff,0x77df,0x0ccd,0x04af,0x2d9a,0x2d9a,0x00af,0x04b0,
	0x299a,0x2d7b,0x2d7b,0x2d7b,0x2d7b,0x2d7b,0x2d7b,0x2d7b,0x2d7b,0x2d7b,0x2d7b,0x2d7b,0x2d7b,0x2d7b,0x2d7b,0x2d7b,
	0x2d7b,0x2d7b,0x2d7b,0x2d7b,0x2d7b,0x2d7b,0x2d7b,0x2d7b,0x2d7b,0x2d7b,0x2d7b,0x2d7b,0x2d7b,0x2d7b,0x2d7b,0x2d7b,
	0x2d7b,0x2d7b,0x2d7b,0x2d7b,0x2d7b,0x2d7b,0x2d7b,0x2d7b,0x2d7b,0x2d7b,0x2d7b,0x2d7b,0x2d7b,0x2d7b,0x2d7b,0x2d7b,
	0x2d7b,0x2d7b,0x2d7b,0x317c,0x317c,0x317c,0x2d7b,0x2d9a,0x2598,0x04af,0x04b0,0x25b7,0x29b7,0x08ae,0x10ec,0x73ff,
	0x7bff,0x7fff,0x7fff,0x7fff,0x7fff,0x7fff,0x7fff,0x7fff,0x7fff,0x7fff,0x7fff,0x7fff,0x7fff,0x7fff,0x7fff,0x7fff,
	0x7fff,0x7fff,0x7fff,0x7fff,0x7fff,0x7fff,0x7fff,0x7fff,0x7fff,0x7fff,0x7fff,0x7fff,0x7fff,0x7fff,0x7fff,0x7fff,
	0x7fff,0x7fff,0x7fff,0x7fff,0x7fff,0x7fff,0x7fff,0x7fff,0x7fff,0x7fff,0x7fff,0x7fff,0x7fff,0x7fff,0x7fff,0x7fff,
	0x7fff,0x7fff,0x7fff,0x7fff,0x7fff,0x7fff,0x7fff,0x7fff,0x7fff,0x7fff,0x7bff,0x73df,0x6fdf,0x10ec,0x08ae,0x29b8,
	0x25b8,0x048f,0x048f,0x29b9,0x2d9b,0x2d7b,0x317b,0x2d7b,0x317b,0x317b,0x2d7b,0x2d7b,0x2d7b,0x2d7b,0x2d7b,0x2d7c,
	0x2d7b,0x2d7b,0x2d7b,0x2d7b,0x2d7b,0x2d7b,0x2d7b,0x2d7b,0x2d7b,0x2d7b,0x2d7b,0x2d7b,0x2d7b,0x2d7b,0x2d7b,0x2d7b,
	0x317b,0x2d7b,0x2d7b,0x2d7c,0x317c,0x2d7a,0x04af,0x00af,0x299a,0x2d9a,0x04af,0x08cc,0x73df,0x7bff,0x7fff,0x7fff,
	0x7fff,0x7fff,0x7fff,0x7fff,0x7fff,0x7fff,0x7fff,0x7fff,0x7fff,0x7fff,0x7fff,0x7fff,0x7fff,0x7fff,0x7fff,0x7fff,
	0x7fff,0x7fff,0x7fff,0x7fff,0x7fff,0x7fff,0x7fff,0x7fff,0x7fff,0x7fff,0x7fff,0x7fff,0x7fff,0x7fff,0x7fff,0x7fff,
	0x7fff,0x7fff,0x7fff,0x7fff,0x7fff,0x7fff,0x7fff,0x7fff,0x7fff,0x7fff,0x7fff,0x7fff,0x7fff,0x7fff,0x7fff,0x7fff,
	0x7fff,0x7fff,0x7fff,0x7fff,0x7fff,0x7fff,0x7fff,0x7fff,0x7bff,0x77df,0x08ac,0x08b0,0x2d9a,0x2d9a,0x00af,0x00af,
	0x299a,0x2d7b,0x2d7b,0x2d7b,0x2d7b,0x2d7b,0x2d7b,0x2d7b,0x2d7b,0x2d7b,0x2d7b,0x2d7b,0x2d7b,0x2d7b,0x2d7b,0x2d7b,
	0x2d7b,0x2d7b,0x2d7b,0x2d7b,0x2d7b,0x2d7b,0x2d7b,0x2d7b,0x2d7b,0x2d7b,0x2d7b,0x2d7b,0x2d7b,0x2d7b,0x2d7b,0x2d7b,
	0x2d7b,0x2d7b,0x2d7b,0x2d7b,0x2d7b,0x2d7b,0x2d7b,0x2d7b,0x2d7b,0x2d7b,0x2d7b,0x2d7b,0x2d7b,0x2d7b,0x2d7b,0x2d7b,
	0x2d7b,0x2d7b,0x317b,0x317c,0x317c,0x317c,0x2d7b,0x2d9a,0x29b9,0x04b0,0x04b0,0x29b8,0x2db9,0x08ae,0x08cb,0x6fdf,
	0x7bff,0x7fff,0x7fff,0x7fff,0x7fff,0x7fff,0x7fff,0x7fff,0x7fff,0x7fff,0x7fff,0x7fff,0x7fff,0x7fff,0x7fff,0x7fff,
	0x7fff,0x7fff,0x7fff,0x7fff,0x7fff,0x7fff,0x7fff,0x7fff,0x7fff,0x7fff,0x7fff,0x7fff,0x7fff,0x7fff,0x7fff,0x7fff,
	0x7fff,0x7fff,0x7fff,0x7fff,0x7fff,0x7fff,0x7fff,0x7fff,0x7fff,0x7fff,0x7fff,0x7fff,0x7fff,0x7fff,0x7fff,0x7fff,
	0x7fff,0x7fff,0x7fff,0x7fff,0x7fff,0x7fff,0x7fff,0x7fff,0x7fff,0x7fff,0x7fff,0x7bff,0x6fdf,0x10ec,0x08ae,0x29b8,
	0x29b8,0x08b0,0x048f,0x2d99,0x2d9a,0x2d7a,0x317b,0x319b,0x317b,0x317b,0x2d7b,0x2d7b,0x2d7b,0x2d7b,0x2d7c,0x2d7c,
	0x2d7b,0x2d7b,0x2d7b,0x2d7b,0x2d7b,0x2d7b,0x2d7b,0x2d7b,0x2d7b,0x2d7b,0x2d7b,0x2d7b,0x2d7b,0x2d7b,0x2d7b,0x2d7b,
	0x317b,0x317b,0x2d7b,0x2d7c,0x317c,0x2d7a,0x04af,0x00ae,0x299a,0x2d9a,0x04ae,0x08cc,0x77ff,0x7fff,0x7fff,0x7ffe,
	0x7fff,0x7fff,0x7fff,0x7fff,0x7fff,0x7fff,0x7fff,0x7fff,0x7fff,0x7fff,0x7fff,0x7fff,0x7fff,0x7fff,0x7fff,0x7fff,
	0x7fff,0x7fff,0x7fff,0x7fff,0x7fff,0x7fff,0x7fff,0x7fff,0x7fff,0x7fff,0x7fff,0x7fff,0x7fff,0x7fff,0x7fff,0x7fff,
	0x7fff,0x7fff,0x7fff,0x7fff,0x7fff,0x7fff,0x7fff,0x7fff,0x7fff,0x7fff,0x7fff,0x7fff,0x7fff,0x7fff,0x7fff,0x7fff,
	0x7fff,0x7fff,0x7fff,0x7fff,0x7fff,0x7fff,0x7fff,0x7fff,0x7fff,0x7bff,0x04ac,0x048f,0x319b,0x299a,0x00af,0x00af,
	0x299a,0x2d7b,0x2d7b,0x2d7b,0x2d7b,0x2d7b,0x2d7b,0x2d7b,0x2d7b,0x2d7b,0x2d7b,0x2d7b,0x2d7b,0x2d7b,0x2d7b,0x2d7b,
	0x2d7b,0x2d7b,0x2d7b,0x2d7b,0x2d7b,0x2d7b,0x2d7b,0x2d7b,0x2d7b,0x2d7b,0x2d7b,0x2d7b,0x2d7b,0x2d7b,0x2d7b,0x2d7b,
	0x2d7b,0x2d7b,0x2d7b,0x2d7b,0x2d7b,0x2d7b,0x2d7b,0x2d7b,0x2d7b,0x2d7b,0x2d7b,0x2d7b,0x2d7b,0x2d7b,0x2d7b,0x2d7b,
	0x2d7b,0x2d7b,0x317b,0x317b,0x317c,0x317c,0x317b,0x2d9a,0x29b9,0x048f,0x0490,0x29b9,0x2598,0x08af,0x0ccc,0x73df,
	0x7bff,0x7fff,0x7fff,0x7fff,0x7fff,0x7fff,0x7fff,0x7fff,0x7fff,0x7fff,0x7fff,0x7fff,0x7fff,0x7fff,0x7fff,0x7fff,
	0x7fff,0x7fff,0x7fff,0x7fff,0x7fff,0x7fff,0x7fff,0x7fff,0x7fff,0x7fff,0x7fff,0x7fff,0x7fff,0x7fff,0x7fff,0x7fff,
	0x7fff,0x7fff,0x7fff,0x7fff,0x7fff,0x7fff,0x7fff,0x7fff,0x7fff,0x7fff,0x7fff,0x7fff,0x7fff,0x7fff,0x7fff,0x7fff,
	0x7fff,0x7fff,0x7fff,0x7fff,0x7fff,0x7fff,0x7fff,0x7fff,0x7fff,0x7fff,0x7fff,0x77ff,0x73df,0x0ccb,0x08ae,0x29b8,
	0x25b7,0x08b0,0x048f,0x2999,0x2d9a,0x2d7b,0x319b,0x2d7a,0x317b,0x317b,0x2d7b,0x2d7b,0x2d7b,0x2d7b,0x2d7b,0x2d7b,
	0x2d7b,0x2d7b,0x2d7b,0x2d7b,0x2d7b,0x2d7b,0x2d7b,0x2d7b,0x2d7b,0x2d7b,0x2d7b,0x2d7b,0x2d7b,0x2d7b,0x2d7b,0x2d7b,
	0x317b,0x317b,0x2d7b,0x2d7b,0x317c,0x2d7a,0x04af,0x00ae,0x299a,0x299a,0x04ae,0x0cec,0x73df,0x7fff,0x7fff,0x7ffe,
	0x7fff,0x7fff,0x7fff,0x7fff,0x7fff,0x7fff,0x7fff,0x7fff,0x7fff,0x7fff,0x7fff,0x7fff,0x7fff,0x7fff,0x7fff,0x7fff,
	0x7fff,0x7fff,0x7fff,0x7fff,0x7fff,0x7fff,0x7fff,0x7fff,0x7fff,0x7fff,0x7fff,0x7fff,0x7fff,0x7fff,0x7fff,0x7fff,
	0x7fff,0x7fff,0x7fff,0x7fff,0x7fff,0x7fff,0x7fff,0x7fff,0x7fff,0x7fff,0x7fff,0x7fff,0x7fff,0x7fff,0x7fff,0x7fff,
	0x7fff,0x7fff,0x7fff,0x7fff,0x7fff,0x7fff,0x7fff,0x7fff,0x7fff,0x77df,0x08cc,0x08d0,0x2979,0x299a,0x00af,0x00af,
	0x299a,0x2d7b,0x2d7b,0x2d7b,0x2d7b,0x2d7b,0x2d7b,0x2d7b,0x2d7b,0x2d7b,0x2d7b,0x2d7b,0x2d7b,0x2d7b,0x2d7b,0x2d7b,
	0x2d7b,0x2d7b,0x2d7b,0x2d7b,0x2d7b,0x2d7b,0x2d7b,0x2d7b,0x2d7b,0x2d7b,0x2d7b,0x2d7b,0x2d7b,0x2d7b,0x2d7b,0x2d7b,
	0x2d7b,0x2d7b,0x2d7b,0x2d7b,0x2d7b,0x2d7b,0x2d7b,0x2d7b,0x2d7b,0x2d7b,0x2d7b,0x2d7b,0x2d7b,0x2d7b,0x2d7b,0x2d7b,
	0x2d7b,0x2d7b,0x317b,0x317b,0x2d7b,0x2d7b,0x317b,0x2d9a,0x2999,0x04b0,0x04b0,0x25b8,0x29b8,0x08ae,0x0ccb,0x73df,
	0x7bff,0x7fff,0x7fff,0x7fff,0x7fff,0x7fff,0x7fff,0x7fff,0x7fff,0x7fff,0x7fff,0x7fff,0x7fff,0x7fff,0x7fff,0x7fff,
	0x7fff,0x7fff,0x7fff,0x7fff,0x7fff,0x7fff,0x7fff,0x7fff,0x7fff,0x7fff,0x7fff,0x7fff,0x7fff,0x7fff,0x7fff,0x7fff,
	0x7fff,0x7fff,0x7fff,0x7fff,0x7fff,0x7fff,0x7fff,0x7fff,0x7fff,0x7fff,0x7fff,0x7fff,0x7fff,0x7fff,0x7fff,0x7fff,
	0x7fff,0x7fff,0x7fff,0x7fff,0x7fff,0x7fff,0x7fff,0x7fff,0x7fff,0x7fff,0x7fff,0x7bff,0x73df,0x10cb,0x08ae,0x29b8,
	0x29b8,0x04af,0x048f,0x2db9,0x2d9a,0x2d7b,0x317b,0x317b,0x317b,0x317b,0x2d7b,0x2d7b,0x2d7b,0x2d7b,0x2d7b,0x2d7b,
	0x2d7b,0x2d7b,0x2d7b,0x2d7b,0x2d7b,0x2d7b,0x2d7b,0x2d7b,0x2d7b,0x2d7b,0x2d7b,0x2d7b,0x2d7b,0x2d7b,0x2d7b,0x2d7b,
	0x2d7b,0x2d7b,0x317b,0x2d7b,0x317b,0x2d9a,0x04af,0x00af,0x299a,0x299a,0x04af,0x08cc,0x73ff,0x7fff,0x7fff,0x7fff,
	0x7fff,0x7fff,0x7fff,0x7fff,0x7fff,0x7fff,0x7fff,0x7fff,0x7fff,0x7fff,0x7fff,0x7fff,0x7fff,0x7fff,0x7fff,0x7fff,
	0x7fff,0x7fff,0x7fff,0x7fff,0x7fff,0x7fff,0x7fff,0x7fff,0x7fff,0x7fff,0x7fff,0x7fff,0x7fff,0x7fff,0x7fff,0x7fff,
	0x7fff,0x7fff,0x7fff,0x7fff,0x7fff,0x7fff,0x7fff,0x7fff,0x7fff,0x7fff,0x7fff,0x7fff,0x7fff,0x7fff,0x7fff,0x7fff,
	0x7fff,0x7fff,0x7fff,0x7fff,0x7fff,0x7fff,0x7fff,0x7fff,0x7fff,0x77ff,0x08cc,0x04af,0x2d9a,0x2d9a,0x00af,0x00af,
	0x299a,0x2d7b,0x2d7b,0x2d7b,0x2d7b,0x2d7b,0x2d7b,0x2d7b,0x2d7b,0x2d7b,0x2d7b,0x2d7b,0x2d7b,0x2d7b,0x2d7b,0x2d7b,
	0x2d7b,0x2d7b,0x2d7b,0x2d7b,0x2d7b,0x2d7b,0x2d7b,0x2d7b,0x2d7b,0x2d7b,0x2d7b,0x2d7b,0x2d7b,0x2d7b,0x2d7b,0x2d7b,
	0x2d7b,0x2d7b,0x2d7b,0x2d7b,0x2d7b,0x2d7b,0x2d7b,0x2d7b,0x2d7b,0x2d7b,0x2d7b,0x2d7b,0x2d7b,0x2d7b,0x2d7b,0x2d7b,
	0x2d7b,0x2d7b,0x317b,0x2d7b,0x2d7b,0x2d7b,0x317b,0x2d9a,0x2999,0x04b0,0x04b0,0x25b8,0x29b8,0x08ae,0x0ccb,0x73df,
	0x7bff,0x7fff,0x7fff,0x7fff,0x7fff,0x7fff,0x7fff,0x7fff,0x7fff,0x7fff,0x7fff,0x7fff,0x7fff,0x7fff,0x7fff,0x7fff,
	0x7fff,0x7fff,0x7fff,0x7fff,0x7fff,0x7fff,0x7fff,0x7fff,0x7fff,0x7fff,0x7fff,0x7fff,0x7fff,0x7fff,0x7fff,0x7fff,
	0x7fff,0x7fff,0x7fff,0x7fff,0x7fff,0x7fff,0x7fff,0x7fff,0x7fff,0x7fff,0x7fff,0x7fff,0x7fff,0x7fff,0x7fff,0x7fff,
	0x7fff,0x7fff,0x7fff,0x7fff,0x7fff,0x7fff,0x7fff,0x7fff,0x7fff,0x7fff,0x7fff,0x7bff,0x73df,0x10cb,0x08ae,0x29b8,
	0x29b8,0x04af,0x04af,0x2db8,0x2d7a,0x2d7b,0x317b,0x317b,0x317b,0x317b,0x2d7b,0x2d7b,0x2d7b,0x2d7b,0x2d7b,0x2d7b,
	0x2d7b,0x2d7b,0x2d7b,0x2d7b,0x2d7b,0x2d7b,0x2d7b,0x2d7b,0x2d7b,0x2d7b,0x2d7b,0x2d7b,0x2d7b,0x2d7b,0x2d7b,0x2d7b,
	0x2d7b,0x2d7b,0x317b,0x2d7b,0x2d7b,0x299a,0x00af,0x00af,0x2d9a,0x2d9a,0x04af,0x08cc,0x73ff,0x7fff,0x7fff,0x7fff,
	0x7fff,0x7fff,0x7fff,0x7fff,0x7fff,0x7fff,0x7fff,0x7fff,0x7fff,0x7fff,0x7fff,0x7fff,0x7fff,0x7fff,0x7fff,0x7fff,
	0x7fff,0x7fff,0x7fff,0x7fff,0x7fff,0x7fff,0x7fff,0x7fff,0x7fff,0x7fff,0x7fff,0x7fff,0x7fff,0x7fff,0x7fff,0x7fff,
	0x7fff,0x7fff,0x7fff,0x7fff,0x7fff,0x7fff,0x7fff,0x7fff,0x7fff,0x7fff,0x7fff,0x7fff,0x7fff,0x7fff,0x7fff,0x7fff,
	0x7fff,0x7fff,0x7fff,0x7fff,0x7fff,0x7fff,0x7fff,0x7fff,0x7fff,0x77ff,0x08cc,0x04af,0x2d9a,0x2d9a,0x00af,0x00af,
	0x299a,0x2d7b,0x2d7b,0x2d7b,0x2d7b,0x2d7b,0x2d7b,0x2d7b,0x2d7b,0x2d7b,0x2d7b,0x2d7b,0x2d7b,0x2d7b,0x2d7b,0x2d7b,
	0x2d7b,0x2d7b,0x2d7b,0x2d7b,0x2d7b,0x2d7b,0x2d7b,0x2d7b,0x2d7b,0x2d7b,0x2d7b,0x2d7b,0x2d7b,0x2d7b,0x2d7b,0x2d7b,
	0x2d7b,0x2d7b,0x2d7b,0x2d7b,0x2d7b,0x2d7b,0x2d7b,0x2d7b,0x2d7b,0x2d7b,0x2d7b,0x2d7b,0x2d7b,0x2d7b,0x2d7b,0x2d7b,
	0x2d7b,0x2d7b,0x317b,0x2d7b,0x2d7b,0x2d7b,0x317b,0x2d9a,0x2999,0x04b0,0x04b0,0x25b8,0x29b8,0x08ae,0x0ccb,0x73df,
	0x7bff,0x7fff,0x7fff,0x7fff,0x7fff,0x7fff,0x7fff,0x7fff,0x7fff,0x7fff,0x7fff,0x7fff,0x7fff,0x7fff,0x7fff,0x7fff,
	0x7fff,0x7fff,0x7fff,0x7fff,0x7fff,0x7fff,0x7fff,0x7fff,0x7fff,0x7fff,0x7fff,0x7fff,0x7fff,0x7fff,0x7fff,0x7fff,
	0x7fff,0x7fff,0x7fff,0x7fff,0x7fff,0x7fff,0x7fff,0x7fff,0x7fff,0x7fff,0x7fff,0x7fff,0x7fff,0x7fff,0x7fff,0x7fff,
	0x7fff,0x7fff,0x7fff,0x7fff,0x7fff,0x7fff,0x7fff,0x7fff,0x7fff,0x7fff,0x7fff,0x7bff,0x73df,0x10cb,0x08ae,0x29b8,
	0x29b8,0x04af,0x04af,0x2db8,0x2d7a,0x2d7b,0x317b,0x317b,0x317b,0x317b,0x2d7b,0x2d7b,0x2d7b,0x2d7b,0x2d7b,0x2d7b,
	0x2d7b,0x2d7b,0x2d7b,0x2d7b,0x2d7b,0x2d7b,0x2d7b,0x2d7b,0x2d7b,0x2d7b,0x2d7b,0x2d7b,0x2d7b,0x2d7b,0x2d7b,0x2d7b,
	0x2d7b,0x2d7b,0x317b,0x2d7b,0x2d7b,0x299a,0x00af,0x00af,0x2d9a,0x2d9a,0x04af,0x08cc,0x73ff,0x7fff,0x7fff,0x7fff,
	0x7fff,0x7fff,0x7fff,0x7fff,0x7fff,0x7fff,0x7fff,0x7fff,0x7fff,0x7fff,0x7fff,0x7fff,0x7fff,0x7fff,0x7fff,0x7fff,
	0x7fff,0x7fff,0x7fff,0x7fff,0x7fff,0x7fff,0x7fff,0x7fff,0x7fff,0x7fff,0x7fff,0x7fff,0x7fff,0x7fff,0x7fff,0x7fff,
	0x7fff,0x7fff,0x7fff,0x7fff,0x7fff,0x7fff,0x7fff,0x7fff,0x7fff,0x7fff,0x7fff,0x7fff,0x7fff,0x7fff,0x7fff,0x7fff,
	0x7fff,0x7fff,0x7fff,0x7fff,0x7fff,0x7fff,0x7fff,0x7fff,0x7fff,0x77ff,0x08cc,0x04af,0x2d9a,0x2d9a,0x00af,0x00af,
	0x299a,0x2d7b,0x2d7b,0x2d7b,0x2d7b,0x2d7b,0x2d7b,0x2d7b,0x2d7b,0x2d7b,0x2d7b,0x2d7b,0x2d7b,0x2d7b,0x2d7b,0x2d7b,
	0x2d7b,0x2d7b,0x2d7b,0x2d7b,0x2d7b,0x2d7b,0x2d7b,0x2d7b,0x2d7b,0x2d7b,0x2d7b,0x2d7b,0x2d7b,0x2d7b,0x2d7b,0x2d7b,
	0x2d7b,0x2d7b,0x2d7b,0x2d7b,0x2d7b,0x2d7b,0x2d7b,0x2d7b,0x2d7b,0x2d7b,0x2d7b,0x2d7b,0x2d7b,0x2d7b,0x2d7b,0x2d7b,
	0x2d7b,0x2d7b,0x317b,0x2d7b,0x2d7b,0x2d7b,0x317b,0x2d9a,0x2999,0x04b0,0x04b0,0x25b8,0x29b8,0x08ae,0x0ccb,0x73df,
	0x7bff,0x7fff,0x7fff,0x7fff,0x7fff,0x7fff,0x7fff,0x7fff,0x7fff,0x7fff,0x7fff,0x7fff,0x7fff,0x7fff,0x7fff,0x7fff,
	0x7fff,0x7fff,0x7fff,0x7fff,0x7fff,0x7fff,0x7fff,0x7fff,0x7fff,0x7fff,0x7fff,0x7fff,0x7fff,0x7fff,0x7fff,0x7fff,
	0x7fff,0x7fff,0x7fff,0x7fff,0x7fff,0x7fff,0x7fff,0x7fff,0x7fff,0x7fff,0x7fff,0x7fff,0x7fff,0x7fff,0x7fff,0x7fff,
	0x7fff,0x7fff,0x7fff,0x7fff,0x7fff,0x7fff,0x7fff,0x7fff,0x7fff,0x7fff,0x7fff,0x7bff,0x73df,0x10cb,0x08ae,0x29b8,
	0x29b8,0x04af,0x04af,0x2db8,0x2d7a,0x2d7b,0x317b,0x317b,0x317b,0x317b,0x2d7b,0x2d7b,0x2d7b,0x2d7b,0x2d7b,0x2d7b,
	0x2d7b,0x2d7b,0x2d7b,0x2d7b,0x2d7b,0x2d7b,0x2d7b,0x2d7b,0x2d7b,0x2d7b,0x2d7b,0x2d7b,0x2d7b,0x2d7b,0x2d7b,0x2d7b,
	0x2d7b,0x2d7b,0x317b,0x2d7b,0x2d7b,0x299a,0x00af,0x00af,0x2d9a,0x2d9a,0x04af,0x08cc,0x73ff,0x7fff,0x7fff,0x7fff,
	0x7fff,0x7fff,0x7fff,0x7fff,0x7fff,0x7fff,0x7fff,0x7fff,0x7fff,0x7fff,0x7fff,0x7fff,0x7fff,0x7fff,0x7fff,0x7fff,
	0x7fff,0x7fff,0x7fff,0x7fff,0x7fff,0x7fff,0x7fff,0x7fff,0x7fff,0x7fff,0x7fff,0x7fff,0x7fff,0x7fff,0x7fff,0x7fff,
	0x7fff,0x7fff,0x7fff,0x7fff,0x7fff,0x7fff,0x7fff,0x7fff,0x7fff,0x7fff,0x7fff,0x7fff,0x7fff,0x7fff,0x7fff,0x7fff,
	0x7fff,0x7fff,0x7fff,0x7fff,0x7fff,0x7fff,0x7fff,0x7fff,0x7fff,0x77ff,0x08cc,0x04af,0x2d9a,0x2d9a,0x00af,0x00af,
	0x299a,0x2d7b,0x2d7b,0x2d7b,0x2d7b,0x2d7b,0x2d7b,0x2d7b,0x2d7b,0x2d7b,0x2d7b,0x2d7b,0x2d7b,0x2d7b,0x2d7b,0x2d7b,
	0x2d7b,0x2d7b,0x2d7b,0x2d7b,0x2d7b,0x2d7b,0x2d7b,0x2d7b,0x2d7b,0x2d7b,0x2d7b,0x2d7b,0x2d7b,0x2d7b,0x2d7b,0x2d7b,
	0x2d7b,0x2d7b,0x2d7b,0x2d7b,0x2d7b,0x2d7b,0x2d7b,0x2d7b,0x2d7b,0x2d7b,0x2d7b,0x2d7b,0x2d7b,0x2d7b,0x2d7b,0x2d7b,
	0x2d7b,0x2d7b,0x317b,0x2d7b,0x2d7b,0x2d7b,0x317b,0x2d9a,0x2999,0x04b0,0x04b0,0x25b8,0x29b8,0x08ae,0x0ccb,0x73df,
	0x7bff,0x7fff,0x7fff,0x7fff,0x7fff,0x7fff,0x7fff,0x7fff,0x7fff,0x7fff,0x7fff,0x7fff,0x7fff,0x7fff,0x7fff,0x7fff,
	0x7fff,0x7fff,0x7fff,0x7fff,0x7fff,0x7fff,0x7fff,0x7fff,0x7fff,0x7fff,0x7fff,0x7fff,0x7fff,0x7fff,0x7fff,0x7fff,
	0x7fff,0x7fff,0x7fff,0x7fff,0x7fff,0x7fff,0x7fff,0x7fff,0x7fff,0x7fff,0x7fff,0x7fff,0x7fff,0x7fff,0x7fff,0x7fff,
	0x7fff,0x7fff,0x7fff,0x7fff,0x7fff,0x7fff,0x7fff,0x7fff,0x7fff,0x7fff,0x7fff,0x7bff,0x73df,0x10cb,0x08ae,0x29b8,
	0x29b8,0x04af,0x04af,0x2db8,0x2d7a,0x2d7b,0x317b,0x317b,0x317b,0x317b,0x2d7b,0x2d7b,0x2d7b,0x2d7b,0x2d7b,0x2d7b,
	0x2d7b,0x2d7b,0x2d7b,0x2d7b,0x2d7b,0x2d7b,0x2d7b,0x2d7b,0x2d7b,0x2d7b,0x2d7b,0x2d7b,0x2d7b,0x2d7b,0x2d7b,0x2d7b,
	0x2d7b,0x2d7b,0x317b,0x2d7b,0x2d7b,0x299a,0x00af,0x00af,0x2d9a,0x2d9a,0x04af,0x08cc,0x73ff,0x7fff,0x7fff,0x7fff,
	0x7fff,0x7fff,0x7fff,0x7fff,0x7fff,0x7fff,0x7fff,0x7fff,0x7fff,0x7fff,0x7fff,0x7fff,0x7fff,0x7fff,0x7fff,0x7fff,
	0x7fff,0x7fff,0x7fff,0x7fff,0x7fff,0x7fff,0x7fff,0x7fff,0x7fff,0x7fff,0x7fff,0x7fff,0x7fff,0x7fff,0x7fff,0x7fff,
	0x7fff,0x7fff,0x7fff,0x7fff,0x7fff,0x7fff,0x7fff,0x7fff,0x7fff,0x7fff,0x7fff,0x7fff,0x7fff,0x7fff,0x7fff,0x7fff,
	0x7fff,0x7fff,0x7fff,0x7fff,0x7fff,0x7fff,0x7fff,0x7fff,0x7fff,0x77ff,0x08cc,0x04af,0x2d9a,0x2d9a,0x00af,0x00af,
	0x299a,0x2d7b,0x2d7b,0x2d7b,0x2d7b,0x2d7b,0x2d7b,0x2d7b,0x2d7b,0x2d7b,0x2d7b,0x2d7b,0x2d7b,0x2d7b,0x2d7b,0x2d7b,
	0x2d7b,0x2d7b,0x2d7b,0x2d7b,0x2d7b,0x2d7b,0x2d7b,0x2d7b,0x2d7b,0x2d7b,0x2d7b,0x2d7b,0x2d7b,0x2d7b,0x2d7b,0x2d7b,
	0x2d7b,0x2d7b,0x2d7b,0x2d7b,0x2d7b,0x2d7b,0x2d7b,0x2d7b,0x2d7b,0x2d7b,0x2d7b,0x2d7b,0x2d7b,0x2d7b,0x2d7b,0x2d7b,
	0x2d7b,0x2d7b,0x317b,0x2d7b,0x2d7b,0x2d7b,0x317b,0x2d9a,0x2999,0x04b0,0x04b0,0x25b8,0x29b8,0x08ae,0x0ccb,0x73df,
	0x7bff,0x7fff,0x7fff,0x7fff,0x7fff,0x7fff,0x7fff,0x7fff,0x7fff,0x7fff,0x7fff,0x7fff,0x7fff,0x7fff,0x7fff,0x7fff,
	0x7fff,0x7fff,0x7fff,0x7fff,0x7fff,0x7fff,0x7fff,0x7fff,0x7fff,0x7fff,0x7fff,0x7fff,0x7fff,0x7fff,0x7fff,0x7fff,
	0x7fff,0x7fff,0x7fff,0x7fff,0x7fff,0x7fff,0x7fff,0x7fff,0x7fff,0x7fff,0x7fff,0x7fff,0x7fff,0x7fff,0x7fff,0x7fff,
	0x7fff,0x7fff,0x7fff,0x7fff,0x7fff,0x7fff,0x7fff,0x7fff,0x7fff,0x7fff,0x7fff,0x7bff,0x73df,0x10cb,0x08ae,0x29b8,
	0x29b8,0x04af,0x04af,0x2db8,0x2d7a,0x2d7b,0x317b,0x317b,0x317b,0x317b,0x2d7b,0x2d7b,0x2d7b,0x2d7b,0x2d7b,0x2d7b,
	0x2d7b,0x2d7b,0x2d7b,0x2d7b,0x2d7b,0x2d7b,0x2d7b,0x2d7b,0x2d7b,0x2d7b,0x2d7b,0x2d7b,0x2d7b,0x2d7b,0x2d7b,0x2d7b,
	0x2d7b,0x2d7b,0x317b,0x2d7b,0x2d7b,0x299a,0x00af,0x00af,0x2d9a,0x2d9a,0x04af,0x08cc,0x73ff,0x7fff,0x7fff,0x7fff,
	0x7fff,0x7fff,0x7fff,0x7fff,0x7fff,0x7fff,0x7fff,0x7fff,0x7fff,0x7fff,0x7fff,0x7fff,0x7fff,0x7fff,0x7fff,0x7fff,
	0x7fff,0x7fff,0x7fff,0x7fff,0x7fff,0x7fff,0x7fff,0x7fff,0x7fff,0x7fff,0x7fff,0x7fff,0x7fff,0x7fff,0x7fff,0x7fff,
	0x7fff,0x7fff,0x7fff,0x7fff,0x7fff,0x7fff,0x7fff,0x7fff,0x7fff,0x7fff,0x7fff,0x7fff,0x7fff,0x7fff,0x7fff,0x7fff,
	0x7fff,0x7fff,0x7fff,0x7fff,0x7fff,0x7fff,0x7fff,0x7fff,0x7fff,0x77ff,0x08cc,0x04af,0x2d9a,0x2d9a,0x00af,0x00af,
	0x299a,0x2d7b,0x2d7b,0x2d7b,0x2d7b,0x2d7b,0x2d7b,0x2d7b,0x2d7b,0x2d7b,0x2d7b,0x2d7b,0x2d7b,0x2d7b,0x2d7b,0x2d7b,
	0x2d7b,0x2d7b,0x2d7b,0x2d7b,0x2d7b,0x2d7b,0x2d7b,0x2d7b,0x2d7b,0x2d7b,0x2d7b,0x2d7b,0x2d7b,0x2d7b,0x2d7b,0x2d7b,
	0x2d7b,0x2d7b,0x2d7b,0x2d7b,0x2d7b,0x2d7b,0x2d7b,0x2d7b,0x2d7b,0x2d7b,0x2d7b,0x2d7b,0x2d7b,0x2d7b,0x2d7b,0x2d7b,
	0x2d7b,0x2d7b,0x317b,0x2d7b,0x2d7b,0x2d7b,0x317b,0x2d9a,0x2999,0x04b0,0x04b0,0x25b8,0x29b8,0x08ae,0x0ccb,0x73df,
	0x7bff,0x7fff,0x7fff,0x7fff,0x7fff,0x7fff,0x7fff,0x7fff,0x7fff,0x7fff,0x7fff,0x7fff,0x7fff,0x7fff,0x7fff,0x7fff,
	0x7fff,0x7fff,0x7fff,0x7fff,0x7fff,0x7fff,0x7fff,0x7fff,0x7fff,0x7fff,0x7fff,0x7fff,0x7fff,0x7fff,0x7fff,0x7fff,
	0x7fff,0x7fff,0x7fff,0x7fff,0x7fff,0x7fff,0x7fff,0x7fff,0x7fff,0x7fff,0x7fff,0x7fff,0x7fff,0x7fff,0x7fff,0x7fff,
	0x7fff,0x7fff,0x7fff,0x7fff,0x7fff,0x7fff,0x7fff,0x7fff,0x7fff,0x7fff,0x7fff,0x7bff,0x73df,0x10cb,0x08ae,0x29b8,
	0x29b8,0x04af,0x04af,0x2db8,0x2d7a,0x2d7b,0x317b,0x317b,0x317b,0x317b,0x2d7b,0x2d7b,0x2d7b,0x2d7b,0x2d7b,0x2d7b,
	0x2d7b,0x2d7b,0x2d7b,0x2d7b,0x2d7b,0x2d7b,0x2d7b,0x2d7b,0x2d7b,0x2d7b,0x2d7b,0x2d7b,0x2d7b,0x2d7b,0x2d7b,0x2d7b,
	0x2d7b,0x2d7b,0x317b,0x2d7b,0x2d7b,0x299a,0x00af,0x00af,0x2d9a,0x2d9a,0x04af,0x08cc,0x73ff,0x7fff,0x7fff,0x7fff,
	0x7fff,0x7fff,0x7fff,0x7fff,0x7fff,0x7fff,0x7fff,0x7fff,0x7fff,0x7fff,0x7fff,0x7fff,0x7fff,0x7fff,0x7fff,0x7fff,
	0x7fff,0x7fff,0x7fff,0x7fff,0x7fff,0x7fff,0x7fff,0x7fff,0x7fff,0x7fff,0x7fff,0x7fff,0x7fff,0x7fff,0x7fff,0x7fff,
	0x7fff,0x7fff,0x7fff,0x7fff,0x7fff,0x7fff,0x7fff,0x7fff,0x7fff,0x7fff,0x7fff,0x7fff,0x7fff,0x7fff,0x7fff,0x7fff,
	0x7fff,0x7fff,0x7fff,0x7fff,0x7fff,0x7fff,0x7fff,0x7fff,0x7fff,0x77ff,0x08cc,0x04af,0x2d9a,0x2d9a,0x00af,0x00af,
	0x299a,0x2d7b,0x2d7b,0x2d7b,0x2d7b,0x2d7b,0x2d7b,0x2d7b,0x2d7b,0x2d7b,0x2d7b,0x2d7b,0x2d7b,0x2d7b,0x2d7b,0x2d7b,
	0x2d7b,0x2d7b,0x2d7b,0x2d7b,0x2d7b,0x2d7b,0x2d7b,0x2d7b,0x2d7b,0x2d7b,0x2d7b,0x2d7b,0x2d7b,0x2d7b,0x2d7b,0x2d7b,
	0x2d7b,0x2d7b,0x2d7b,0x2d7b,0x2d7b,0x2d7b,0x2d7b,0x2d7b,0x2d7b,0x2d7b,0x2d7b,0x2d7b,0x2d7b,0x2d7b,0x2d7b,0x2d7b,
	0x2d7b,0x2d7b,0x317b,0x2d7b,0x2d7b,0x2d7b,0x317b,0x2d9a,0x2999,0x04b0,0x04b0,0x25b8,0x29b8,0x08ae,0x0ccb,0x73df,
	0x7bff,0x7fff,0x7fff,0x7fff,0x7fff,0x7fff,0x7fff,0x7fff,0x7fff,0x7fff,0x7fff,0x7fff,0x7fff,0x7fff,0x7fff,0x7fff,
	0x7fff,0x7fff,0x7fff,0x7fff,0x7fff,0x7fff,0x7fff,0x7fff,0x7fff,0x7fff,0x7fff,0x7fff,0x7fff,0x7fff,0x7fff,0x7fff,
	0x7fff,0x7fff,0x7fff,0x7fff,0x7fff,0x7fff,0x7fff,0x7fff,0x7fff,0x7fff,0x7fff,0x7fff,0x7fff,0x7fff,0x7fff,0x7fff,
	0x7fff,0x7fff,0x7fff,0x7fff,0x7fff,0x7fff,0x7fff,0x7fff,0x7fff,0x7fff,0x7fff,0x7bff,0x73df,0x10cb,0x08ae,0x29b8,
	0x29b8,0x04af,0x04af,0x2db8,0x2d7a,0x2d7b,0x317b,0x317b,0x317b,0x317b,0x2d7b,0x2d7b,0x2d7b,0x2d7b,0x2d7b,0x2d7b,
	0x2d7b,0x2d7b,0x2d7b,0x2d7b,0x2d7b,0x2d7b,0x2d7b,0x2d7b,0x2d7b,0x2d7b,0x2d7b,0x2d7b,0x2d7b,0x2d7b,0x2d7b,0x2d7b,
	0x2d7b,0x2d7b,0x317b,0x2d7b,0x2d7b,0x299a,0x00af,0x00af,0x2d9a,0x2d9a,0x04af,0x08cc,0x73ff,0x7fff,0x7fff,0x7fff,
	0x7fff,0x7fff,0x7fff,0x7fff,0x7fff,0x7fff,0x7fff,0x7fff,0x7fff,0x7fff,0x7fff,0x7fff,0x7fff,0x7fff,0x7fff,0x7fff,
	0x7fff,0x7fff,0x7fff,0x7fff,0x7fff,0x7fff,0x7fff,0x7fff,0x7fff,0x7fff,0x7fff,0x7fff,0x7fff,0x7fff,0x7fff,0x7fff,
	0x7fff,0x7fff,0x7fff,0x7fff,0x7fff,0x7fff,0x7fff,0x7fff,0x7fff,0x7fff,0x7fff,0x7fff,0x7fff,0x7fff,0x7fff,0x7fff,
	0x7fff,0x7fff,0x7fff,0x7fff,0x7fff,0x7fff,0x7fff,0x7fff,0x7fff,0x77ff,0x08cc,0x04af,0x2d9a,0x2d9a,0x00af,0x00af,
	0x299a,0x2d7b,0x2d7b,0x2d7b,0x2d7b,0x2d7b,0x2d7b,0x2d7b,0x2d7b,0x2d7b,0x2d7b,0x2d7b,0x2d7b,0x2d7b,0x2d7b,0x2d7b,
	0x2d7b,0x2d7b,0x2d7b,0x2d7b,0x2d7b,0x2d7b,0x2d7b,0x2d7b,0x2d7b,0x2d7b,0x2d7b,0x2d7b,0x2d7b,0x2d7b,0x2d7b,0x2d7b,
	0x2d7b,0x2d7b,0x2d7b,0x2d7b,0x2d7b,0x2d7b,0x2d7b,0x2d7b,0x2d7b,0x2d7b,0x2d7b,0x2d7b,0x2d7b,0x2d7b,0x2d7b,0x2d7b,
	0x2d7b,0x2d7b,0x317b,0x2d7b,0x2d7b,0x2d7b,0x317b,0x2d9a,0x2999,0x04b0,0x04b0,0x25b8,0x29b8,0x08ae,0x0ccb,0x73df,
	0x7bff,0x7fff,0x7fff,0x7fff,0x7fff,0x7fff,0x7fff,0x7fff,0x7fff,0x7fff,0x7fff,0x7fff,0x7fff,0x7fff,0x7fff,0x7fff,
	0x7fff,0x7fff,0x7fff,0x7fff,0x7fff,0x7fff,0x7fff,0x7fff,0x7fff,0x7fff,0x7fff,0x7fff,0x7fff,0x7fff,0x7fff,0x7fff,
	0x7fff,0x7fff,0x7fff,0x7fff,0x7fff,0x7fff,0x7fff,0x7fff,0x7fff,0x7fff,0x7fff,0x7fff,0x7fff,0x7fff,0x7fff,0x7fff,
	0x7fff,0x7fff,0x7fff,0x7fff,0x7fff,0x7fff,0x7fff,0x7fff,0x7fff,0x7fff,0x7fff,0x7bff,0x73df,0x10cb,0x08ae,0x29b8,
	0x29b8,0x04af,0x04af,0x2db8,0x2d7a,0x2d7b,0x317b,0x317b,0x317b,0x317b,0x2d7b,0x2d7b,0x2d7b,0x2d7b,0x2d7b,0x2d7b,
	0x2d7b,0x2d7b,0x2d7b,0x2d7b,0x2d7b,0x2d7b,0x2d7b,0x2d7b,0x2d7b,0x2d7b,0x2d7b,0x2d7b,0x2d7b,0x2d7b,0x2d7b,0x2d7b,
	0x2d7b,0x2d7b,0x317b,0x2d7b,0x2d7b,0x299a,0x00af,0x00af,0x2d9a,0x2d9a,0x04af,0x08cc,0x73ff,0x7fff,0x7fff,0x7fff,
	0x7fff,0x7fff,0x7fff,0x7fff,0x7fff,0x7fff,0x7fff,0x7fff,0x7fff,0x7fff,0x7fff,0x7fff,0x7fff,0x7fff,0x7fff,0x7fff,
	0x7fff,0x7fff,0x7fff,0x7fff,0x7fff,0x7fff,0x7fff,0x7fff,0x7fff,0x7fff,0x7fff,0x7fff,0x7fff,0x7fff,0x7fff,0x7fff,
	0x7fff,0x7fff,0x7fff,0x7fff,0x7fff,0x7fff,0x7fff,0x7fff,0x7fff,0x7fff,0x7fff,0x7fff,0x7fff,0x7fff,0x7fff,0x7fff,
	0x7fff,0x7fff,0x7fff,0x7fff,0x7fff,0x7fff,0x7fff,0x7fff,0x7fff,0x77ff,0x08cc,0x04af,0x2d9a,0x2d9a,0x00af,0x00af,
	0x299a,0x2d7b,0x2d7b,0x2d7b,0x2d7b,0x2d7b,0x2d7b,0x2d7b,0x2d7b,0x2d7b,0x2d7b,0x2d7b,0x2d7b,0x2d7b,0x2d7b,0x2d7b,
	0x2d7b,0x2d7b,0x2d7b,0x2d7b,0x2d7b,0x2d7b,0x2d7b,0x2d7b,0x2d7b,0x2d7b,0x2d7b,0x2d7b,0x2d7b,0x2d7b,0x2d7b,0x2d7b,
	0x2d7b,0x2d7b,0x2d7b,0x2d7b,0x2d7b,0x2d7b,0x2d7b,0x2d7b,0x2d7b,0x2d7b,0x2d7b,0x2d7b,0x2d7b,0x2d7b,0x2d7b,0x2d7b,
	0x2d7b,0x2d7b,0x317b,0x2d7b,0x2d7b,0x2d7b,0x317b,0x2d9a,0x2999,0x04b0,0x04b0,0x25b8,0x29b8,0x08ae,0x0ccb,0x73df,
	0x7bff,0x7fff,0x7fff,0x7fff,0x7fff,0x7fff,0x7fff,0x7fff,0x7fff,0x7fff,0x7fff,0x7fff,0x7fff,0x7fff,0x7fff,0x7fff,
	0x7fff,0x7fff,0x7fff,0x7fff,0x7fff,0x7fff,0x7fff,0x7fff,0x7fff,0x7fff,0x7fff,0x7fff,0x7fff,0x7fff,0x7fff,0x7fff,
	0x7fff,0x7fff,0x7fff,0x7fff,0x7fff,0x7fff,0x7fff,0x7fff,0x7fff,0x7fff,0x7fff,0x7fff,0x7fff,0x7fff,0x7fff,0x7fff,
	0x7fff,0x7fff,0x7fff,0x7fff,0x7fff,0x7fff,0x7fff,0x7fff,0x7fff,0x7fff,0x7fff,0x7bff,0x73df,0x10cb,0x08ae,0x29b8,
	0x29b8,0x04af,0x04af,0x2db8,0x2d7a,0x2d7b,0x317b,0x317b,0x317b,0x317b,0x2d7b,0x2d7b,0x2d7b,0x2d7b,0x2d7b,0x2d7b,
	0x2d7b,0x2d7b,0x2d7b,0x2d7b,0x2d7b,0x2d7b,0x2d7b,0x2d7b,0x2d7b,0x2d7b,0x2d7b,0x2d7b,0x2d7b,0x2d7b,0x2d7b,0x2d7b,
	0x2d7b,0x2d7b,0x317b,0x2d7b,0x2d7b,0x299a,0x00af,0x00af,0x2d9a,0x2d9a,0x04af,0x08cc,0x73ff,0x7fff,0x7fff,0x7fff,
	0x7fff,0x7fff,0x7fff,0x7fff,0x7fff,0x7fff,0x7fff,0x7fff,0x7fff,0x7fff,0x7fff,0x7fff,0x7fff,0x7fff,0x7fff,0x7fff,
	0x7fff,0x7fff,0x7fff,0x7fff,0x7fff,0x7fff,0x7fff,0x7fff,0x7fff,0x7fff,0x7fff,0x7fff,0x7fff,0x7fff,0x7fff,0x7fff,
	0x7fff,0x7fff,0x7fff,0x7fff,0x7fff,0x7fff,0x7fff,0x7fff,0x7fff,0x7fff,0x7fff,0x7fff,0x7fff,0x7fff,0x7fff,0x7fff,
	0x7fff,0x7fff,0x7fff,0x7fff,0x7fff,0x7fff,0x7fff,0x7fff,0x7fff,0x77ff,0x08cc,0x04af,0x2d9a,0x2d9a,0x00af,0x00af,
	0x299a,0x2d7b,0x2d7b,0x2d7b,0x2d7b,0x2d7b,0x2d7b,0x2d7b,0x2d7b,0x2d7b,0x2d7b,0x2d7b,0x2d7b,0x2d7b,0x2d7b,0x2d7b,
	0x2d7b,0x2d7b,0x2d7b,0x2d7b,0x2d7b,0x2d7b,0x2d7b,0x2d7b,0x2d7b,0x2d7b,0x2d7b,0x2d7b,0x2d7b,0x2d7b,0x2d7b,0x2d7b,
	0x2d7b,0x2d7b,0x2d7b,0x2d7b,0x2d7b,0x2d7b,0x2d7b,0x2d7b,0x2d7b,0x2d7b,0x2d7b,0x2d7b,0x2d7b,0x2d7b,0x2d7b,0x2d7b,
	0x2d7b,0x2d7b,0x317b,0x2d7b,0x2d7b,0x2d7b,0x317b,0x2d9a,0x2999,0x04b0,0x04b0,0x25b8,0x29b8,0x08ae,0x0ccb,0x73df,
	0x7bff,0x7fff,0x7fff,0x7fff,0x7fff,0x7fff,0x7fff,0x7fff,0x7fff,0x7fff,0x7fff,0x7fff,0x7fff,0x7fff,0x7fff,0x7fff,
	0x7fff,0x7fff,0x7fff,0x7fff,0x7fff,0x7fff,0x7fff,0x7fff,0x7fff,0x7fff,0x7fff,0x7fff,0x7fff,0x7fff,0x7fff,0x7fff,
	0x7fff,0x7fff,0x7fff,0x7fff,0x7fff,0x7fff,0x7fff,0x7fff,0x7fff,0x7fff,0x7fff,0x7fff,0x7fff,0x7fff,0x7fff,0x7fff,
	0x7fff,0x7fff,0x7fff,0x7fff,0x7fff,0x7fff,0x7fff,0x7fff,0x7fff,0x7fff,0x7fff,0x7bff,0x73df,0x10cb,0x08ae,0x29b8,
	0x29b8,0x04af,0x04af,0x2db8,0x2d7a,0x2d7b,0x317b,0x317b,0x317b,0x317b,0x2d7b,0x2d7b,0x2d7b,0x2d7b,0x2d7b,0x2d7b,
	0x2d7b,0x2d7b,0x2d7b,0x2d7b,0x2d7b,0x2d7b,0x2d7b,0x2d7b,0x2d7b,0x2d7b,0x2d7b,0x2d7b,0x2d7b,0x2d7b,0x2d7b,0x2d7b,
	0x2d7b,0x2d7b,0x317b,0x2d7b,0x2d7b,0x299a,0x00af,0x00af,0x2d9a,0x2d9a,0x04af,0x08cc,0x73ff,0x7fff,0x7fff,0x7fff,
	0x7fff,0x7fff,0x7fff,0x7fff,0x7fff,0x7fff,0x7fff,0x7fff,0x7fff,0x7fff,0x7fff,0x7fff,0x7fff,0x7fff,0x7fff,0x7fff,
	0x7fff,0x7fff,0x7fff,0x7fff,0x7fff,0x7fff,0x7fff,0x7fff,0x7fff,0x7fff,0x7fff,0x7fff,0x7fff,0x7fff,0x7fff,0x7fff,
	0x7fff,0x7fff,0x7fff,0x7fff,0x7fff,0x7fff,0x7fff,0x7fff,0x7fff,0x7fff,0x7fff,0x7fff,0x7fff,0x7fff,0x7fff,0x7fff,
	0x7fff,0x7fff,0x7fff,0x7fff,0x7fff,0x7fff,0x7fff,0x7fff,0x7fff,0x77ff,0x08cc,0x04af,0x2d9a,0x2d9a,0x00af,0x00af,
	0x299a,0x2d7b,0x2d7b,0x2d7b,0x2d7b,0x2d7b,0x2d7b,0x2d7b,0x2d7b,0x2d7b,0x2d7b,0x2d7b,0x2d7b,0x2d7b,0x2d7b,0x2d7b,
	0x2d7b,0x2d7b,0x2d7b,0x2d7b,0x2d7b,0x2d7b,0x2d7b,0x2d7b,0x2d7b,0x2d7b,0x2d7b,0x2d7b,0x2d7b,0x2d7b,0x2d7b,0x2d7b,
	0x2d7b,0x2d7b,0x2d7b,0x2d7b,0x2d7b,0x2d7b,0x2d7b,0x2d7b,0x2d7b,0x2d7b,0x2d7b,0x2d7b,0x2d7b,0x2d7b,0x2d7b,0x2d7b,
	0x2d7b,0x2d7b,0x317b,0x2d7b,0x2d7b,0x2d7b,0x317b,0x2d9a,0x2999,0x04b0,0x04b0,0x25b8,0x29b8,0x08ae,0x0ccb,0x73df,
	0x7bff,0x7fff,0x7fff,0x7fff,0x7fff,0x7fff,0x7fff,0x7fff,0x7fff,0x7fff,0x7fff,0x7fff,0x7fff,0x7fff,0x7fff,0x7fff,
	0x7fff,0x7fff,0x7fff,0x7fff,0x7fff,0x7fff,0x7fff,0x7fff,0x7fff,0x7fff,0x7fff,0x7fff,0x7fff,0x7fff,0x7fff,0x7fff,
	0x7fff,0x7fff,0x7fff,0x7fff,0x7fff,0x7fff,0x7fff,0x7fff,0x7fff,0x7fff,0x7fff,0x7fff,0x7fff,0x7fff,0x7fff,0x7fff,
	0x7fff,0x7fff,0x7fff,0x7fff,0x7fff,0x7fff,0x7fff,0x7fff,0x7fff,0x7fff,0x7fff,0x7bff,0x73df,0x10cb,0x08ae,0x29b8,
	0x29b8,0x04af,0x04af,0x2db8,0x2d7a,0x2d7b,0x317b,0x317b,0x317b,0x317b,0x2d7b,0x2d7b,0x2d7b,0x2d7b,0x2d7b,0x2d7b,
	0x2d7b,0x2d7b,0x2d7b,0x2d7b,0x2d7b,0x2d7b,0x2d7b,0x2d7b,0x2d7b,0x2d7b,0x2d7b,0x2d7b,0x2d7b,0x2d7b,0x2d7b,0x2d7b,
	0x2d7b,0x2d7b,0x317b,0x2d7b,0x2d7b,0x299a,0x00af,0x00af,0x2d9a,0x2d9a,0x04af,0x08cc,0x73ff,0x7fff,0x7fff,0x7fff,
	0x7fff,0x7fff,0x7fff,0x7fff,0x7fff,0x7fff,0x7fff,0x7fff,0x7fff,0x7fff,0x7fff,0x7fff,0x7fff,0x7fff,0x7fff,0x7fff,
	0x7fff,0x7fff,0x7fff,0x7fff,0x7fff,0x7fff,0x7fff,0x7fff,0x7fff,0x7fff,0x7fff,0x7fff,0x7fff,0x7fff,0x7fff,0x7fff,
	0x7fff,0x7fff,0x7fff,0x7fff,0x7fff,0x7fff,0x7fff,0x7fff,0x7fff,0x7fff,0x7fff,0x7fff,0x7fff,0x7fff,0x7fff,0x7fff,
	0x7fff,0x7fff,0x7fff,0x7fff,0x7fff,0x7fff,0x7fff,0x7fff,0x7fff,0x77ff,0x08cc,0x04af,0x2d9a,0x2d9a,0x00af,0x00af,
	0x299a,0x2d7b,0x2d7b,0x2d7b,0x2d7b,0x2d7b,0x2d7b,0x2d7b,0x2d7b,0x2d7b,0x2d7b,0x2d7b,0x2d7b,0x2d7b,0x2d7b,0x2d7b,
	0x2d7b,0x2d7b,0x2d7b,0x2d7b,0x2d7b,0x2d7b,0x2d7b,0x2d7b,0x2d7b,0x2d7b,0x2d7b,0x2d7b,0x2d7b,0x2d7b,0x2d7b,0x2d7b,
	0x2d7b,0x2d7b,0x2d7b,0x2d7b,0x2d7b,0x2d7b,0x2d7b,0x2d7b,0x2d7b,0x2d7b,0x2d7b,0x2d7b,0x2d7b,0x2d7b,0x2d7b,0x2d7b,
	0x2d7b,0x2d7b,0x317b,0x2d7b,0x2d7b,0x2d7b,0x317b,0x2d9a,0x2999,0x04b0,0x04b0,0x25b8,0x29b8,0x08ae,0x0ccb,0x73df,
	0x7bff,0x7fff,0x7fff,0x7fff,0x7fff,0x7fff,0x7fff,0x7fff,0x7fff,0x7fff,0x7fff,0x7fff,0x7fff,0x7fff,0x7fff,0x7fff,
	0x7fff,0x7fff,0x7fff,0x7fff,0x7fff,0x7fff,0x7fff,0x7fff,0x7fff,0x7fff,0x7fff,0x7fff,0x7fff,0x7fff,0x7fff,0x7fff,
	0x7fff,0x7fff,0x7fff,0x7fff,0x7fff,0x7fff,0x7fff,0x7fff,0x7fff,0x7fff,0x7fff,0x7fff,0x7fff,0x7fff,0x7fff,0x7fff,
	0x7fff,0x7fff,0x7fff,0x7fff,0x7fff,0x7fff,0x7fff,0x7fff,0x7fff,0x7fff,0x7fff,0x7bff,0x73df,0x10cb,0x08ae,0x29b8,
	0x29b8,0x04af,0x04af,0x2db8,0x2d7a,0x2d7b,0x317b,0x317b,0x317b,0x317b,0x2d7b,0x2d7b,0x2d7b,0x2d7b,0x2d7b,0x2d7b,
	0x2d7b,0x2d7b,0x2d7b,0x2d7b,0x2d7b,0x2d7b,0x2d7b,0x2d7b,0x2d7b,0x2d7b,0x2d7b,0x2d7b,0x2d7b,0x2d7b,0x2d7b,0x2d7b,
	0x2d7b,0x2d7b,0x317b,0x2d7b,0x2d7b,0x299a,0x00af,0x00af,0x2d9a,0x2d9a,0x04af,0x08cc,0x73ff,0x7fff,0x7fff,0x7fff,
	0x7fff,0x7fff,0x7fff,0x7fff,0x7fff,0x7fff,0x7fff,0x7fff,0x7fff,0x7fff,0x7fff,0x7fff,0x7fff,0x7fff,0x7fff,0x7fff,
	0x7fff,0x7fff,0x7fff,0x7fff,0x7fff,0x7fff,0x7fff,0x7fff,0x7fff,0x7fff,0x7fff,0x7fff,0x7fff,0x7fff,0x7fff,0x7fff,
	0x7fff,0x7fff,0x7fff,0x7fff,0x7fff,0x7fff,0x7fff,0x7fff,0x7fff,0x7fff,0x7fff,0x7fff,0x7fff,0x7fff,0x7fff,0x7fff,
	0x7fff,0x7fff,0x7fff,0x7fff,0x7fff,0x7fff,0x7fff,0x7fff,0x7fff,0x77ff,0x08cc,0x04af,0x2d9a,0x2d9a,0x00af,0x00af,
	0x299a,0x2d7b,0x2d7b,0x2d7b,0x2d7b,0x2d7b,0x2d7b,0x2d7b,0x2d7b,0x2d7b,0x2d7b,0x2d7b,0x2d7b,0x2d7b,0x2d7b,0x2d7b,
	0x2d7b,0x2d7b,0x2d7b,0x2d7b,0x2d7b,0x2d7b,0x2d7b,0x2d7b,0x2d7b,0x2d7b,0x2d7b,0x2d7b,0x2d7b,0x2d7b,0x2d7b,0x2d7b,
	0x2d7b,0x2d7b,0x2d7b,0x2d7b,0x2d7b,0x2d7b,0x2d7b,0x2d7b,0x2d7b,0x2d7b,0x2d7b,0x2d7b,0x2d7b,0x2d7b,0x2d7b,0x2d7b,
	0x2d7b,0x2d7b,0x317b,0x2d7b,0x2d7b,0x2d7b,0x317b,0x2d9a,0x2999,0x04b0,0x04b0,0x25b8,0x29b8,0x08ae,0x0ccb,0x73df,
	0x7bff,0x7fff,0x7fff,0x7fff,0x7fff,0x7fff,0x7fff,0x7fff,0x7fff,0x7fff,0x7fff,0x7fff,0x7fff,0x7fff,0x7fff,0x7fff,
	0x7fff,0x7fff,0x7fff,0x7fff,0x7fff,0x7fff,0x7fff,0x7fff,0x7fff,0x7fff,0x7fff,0x7fff,0x7fff,0x7fff,0x7fff,0x7fff,
	0x7fff,0x7fff,0x7fff,0x7fff,0x7fff,0x7fff,0x7fff,0x7fff,0x7fff,0x7fff,0x7fff,0x7fff,0x7fff,0x7fff,0x7fff,0x7fff,
	0x7fff,0x7fff,0x7fff,0x7fff,0x7fff,0x7fff,0x7fff,0x7fff,0x7fff,0x7fff,0x7fff,0x7bff,0x73df,0x10cb,0x08ae,0x29b8,
	0x29b8,0x04af,0x04af,0x2db8,0x2d7a,0x2d7b,0x317b,0x317b,0x317b,0x317b,0x2d7b,0x2d7b,0x2d7b,0x2d7b,0x2d7b,0x2d7b,
	0x2d7b,0x2d7b,0x2d7b,0x2d7b,0x2d7b,0x2d7b,0x2d7b,0x2d7b,0x2d7b,0x2d7b,0x2d7b,0x2d7b,0x2d7b,0x2d7b,0x2d7b,0x2d7b,
	0x2d7b,0x2d7b,0x317b,0x2d7b,0x2d7b,0x299a,0x00af,0x00af,0x2d9a,0x2d9a,0x04af,0x08cc,0x73ff,0x7fff,0x7fff,0x7fff,
	0x7fff,0x7fff,0x7fff,0x7fff,0x7fff,0x7fff,0x7fff,0x7fff,0x7fff,0x7fff,0x7fff,0x7fff,0x7fff,0x7fff,0x7fff,0x7fff,
	0x7fff,0x7fff,0x7fff,0x7fff,0x7fff,0x7fff,0x7fff,0x7fff,0x7fff,0x7fff,0x7fff,0x7fff,0x7fff,0x7fff,0x7fff,0x7fff,
	0x7fff,0x7fff,0x7fff,0x7fff,0x7fff,0x7fff,0x7fff,0x7fff,0x7fff,0x7fff,0x7fff,0x7fff,0x7fff,0x7fff,0x7fff,0x7fff,
	0x7fff,0x7fff,0x7fff,0x7fff,0x7fff,0x7fff,0x7fff,0x7fff,0x7fff,0x77ff,0x08cc,0x04af,0x2d9a,0x2d9a,0x00af,0x00af,
	0x299a,0x2d7b,0x2d7b,0x2d7b,0x2d7b,0x2d7b,0x2d7b,0x2d7b,0x2d7b,0x2d7b,0x2d7b,0x2d7b,0x2d7b,0x2d7b,0x2d7b,0x2d7b,
	0x2d7b,0x2d7b,0x2d7b,0x2d7b,0x2d7b,0x2d7b,0x2d7b,0x2d7b,0x2d7b,0x2d7b,0x2d7b,0x2d7b,0x2d7b,0x2d7b,0x2d7b,0x2d7b,
	0x2d7b,0x2d7b,0x2d7b,0x2d7b,0x2d7b,0x2d7b,0x2d7b,0x2d7b,0x2d7b,0x2d7b,0x2d7b,0x2d7b,0x2d7b,0x2d7b,0x2d7b,0x2d7b,
	0x2d7b,0x2d7b,0x317b,0x2d7b,0x2d7b,0x2d7b,0x317b,0x2d9a,0x2999,0x04b0,0x04b0,0x25b8,0x29b8,0x08ae,0x0ccb,0x73df,
	0x7bff,0x7fff,0x7fff,0x7fff,0x7fff,0x7fff,0x7fff,0x7fff,0x7fff,0x7fff,0x7fff,0x7fff,0x7fff,0x7fff,0x7fff,0x7fff,
	0x7fff,0x7fff,0x7fff,0x7fff,0x7fff,0x7fff,0x7fff,0x7fff,0x7fff,0x7fff,0x7fff,0x7fff,0x7fff,0x7fff,0x7fff,0x7fff,
	0x7fff,0x7fff,0x7fff,0x7fff,0x7fff,0x7fff,0x7fff,0x7fff,0x7fff,0x7fff,0x7fff,0x7fff,0x7fff,0x7fff,0x7fff,0x7fff,
	0x7fff,0x7fff,0x7fff,0x7fff,0x7fff,0x7fff,0x7fff,0x7fff,0x7fff,0x7fff,0x7fff,0x7bff,0x73df,0x10cb,0x08ae,0x29b8,
	0x29b8,0x04af,0x04af,0x2db8,0x2d7a,0x2d7b,0x317b,0x317b,0x317b,0x317b,0x2d7b,0x2d7b,0x2d7b,0x2d7b,0x2d7b,0x2d7b,
	0x2d7b,0x2d7b,0x2d7b,0x2d7b,0x2d7b,0x2d7b,0x2d7b,0x2d7b,0x2d7b,0x2d7b,0x2d7b,0x2d7b,0x2d7b,0x2d7b,0x2d7b,0x2d7b,
	0x2d7b,0x2d7b,0x317b,0x2d7b,0x2d7b,0x299a,0x00af,0x00af,0x2d9a,0x2d9a,0x04af,0x08cc,0x73ff,0x7fff,0x7fff,0x7fff,
	0x7fff,0x7fff,0x7fff,0x7fff,0x7fff,0x7fff,0x7fff,0x7fff,0x7fff,0x7fff,0x7fff,0x7fff,0x7fff,0x7fff,0x7fff,0x7fff,
	0x7fff,0x7fff,0x7fff,0x7fff,0x7fff,0x7fff,0x7fff,0x7fff,0x7fff,0x7fff,0x7fff,0x7fff,0x7fff,0x7fff,0x7fff,0x7fff,
	0x7fff,0x7fff,0x7fff,0x7fff,0x7fff,0x7fff,0x7fff,0x7fff,0x7fff,0x7fff,0x7fff,0x7fff,0x7fff,0x7fff,0x7fff,0x7fff,
	0x7fff,0x7fff,0x7fff,0x7fff,0x7fff,0x7fff,0x7fff,0x7fff,0x7fff,0x77ff,0x08cc,0x04af,0x2d9a,0x2d9a,0x00af,0x00af,
	0x299a,0x2d7b,0x2d7b,0x2d7b,0x2d7b,0x2d7b,0x2d7b,0x2d7b,0x2d7b,0x2d7b,0x2d7b,0x2d7b,0x2d7b,0x2d7b,0x2d7b,0x2d7b,
	0x2d7b,0x2d7b,0x2d7b,0x2d7b,0x2d7b,0x2d7b,0x2d7b,0x2d7b,0x2d7b,0x2d7b,0x2d7b,0x2d7b,0x2d7b,0x2d7b,0x2d7b,0x2d7b,
	0x2d7b,0x2d7b,0x2d7b,0x2d7b,0x2d7b,0x2d7b,0x2d7b,0x2d7b,0x2d7b,0x2d7b,0x2d7b,0x2d7b,0x2d7b,0x2d7b,0x2d7b,0x2d7b,
	0x2d7b,0x2d7b,0x317b,0x2d7b,0x2d7b,0x2d7b,0x317b,0x2d9a,0x2999,0x04b0,0x04b0,0x25b8,0x29b8,0x08ae,0x0ccb,0x73df,
	0x7bff,0x7fff,0x7fff,0x7fff,0x7fff,0x7fff,0x7fff,0x7fff,0x7fff,0x7fff,0x7fff,0x7fff,0x7fff,0x7fff,0x7fff,0x7fff,
	0x7fff,0x7fff,0x7fff,0x7fff,0x7fff,0x7fff,0x7fff,0x7fff,0x7fff,0x7fff,0x7fff,0x7fff,0x7fff,0x7fff,0x7fff,0x7fff,
	0x7fff,0x7fff,0x7fff,0x7fff,0x7fff,0x7fff,0x7fff,0x7fff,0x7fff,0x7fff,0x7fff,0x7fff,0x7fff,0x7fff,0x7fff,0x7fff,
	0x7fff,0x7fff,0x7fff,0x7fff,0x7fff,0x7fff,0x7fff,0x7fff,0x7fff,0x7fff,0x7fff,0x7bff,0x73df,0x10cb,0x08ae,0x29b8,
	0x29b8,0x04af,0x04af,0x2db8,0x2d7a,0x2d7b,0x317b,0x317b,0x317b,0x317b,0x2d7b,0x2d7b,0x2d7b,0x2d7b,0x2d7b,0x2d7b,
	0x2d7b,0x2d7b,0x2d7b,0x2d7b,0x2d7b,0x2d7b,0x2d7b,0x2d7b,0x2d7b,0x2d7b,0x2d7b,0x2d7b,0x2d7b,0x2d7b,0x2d7b,0x2d7b,
	0x2d7b,0x2d7b,0x317b,0x2d7b,0x2d7b,0x299a,0x00af,0x00af,0x2d9a,0x2d9a,0x04af,0x08cc,0x73ff,0x7fff,0x7fff,0x7fff,
	0x7fff,0x7fff,0x7fff,0x7fff,0x7fff,0x7fff,0x7fff,0x7fff,0x7fff,0x7fff,0x7fff,0x7fff,0x7fff,0x7fff,0x7fff,0x7fff,
	0x7fff,0x7fff,0x7fff,0x7fff,0x7fff,0x7fff,0x7fff,0x7fff,0x7fff,0x7fff,0x7fff,0x7fff,0x7fff,0x7fff,0x7fff,0x7fff,
	0x7fff,0x7fff,0x7fff,0x7fff,0x7fff,0x7fff,0x7fff,0x7fff,0x7fff,0x7fff,0x7fff,0x7fff,0x7fff,0x7fff,0x7fff,0x7fff,
	0x7fff,0x7fff,0x7fff,0x7fff,0x7fff,0x7fff,0x7fff,0x7fff,0x7fff,0x77ff,0x08cc,0x04af,0x2d9a,0x2d9a,0x00af,0x00af,
	0x299a,0x2d7b,0x2d7b,0x2d7b,0x2d7b,0x2d7b,0x2d7b,0x2d7b,0x2d7b,0x2d7b,0x2d7b,0x2d7b,0x2d7b,0x2d7b,0x2d7b,0x2d7b,
	0x2d7b,0x2d7b,0x2d7b,0x2d7b,0x2d7b,0x2d7b,0x2d7b,0x2d7b,0x2d7b,0x2d7b,0x2d7b,0x2d7b,0x2d7b,0x2d7b,0x2d7b,0x2d7b,
	0x2d7b,0x2d7b,0x2d7b,0x2d7b,0x2d7b,0x2d7b,0x2d7b,0x2d7b,0x2d7b,0x2d7b,0x2d7b,0x2d7b,0x2d7b,0x2d7b,0x2d7b,0x2d7b,
	0x2d7b,0x2d7b,0x317b,0x2d7b,0x2d7b,0x2d7b,0x317b,0x2d9a,0x2999,0x04b0,0x04b0,0x25b8,0x29b8,0x08ae,0x0ccb,0x73df,
	0x7bff,0x7fff,0x7fff,0x7fff,0x7fff,0x7fff,0x7fff,0x7fff,0x7fff,0x7fff,0x7fff,0x7fff,0x7fff,0x7fff,0x7fff,0x7fff,
	0x7fff,0x7fff,0x7fff,0x7fff,0x7fff,0x7fff,0x7fff,0x7fff,0x7fff,0x7fff,0x7fff,0x7fff,0x7fff,0x7fff,0x7fff,0x7fff,
	0x7fff,0x7fff,0x7fff,0x7fff,0x7fff,0x7fff,0x7fff,0x7fff,0x7fff,0x7fff,0x7fff,0x7fff,0x7fff,0x7fff,0x7fff,0x7fff,
	0x7fff,0x7fff,0x7fff,0x7fff,0x7fff,0x7fff,0x7fff,0x7fff,0x7fff,0x7fff,0x7fff,0x7bff,0x73df,0x10cb,0x08ae,0x29b8,
	0x29b8,0x04af,0x04af,0x2db8,0x2d7a,0x2d7b,0x317b,0x317b,0x317b,0x317b,0x2d7b,0x2d7b,0x2d7b,0x2d7b,0x2d7b,0x2d7b,
	0x2d7b,0x2d7b,0x2d7b,0x2d7b,0x2d7b,0x2d7b,0x2d7b,0x2d7b,0x2d7b,0x2d7b,0x2d7b,0x2d7b,0x2d7b,0x2d7b,0x2d7b,0x2d7b,
	0x2d7b,0x2d7b,0x317b,0x2d7b,0x2d7b,0x299a,0x00af,0x00af,0x2d9a,0x2d9a,0x04af,0x08cc,0x73ff,0x7fff,0x7fff,0x7fff,
	0x7fff,0x7fff,0x7fff,0x7fff,0x7fff,0x7fff,0x7fff,0x7fff,0x7fff,0x7fff,0x7fff,0x7fff,0x7fff,0x7fff,0x7fff,0x7fff,
	0x7fff,0x7fff,0x7fff,0x7fff,0x7fff,0x7fff,0x7fff,0x7fff,0x7fff,0x7fff,0x7fff,0x7fff,0x7fff,0x7fff,0x7fff,0x7fff,
	0x7fff,0x7fff,0x7fff,0x7fff,0x7fff,0x7fff,0x7fff,0x7fff,0x7fff,0x7fff,0x7fff,0x7fff,0x7fff,0x7fff,0x7fff,0x7fff,
	0x7fff,0x7fff,0x7fff,0x7fff,0x7fff,0x7fff,0x7fff,0x7fff,0x7fff,0x77ff,0x08cc,0x04af,0x2d9a,0x2d9a,0x00af,0x00af,
	0x299a,0x2d7b,0x2d7b,0x2d7b,0x2d7b,0x2d7b,0x2d7b,0x2d7b,0x2d7b,0x2d7b,0x2d7b,0x2d7b,0x2d7b,0x2d7b,0x2d7b,0x2d7b,
	0x2d7b,0x2d7b,0x2d7b,0x2d7b,0x2d7b,0x2d7b,0x2d7b,0x2d7b,0x2d7b,0x2d7b,0x2d7b,0x2d7b,0x2d7b,0x2d7b,0x2d7b,0x2d7b,
	0x2d7b,0x2d7b,0x2d7b,0x2d7b,0x2d7b,0x2d7b,0x2d7b,0x2d7b,0x2d7b,0x2d7b,0x2d7b,0x2d7b,0x2d7b,0x2d7b,0x2d7b,0x2d7b,
	0x2d7b,0x2d7b,0x317b,0x2d7b,0x2d7b,0x2d7b,0x317b,0x2d9a,0x2999,0x04b0,0x04b0,0x25b8,0x29b8,0x08ae,0x0ccb,0x73df,
	0x7bff,0x7fff,0x7fff,0x7fff,0x7fff,0x7fff,0x7fff,0x7fff,0x7fff,0x7fff,0x7fff,0x7fff,0x7fff,0x7fff,0x7fff,0x7fff,
	0x7fff,0x7fff,0x7fff,0x7fff,0x7fff,0x7fff,0x7fff,0x7fff,0x7fff,0x7fff,0x7fff,0x7fff,0x7fff,0x7fff,0x7fff,0x7fff,
	0x7fff,0x7fff,0x7fff,0x7fff,0x7fff,0x7fff,0x7fff,0x7fff,0x7fff,0x7fff,0x7fff,0x7fff,0x7fff,0x7fff,0x7fff,0x7fff,
	0x7fff,0x7fff,0x7fff,0x7fff,0x7fff,0x7fff,0x7fff,0x7fff,0x7fff,0x7fff,0x7fff,0x7bff,0x73df,0x10cb,0x08ae,0x29b8,
	0x29b8,0x04af,0x04af,0x2db8,0x2d7a,0x2d7b,0x317b,0x317b,0x317b,0x317b,0x2d7b,0x2d7b,0x2d7b,0x2d7b,0x2d7b,0x2d7b,
	0x2d7b,0x2d7b,0x2d7b,0x2d7b,0x2d7b,0x2d7b,0x2d7b,0x2d7b,0x2d7b,0x2d7b,0x2d7b,0x2d7b,0x2d7b,0x2d7b,0x2d7b,0x2d7b,
	0x2d7b,0x2d7b,0x317b,0x2d7b,0x2d7b,0x299a,0x00af,0x00af,0x2d9a,0x2d9a,0x04af,0x08cc,0x73ff,0x7fff,0x7fff,0x7fff,
	0x7fff,0x7fff,0x7fff,0x7fff,0x7fff,0x7fff,0x7fff,0x7fff,0x7fff,0x7fff,0x7fff,0x7fff,0x7fff,0x7fff,0x7fff,0x7fff,
	0x7fff,0x7fff,0x7fff,0x7fff,0x7fff,0x7fff,0x7fff,0x7fff,0x7fff,0x7fff,0x7fff,0x7fff,0x7fff,0x7fff,0x7fff,0x7fff,
	0x7fff,0x7fff,0x7fff,0x7fff,0x7fff,0x7fff,0x7fff,0x7fff,0x7fff,0x7fff,0x7fff,0x7fff,0x7fff,0x7fff,0x7fff,0x7fff,
	0x7fff,0x7fff,0x7fff,0x7fff,0x7fff,0x7fff,0x7fff,0x7fff,0x7fff,0x77ff,0x08cc,0x04af,0x2d9a,0x2d9a,0x00af,0x00af,
	0x299a,0x2d7b,0x2d7b,0x2d7b,0x2d7b,0x2d7b,0x2d7b,0x2d7b,0x2d7b,0x2d7b,0x2d7b,0x2d7b,0x2d7b,0x2d7b,0x2d7b,0x2d7b,
	0x2d7b,0x2d7b,0x2d7b,0x2d7b,0x2d7b,0x2d7b,0x2d7b,0x2d7b,0x2d7b,0x2d7b,0x2d7b,0x2d7b,0x2d7b,0x2d7b,0x2d7b,0x2d7b,
	0x2d7b,0x2d7b,0x2d7b,0x2d7b,0x2d7b,0x2d7b,0x2d7b,0x2d7b,0x2d7b,0x2d7b,0x2d7b,0x2d7b,0x2d7b,0x2d7b,0x2d7b,0x2d7b,
	0x2d7b,0x2d7b,0x317b,0x2d7b,0x2d7b,0x2d7b,0x317b,0x2d9a,0x2999,0x04b0,0x04b0,0x25b8,0x29b8,0x08ae,0x0ccb,0x73df,
	0x7bff,0x7fff,0x7fff,0x7fff,0x7fff,0x7fff,0x7fff,0x7fff,0x7fff,0x7fff,0x7fff,0x7fff,0x7fff,0x7fff,0x7fff,0x7fff,
	0x7fff,0x7fff,0x7fff,0x7fff,0x7fff,0x7fff,0x7fff,0x7fff,0x7fff,0x7fff,0x7fff,0x7fff,0x7fff,0x7fff,0x7fff,0x7fff,
	0x7fff,0x7fff,0x7fff,0x7fff,0x7fff,0x7fff,0x7fff,0x7fff,0x7fff,0x7fff,0x7fff,0x7fff,0x7fff,0x7fff,0x7fff,0x7fff,
	0x7fff,0x7fff,0x7fff,0x7fff,0x7fff,0x7fff,0x7fff,0x7fff,0x7fff,0x7fff,0x7fff,0x7bff,0x73df,0x10cb,0x08ae,0x29b8,
	0x29b8,0x04af,0x04af,0x2db8,0x2d7a,0x2d7b,0x317b,0x317b,0x317b,0x317b,0x2d7b,0x2d7b,0x2d7b,0x2d7b,0x2d7b,0x2d7b,
	0x2d7b,0x2d7b,0x2d7b,0x2d7b,0x2d7b,0x2d7b,0x2d7b,0x2d7b,0x2d7b,0x2d7b,0x2d7b,0x2d7b,0x2d7b,0x2d7b,0x2d7b,0x2d7b,
	0x2d7b,0x2d7b,0x317b,0x2d7b,0x2d7b,0x299a,0x00af,0x00af,0x2d9a,0x2d9a,0x04af,0x08cc,0x73ff,0x7fff,0x7fff,0x7fff,
	0x7fff,0x7fff,0x7fff,0x7fff,0x7fff,0x7fff,0x7fff,0x7fff,0x7fff,0x7fff,0x7fff,0x7fff,0x7fff,0x7fff,0x7fff,0x7fff,
	0x7fff,0x7fff,0x7fff,0x7fff,0x7fff,0x7fff,0x7fff,0x7fff,0x7fff,0x7fff,0x7fff,0x7fff,0x7fff,0x7fff,0x7fff,0x7fff,
	0x7fff,0x7fff,0x7fff,0x7fff,0x7fff,0x7fff,0x7fff,0x7fff,0x7fff,0x7fff,0x7fff,0x7fff,0x7fff,0x7fff,0x7fff,0x7fff,
	0x7fff,0x7fff,0x7fff,0x7fff,0x7fff,0x7fff,0x7fff,0x7fff,0x7fff,0x77ff,0x08cc,0x04af,0x2d9a,0x2d9a,0x00af,0x00af,
	0x299a,0x2d7b,0x2d7b,0x2d7b,0x2d7b,0x2d7b,0x2d7b,0x2d7b,0x2d7b,0x2d7b,0x2d7b,0x2d7b,0x2d7b,0x2d7b,0x2d7b,0x2d7b,
	0x2d7b,0x2d7b,0x2d7b,0x2d7b,0x2d7b,0x2d7b,0x2d7b,0x2d7b,0x2d7b,0x2d7b,0x2d7b,0x2d7b,0x2d7b,0x2d7b,0x2d7b,0x2d7b,
	0x2d7b,0x2d7b,0x2d7b,0x2d7b,0x2d7b,0x2d7b,0x2d7b,0x2d7b,0x2d7b,0x2d7b,0x2d7b,0x2d7b,0x2d7b,0x2d7b,0x2d7b,0x2d7b,
	0x2d7b,0x2d7b,0x317b,0x2d7b,0x2d7b,0x2d7b,0x317b,0x2d9a,0x2999,0x04b0,0x04b0,0x25b8,0x29b8,0x08ae,0x0ccb,0x73df,
	0x7bff,0x7fff,0x7fff,0x7fff,0x7fff,0x7fff,0x7fff,0x7fff,0x7fff,0x7fff,0x7fff,0x7fff,0x7fff,0x7fff,0x7fff,0x7fff,
	0x7fff,0x7fff,0x7fff,0x7fff,0x7fff,0x7fff,0x7fff,0x7fff,0x7fff,0x7fff,0x7fff,0x7fff,0x7fff,0x7fff,0x7fff,0x7fff,
	0x7fff,0x7fff,0x7fff,0x7fff,0x7fff,0x7fff,0x7fff,0x7fff,0x7fff,0x7fff,0x7fff,0x7fff,0x7fff,0x7fff,0x7fff,0x7fff,
	0x7fff,0x7fff,0x7fff,0x7fff,0x7fff,0x7fff,0x7fff,0x7fff,0x7fff,0x7fff,0x7fff,0x7bff,0x73df,0x10cb,0x08ae,0x29b8,
	0x29b8,0x04af,0x04af,0x2db8,0x2d7a,0x2d7b,0x317b,0x317b,0x317b,0x317b,0x2d7b,0x2d7b,0x2d7b,0x2d7b,0x2d7b,0x2d7b,
	0x2d7b,0x2d7b,0x2d7b,0x2d7b,0x2d7b,0x2d7b,0x2d7b,0x2d7b,0x2d7b,0x2d7b,0x2d7b,0x2d7b,0x2d7b,0x2d7b,0x2d7b,0x2d7b,
	0x2d7b,0x2d7b,0x317b,0x2d7b,0x2d7b,0x299a,0x00af,0x00af,0x2d9a,0x2d9a,0x04af,0x08cc,0x73ff,0x7fff,0x7fff,0x7fff,
	0x7fff,0x7fff,0x7fff,0x7fff,0x7fff,0x7fff,0x7fff,0x7fff,0x7fff,0x7fff,0x7fff,0x7fff,0x7fff,0x7fff,0x7fff,0x7fff,
	0x7fff,0x7fff,0x7fff,0x7fff,0x7fff,0x7fff,0x7fff,0x7fff,0x7fff,0x7fff,0x7fff,0x7fff,0x7fff,0x7fff,0x7fff,0x7fff,
	0x7fff,0x7fff,0x7fff,0x7fff,0x7fff,0x7fff,0x7fff,0x7fff,0x7fff,0x7fff,0x7fff,0x7fff,0x7fff,0x7fff,0x7fff,0x7fff,
	0x7fff,0x7fff,0x7fff,0x7fff,0x7fff,0x7fff,0x7fff,0x7fff,0x7fff,0x77ff,0x08cc,0x04af,0x2d9a,0x2d9a,0x00af,0x00af,
	0x299a,0x2d7b,0x2d7b,0x2d7b,0x2d7b,0x2d7b,0x2d7b,0x2d7b,0x2d7b,0x2d7b,0x2d7b,0x2d7b,0x2d7b,0x2d7b,0x2d7b,0x2d7b,
	0x2d7b,0x2d7b,0x2d7b,0x2d7b,0x2d7b,0x2d7b,0x2d7b,0x2d7b,0x2d7b,0x2d7b,0x2d7b,0x2d7b,0x2d7b,0x2d7b,0x2d7b,0x2d7b,
	0x2d7b,0x2d7b,0x2d7b,0x2d7b,0x2d7b,0x2d7b,0x2d7b,0x2d7b,0x2d7b,0x2d7b,0x2d7b,0x2d7b,0x2d7b,0x2d7b,0x2d7b,0x2d7b,
	0x2d7b,0x2d7b,0x317b,0x2d7b,0x2d7b,0x2d7b,0x317b,0x2d9a,0x2999,0x04b0,0x04b0,0x25b8,0x29b8,0x08ae,0x0ccb,0x73df,
	0x7bff,0x7fff,0x7fff,0x7fff,0x7fff,0x7fff,0x7fff,0x7fff,0x7fff,0x7fff,0x7fff,0x7fff,0x7fff,0x7fff,0x7fff,0x7fff,
	0x7fff,0x7fff,0x7fff,0x7fff,0x7fff,0x7fff,0x7fff,0x7fff,0x7fff,0x7fff,0x7fff,0x7fff,0x7fff,0x7fff,0x7fff,0x7fff,
	0x7fff,0x7fff,0x7fff,0x7fff,0x7fff,0x7fff,0x7fff,0x7fff,0x7fff,0x7fff,0x7fff,0x7fff,0x7fff,0x7fff,0x7fff,0x7fff,
	0x7fff,0x7fff,0x7fff,0x7fff,0x7fff,0x7fff,0x7fff,0x7fff,0x7fff,0x7fff,0x7fff,0x7bff,0x73df,0x10cb,0x08ae,0x29b8,
	0x29b8,0x04af,0x04af,0x2db8,0x2d7a,0x2d7b,0x317b,0x317b,0x317b,0x317b,0x2d7b,0x2d7b,0x2d7b,0x2d7b,0x2d7b,0x2d7b,
	0x2d7b,0x2d7b,0x2d7b,0x2d7b,0x2d7b,0x2d7b,0x2d7b,0x2d7b,0x2d7b,0x2d7b,0x2d7b,0x2d7b,0x2d7b,0x2d7b,0x2d7b,0x2d7b,
	0x2d7b,0x2d7b,0x317b,0x2d7b,0x2d7b,0x299a,0x00af,0x00af,0x2d9a,0x2d9a,0x04af,0x08cc,0x73ff,0x7fff,0x7fff,0x7fff,
	0x7fff,0x7fff,0x7fff,0x7fff,0x7fff,0x7fff,0x7fff,0x7fff,0x7fff,0x7fff,0x7fff,0x7fff,0x7fff,0x7fff,0x7fff,0x7fff,
	0x7fff,0x7fff,0x7fff,0x7fff,0x7fff,0x7fff,0x7fff,0x7fff,0x7fff,0x7fff,0x7fff,0x7fff,0x7fff,0x7fff,0x7fff,0x7fff,
	0x7fff,0x7fff,0x7fff,0x7fff,0x7fff,0x7fff,0x7fff,0x7fff,0x7fff,0x7fff,0x7fff,0x7fff,0x7fff,0x7fff,0x7fff,0x7fff,
	0x7fff,0x7fff,0x7fff,0x7fff,0x7fff,0x7fff,0x7fff,0x7fff,0x7fff,0x77ff,0x08cc,0x04af,0x2d9a,0x2d9a,0x00af,0x00af,
	0x299a,0x2d7b,0x2d7b,0x2d7b,0x2d7b,0x2d7b,0x2d7b,0x2d7b,0x2d7b,0x2d7b,0x2d7b,0x2d7b,0x2d7b,0x2d7b,0x2d7b,0x2d7b,
	0x2d7b,0x2d7b,0x2d7b,0x2d7b,0x2d7b,0x2d7b,0x2d7b,0x2d7b,0x2d7b,0x2d7b,0x2d7b,0x2d7b,0x2d7b,0x2d7b,0x2d7b,0x2d7b,
	0x2d7b,0x2d7b,0x2d7b,0x2d7b,0x2d7b,0x2d7b,0x2d7b,0x2d7b,0x2d7b,0x2d7b,0x2d7b,0x2d7b,0x2d7b,0x2d7b,0x2d7b,0x2d7b,
	0x2d7b,0x2d7b,0x317b,0x2d7b,0x2d7b,0x2d7b,0x317b,0x2d9a,0x2999,0x04b0,0x04b0,0x25b8,0x29b8,0x08ae,0x0ccb,0x73df,
	0x7bff,0x7fff,0x7fff,0x7fff,0x7fff,0x7fff,0x7fff,0x7fff,0x7fff,0x7fff,0x7fff,0x7fff,0x7fff,0x7fff,0x7fff,0x7fff,
	0x7fff,0x7fff,0x7fff,0x7fff,0x7fff,0x7fff,0x7fff,0x7fff,0x7fff,0x7fff,0x7fff,0x7fff,0x7fff,0x7fff,0x7fff,0x7fff,
	0x7fff,0x7fff,0x7fff,0x7fff,0x7fff,0x7fff,0x7fff,0x7fff,0x7fff,0x7fff,0x7fff,0x7fff,0x7fff,0x7fff,0x7fff,0x7fff,
	0x7fff,0x7fff,0x7fff,0x7fff,0x7fff,0x7fff,0x7fff,0x7fff,0x7fff,0x7fff,0x7fff,0x7bff,0x73df,0x10cb,0x08ae,0x29b8,
	0x29b8,0x04af,0x04af,0x2db8,0x2d7a,0x2d7b,0x317b,0x317b,0x317b,0x317b,0x2d7b,0x2d7b,0x2d7b,0x2d7b,0x2d7b,0x2d7b,
	0x2d7b,0x2d7b,0x2d7b,0x2d7b,0x2d7b,0x2d7b,0x2d7b,0x2d7b,0x2d7b,0x2d7b,0x2d7b,0x2d7b,0x2d7b,0x2d7b,0x2d7b,0x2d7b,
	0x2d7b,0x2d7b,0x317b,0x2d7b,0x2d7b,0x299a,0x00af,0x00af,0x2d9a,0x2d9a,0x04af,0x08cc,0x73ff,0x7fff,0x7fff,0x7fff,
	0x7fff,0x7fff,0x7fff,0x7fff,0x7fff,0x7fff,0x7fff,0x7fff,0x7fff,0x7fff,0x7fff,0x7fff,0x7fff,0x7fff,0x7fff,0x7fff,
	0x7fff,0x7fff,0x7fff,0x7fff,0x7fff,0x7fff,0x7fff,0x7fff,0x7fff,0x7fff,0x7fff,0x7fff,0x7fff,0x7fff,0x7fff,0x7fff,
	0x7fff,0x7fff,0x7fff,0x7fff,0x7fff,0x7fff,0x7fff,0x7fff,0x7fff,0x7fff,0x7fff,0x7fff,0x7fff,0x7fff,0x7fff,0x7fff,
	0x7fff,0x7fff,0x7fff,0x7fff,0x7fff,0x7fff,0x7fff,0x7fff,0x7fff,0x77ff,0x08cc,0x04af,0x2d9a,0x2d9a,0x00af,0x00af,
	0x299a,0x2d7b,0x2d7b,0x2d7b,0x2d7b,0x2d7b,0x2d7b,0x2d7b,0x2d7b,0x2d7b,0x2d7b,0x2d7b,0x2d7b,0x2d7b,0x2d7b,0x2d7b,
	0x2d7b,0x2d7b,0x2d7b,0x2d7b,0x2d7b,0x2d7b,0x2d7b,0x2d7b,0x2d7b,0x2d7b,0x2d7b,0x2d7b,0x2d7b,0x2d7b,0x2d7b,0x2d7b,
	0x2d7b,0x2d7b,0x2d7b,0x2d7b,0x2d7b,0x2d7b,0x2d7b,0x2d7b,0x2d7b,0x2d7b,0x2d7b,0x2d7b,0x2d7b,0x2d7b,0x2d7b,0x2d7b,
	0x2d7b,0x2d7b,0x317b,0x2d7b,0x2d7b,0x2d7b,0x317b,0x2d9a,0x2999,0x04b0,0x04b0,0x25b8,0x29b8,0x08ae,0x0ccb,0x73df,
	0x7bff,0x7fff,0x7fff,0x7fff,0x7fff,0x7fff,0x7fff,0x7fff,0x7fff,0x7fff,0x7fff,0x7fff,0x7fff,0x7fff,0x7fff,0x7fff,
	0x7fff,0x7fff,0x7fff,0x7fff,0x7fff,0x7fff,0x7fff,0x7fff,0x7fff,0x7fff,0x7fff,0x7fff,0x7fff,0x7fff,0x7fff,0x7fff,
	0x7fff,0x7fff,0x7fff,0x7fff,0x7fff,0x7fff,0x7fff,0x7fff,0x7fff,0x7fff,0x7fff,0x7fff,0x7fff,0x7fff,0x7fff,0x7fff,
	0x7fff,0x7fff,0x7fff,0x7fff,0x7fff,0x7fff,0x7fff,0x7fff,0x7fff,0x7fff,0x7fff,0x7bff,0x73df,0x10cb,0x08ae,0x29b8,
	0x29b8,0x04af,0x04af,0x2db8,0x2d7a,0x2d7b,0x317b,0x317b,0x317b,0x317b,0x2d7b,0x2d7b,0x2d7b,0x2d7b,0x2d7b,0x2d7b,
	0x2d7b,0x2d7b,0x2d7b,0x2d7b,0x2d7b,0x2d7b,0x2d7b,0x2d7b,0x2d7b,0x2d7b,0x2d7b,0x2d7b,0x2d7b,0x2d7b,0x2d7b,0x2d7b,
	0x2d7b,0x2d7b,0x317b,0x2d7b,0x2d7b,0x299a,0x00af,0x00af,0x2d9a,0x2d9a,0x04af,0x08cc,0x73ff,0x7fff,0x7fff,0x7fff,
	0x7fff,0x7fff,0x7fff,0x7fff,0x7fff,0x7fff,0x7fff,0x7fff,0x7fff,0x7fff,0x7fff,0x7fff,0x7fff,0x7fff,0x7fff,0x7fff,
	0x7fff,0x7fff,0x7fff,0x7fff,0x7fff,0x7fff,0x7fff,0x7fff,0x7fff,0x7fff,0x7fff,0x7fff,0x7fff,0x7fff,0x7fff,0x7fff,
	0x7fff,0x7fff,0x7fff,0x7fff,0x7fff,0x7fff,0x7fff,0x7fff,0x7fff,0x7fff,0x7fff,0x7fff,0x7fff,0x7fff,0x7fff,0x7fff,
	0x7fff,0x7fff,0x7fff,0x7fff,0x7fff,0x7fff,0x7fff,0x7fff,0x7fff,0x77ff,0x08cc,0x04af,0x2d9a,0x2d9a,0x00af,0x00af,
	0x299a,0x2d7b,0x2d7b,0x2d7b,0x2d7b,0x2d7b,0x2d7b,0x2d7b,0x2d7b,0x2d7b,0x2d7b,0x2d7b,0x2d7b,0x2d7b,0x2d7b,0x2d7b,
	0x2d7b,0x2d7b,0x2d7b,0x2d7b,0x2d7b,0x2d7b,0x2d7b,0x2d7b,0x2d7b,0x2d7b,0x2d7b,0x2d7b,0x2d7b,0x2d7b,0x2d7b,0x2d7b,
	0x2d7b,0x2d7b,0x2d7b,0x2d7b,0x2d7b,0x2d7b,0x2d7b,0x2d7b,0x2d7b,0x2d7b,0x2d7b,0x2d7b,0x2d7b,0x2d7b,0x2d7b,0x2d7b,
	0x2d7b,0x2d7b,0x317b,0x2d7b,0x2d7b,0x2d7b,0x317b,0x2d9a,0x2999,0x04b0,0x04b0,0x25b8,0x29b8,0x08ae,0x0ccb,0x73df,
	0x7bff,0x7fff,0x7fff,0x7fff,0x7fff,0x7fff,0x7fff,0x7fff,0x7fff,0x7fff,0x7fff,0x7fff,0x7fff,0x7fff,0x7fff,0x7fff,
	0x7fff,0x7fff,0x7fff,0x7fff,0x7fff,0x7fff,0x7fff,0x7fff,0x7fff,0x7fff,0x7fff,0x7fff,0x7fff,0x7fff,0x7fff,0x7fff,
	0x7fff,0x7fff,0x7fff,0x7fff,0x7fff,0x7fff,0x7fff,0x7fff,0x7fff,0x7fff,0x7fff,0x7fff,0x7fff,0x7fff,0x7fff,0x7fff,
	0x7fff,0x7fff,0x7fff,0x7fff,0x7fff,0x7fff,0x7fff,0x7fff,0x7fff,0x7fff,0x7fff,0x7bff,0x73df,0x10cb,0x08ae,0x29b8,
	0x29b8,0x04af,0x04af,0x2db8,0x2d7a,0x2d7b,0x317b,0x317b,0x317b,0x317b,0x2d7b,0x2d7b,0x2d7b,0x2d7b,0x2d7b,0x2d7b,
	0x2d7b,0x2d7b,0x2d7b,0x2d7b,0x2d7b,0x2d7b,0x2d7b,0x2d7b,0x2d7b,0x2d7b,0x2d7b,0x2d7b,0x2d7b,0x2d7b,0x2d7b,0x2d7b,
	0x2d7b,0x2d7b,0x317b,0x2d7b,0x2d7b,0x299a,0x00af,0x00af,0x2d9a,0x2d9a,0x04af,0x08cc,0x73ff,0x7fff,0x7fff,0x7fff,
	0x7fff,0x7fff,0x7fff,0x7fff,0x7fff,0x7fff,0x7fff,0x7fff,0x7fff,0x7fff,0x7fff,0x7fff,0x7fff,0x7fff,0x7fff,0x7fff,
	0x7fff,0x7fff,0x7fff,0x7fff,0x7fff,0x7fff,0x7fff,0x7fff,0x7fff,0x7fff,0x7fff,0x7fff,0x7fff,0x7fff,0x7fff,0x7fff,
	0x7fff,0x7fff,0x7fff,0x7fff,0x7fff,0x7fff,0x7fff,0x7fff,0x7fff,0x7fff,0x7fff,0x7fff,0x7fff,0x7fff,0x7fff,0x7fff,
	0x7fff,0x7fff,0x7fff,0x7fff,0x7fff,0x7fff,0x7fff,0x7fff,0x7fff,0x77ff,0x08cc,0x04af,0x2d9a,0x2d9a,0x00af,0x00af,
	0x299a,0x2d7b,0x2d7b,0x2d7b,0x2d7b,0x2d7b,0x2d7b,0x2d7b,0x2d7b,0x2d7b,0x2d7b,0x2d7b,0x2d7b,0x2d7b,0x2d7b,0x2d7b,
	0x2d7b,0x2d7b,0x2d7b,0x2d7b,0x2d7b,0x2d7b,0x2d7b,0x2d7b,0x2d7b,0x2d7b,0x2d7b,0x2d7b,0x2d7b,0x2d7b,0x2d7b,0x2d7b,
	0x2d7b,0x2d7b,0x2d7b,0x2d7b,0x2d7b,0x2d7b,0x2d7b,0x2d7b,0x2d7b,0x2d7b,0x2d7b,0x2d7b,0x2d7b,0x2d7b,0x2d7b,0x2d7b,
	0x2d7b,0x2d7b,0x317b,0x2d7b,0x2d7b,0x2d7b,0x317b,0x2d9a,0x2999,0x04b0,0x04b0,0x25b8,0x29b8,0x08ae,0x0ccb,0x73df,
	0x7bff,0x7fff,0x7fff,0x7fff,0x7fff,0x7fff,0x7fff,0x7fff,0x7fff,0x7fff,0x7fff,0x7fff,0x7fff,0x7fff,0x7fff,0x7fff,
	0x7fff,0x7fff,0x7fff,0x7fff,0x7fff,0x7fff,0x7fff,0x7fff,0x7fff,0x7fff,0x7fff,0x7fff,0x7fff,0x7fff,0x7fff,0x7fff,
	0x7fff,0x7fff,0x7fff,0x7fff,0x7fff,0x7fff,0x7fff,0x7fff,0x7fff,0x7fff,0x7fff,0x7fff,0x7fff,0x7fff,0x7fff,0x7fff,
	0x7fff,0x7fff,0x7fff,0x7fff,0x7fff,0x7fff,0x7fff,0x7fff,0x7fff,0x7fff,0x7fff,0x7bff,0x73df,0x10cb,0x08ae,0x29b8,
	0x29b8,0x04af,0x04af,0x2db8,0x2d7a,0x2d7b,0x317b,0x317b,0x317b,0x317b,0x2d7b,0x2d7b,0x2d7b,0x2d7b,0x2d7b,0x2d7b,
	0x2d7b,0x2d7b,0x2d7b,0x2d7b,0x2d7b,0x2d7b,0x2d7b,0x2d7b,0x2d7b,0x2d7b,0x2d7b,0x2d7b,0x2d7b,0x2d7b,0x2d7b,0x2d7b,
	0x2d7b,0x2d7b,0x317b,0x2d7b,0x2d7b,0x299a,0x00af,0x00af,0x2d9a,0x2d9a,0x04af,0x08cc,0x73ff,0x7fff,0x7fff,0x7fff,
	0x7fff,0x7fff,0x7fff,0x7fff,0x7fff,0x7fff,0x7fff,0x7fff,0x7fff,0x7fff,0x7fff,0x7fff,0x7fff,0x7fff,0x7fff,0x7fff,
	0x7fff,0x7fff,0x7fff,0x7fff,0x7fff,0x7fff,0x7fff,0x7fff,0x7fff,0x7fff,0x7fff,0x7fff,0x7fff,0x7fff,0x7fff,0x7fff,
	0x7fff,0x7fff,0x7fff,0x7fff,0x7fff,0x7fff,0x7fff,0x7fff,0x7fff,0x7fff,0x7fff,0x7fff,0x7fff,0x7fff,0x7fff,0x7fff,
	0x7fff,0x7fff,0x7fff,0x7fff,0x7fff,0x7fff,0x7fff,0x7fff,0x7fff,0x77ff,0x08cc,0x04af,0x2d9a,0x2d9a,0x00af,0x00af,
	0x299a,0x2d7b,0x2d7b,0x2d7b,0x2d7b,0x2d7b,0x2d7b,0x2d7b,0x2d7b,0x2d7b,0x2d7b,0x2d7b,0x2d7b,0x2d7b,0x2d7b,0x2d7b,
	0x2d7b,0x2d7b,0x2d7b,0x2d7b,0x2d7b,0x2d7b,0x2d7b,0x2d7b,0x2d7b,0x2d7b,0x2d7b,0x2d7b,0x2d7b,0x2d7b,0x2d7b,0x2d7b,
	0x2d7b,0x2d7b,0x2d7b,0x2d7b,0x2d7b,0x2d7b,0x2d7b,0x2d7b,0x2d7b,0x2d7b,0x2d7b,0x2d7b,0x2d7b,0x2d7b,0x2d7b,0x2d7b,
	0x2d7b,0x2d7b,0x317b,0x2d7b,0x2d7b,0x2d7b,0x317b,0x2d9a,0x2999,0x04b0,0x04b0,0x25b8,0x29b8,0x08ae,0x0ccb,0x73df,
	0x7bff,0x7fff,0x7fff,0x7fff,0x7fff,0x7fff,0x7fff,0x7fff,0x7fff,0x7fff,0x7fff,0x7fff,0x7fff,0x7fff,0x7fff,0x7fff,
	0x7fff,0x7fff,0x7fff,0x7fff,0x7fff,0x7fff,0x7fff,0x7fff,0x7fff,0x7fff,0x7fff,0x7fff,0x7fff,0x7fff,0x7fff,0x7fff,
	0x7fff,0x7fff,0x7fff,0x7fff,0x7fff,0x7fff,0x7fff,0x7fff,0x7fff,0x7fff,0x7fff,0x7fff,0x7fff,0x7fff,0x7fff,0x7fff,
	0x7fff,0x7fff,0x7fff,0x7fff,0x7fff,0x7fff,0x7fff,0x7fff,0x7fff,0x7fff,0x7fff,0x7bff,0x73df,0x10cb,0x08ae,0x29b8,
	0x29b8,0x04af,0x04af,0x2db8,0x2d7a,0x2d7b,0x317b,0x317b,0x317b,0x317b,0x2d7b,0x2d7b,0x2d7b,0x2d7b,0x2d7b,0x2d7b,
	0x2d7b,0x2d7b,0x2d7b,0x2d7b,0x2d7b,0x2d7b,0x2d7b,0x2d7b,0x2d7b,0x2d7b,0x2d7b,0x2d7b,0x2d7b,0x2d7b,0x2d7b,0x2d7b,
	0x2d7b,0x2d7b,0x317b,0x2d7b,0x2d7b,0x299a,0x00af,0x00af,0x2d9a,0x2d9a,0x04af,0x08cc,0x73ff,0x7fff,0x7fff,0x7fff,
	0x7fff,0x7fff,0x7fff,0x7fff,0x7fff,0x7fff,0x7fff,0x7fff,0x7fff,0x7fff,0x7fff,0x7fff,0x7fff,0x7fff,0x7fff,0x7fff,
	0x7fff,0x7fff,0x7fff,0x7fff,0x7fff,0x7fff,0x7fff,0x7fff,0x7fff,0x7fff,0x7fff,0x7fff,0x7fff,0x7fff,0x7fff,0x7fff,
	0x7fff,0x7fff,0x7fff,0x7fff,0x7fff,0x7fff,0x7fff,0x7fff,0x7fff,0x7fff,0x7fff,0x7fff,0x7fff,0x7fff,0x7fff,0x7fff,
	0x7fff,0x7fff,0x7fff,0x7fff,0x7fff,0x7fff,0x7fff,0x7fff,0x7fff,0x77ff,0x08cc,0x04af,0x2d9a,0x2d9a,0x00af,0x00af,
	0x299a,0x2d7b,0x2d7b,0x2d7b,0x2d7b,0x2d7b,0x2d7b,0x2d7b,0x2d7b,0x2d7b,0x2d7b,0x2d7b,0x2d7b,0x2d7b,0x2d7b,0x2d7b,
	0x2d7b,0x2d7b,0x2d7b,0x2d7b,0x2d7b,0x2d7b,0x2d7b,0x2d7b,0x2d7b,0x2d7b,0x2d7b,0x2d7b,0x2d7b,0x2d7b,0x2d7b,0x2d7b,
	0x2d7b,0x2d7b,0x2d7b,0x2d7b,0x2d7b,0x2d7b,0x2d7b,0x2d7b,0x2d7b,0x2d7b,0x2d7b,0x2d7b,0x2d7b,0x2d7b,0x2d7b,0x2d7b,
	0x2d7b,0x2d7b,0x317b,0x2d7b,0x2d7b,0x2d7b,0x317b,0x2d9a,0x2999,0x04b0,0x04b0,0x25b8,0x29b8,0x08ae,0x0ccb,0x73df,
	0x7bff,0x7fff,0x7fff,0x7fff,0x7fff,0x7fff,0x7fff,0x7fff,0x7fff,0x7fff,0x7fff,0x7fff,0x7fff,0x7fff,0x7fff,0x7fff,
	0x7fff,0x7fff,0x7fff,0x7fff,0x7fff,0x7fff,0x7fff,0x7fff,0x7fff,0x7fff,0x7fff,0x7fff,0x7fff,0x7fff,0x7fff,0x7fff,
	0x7fff,0x7fff,0x7fff,0x7fff,0x7fff,0x7fff,0x7fff,0x7fff,0x7fff,0x7fff,0x7fff,0x7fff,0x7fff,0x7fff,0x7fff,0x7fff,
	0x7fff,0x7fff,0x7fff,0x7fff,0x7fff,0x7fff,0x7fff,0x7fff,0x7fff,0x7fff,0x7fff,0x7bff,0x73df,0x10cb,0x08ae,0x29b8,
	0x29b8,0x04af,0x04af,0x2db8,0x2d7a,0x2d7b,0x317b,0x317b,0x317b,0x317b,0x2d7b,0x2d7b,0x2d7b,0x2d7b,0x2d7b,0x2d7b,
	0x2d7b,0x2d7b,0x2d7b,0x2d7b,0x2d7b,0x2d7b,0x2d7b,0x2d7b,0x2d7b,0x2d7b,0x2d7b,0x2d7b,0x2d7b,0x2d7b,0x2d7b,0x2d7b,
	0x2d7b,0x2d7b,0x317b,0x2d7b,0x2d7b,0x299a,0x00af,0x00af,0x2d9a,0x2d9a,0x04af,0x08cc,0x73ff,0x7fff,0x7fff,0x7fff,
	0x7fff,0x7fff,0x7fff,0x7fff,0x7fff,0x7fff,0x7fff,0x7fff,0x7fff,0x7fff,0x7fff,0x7fff,0x7fff,0x7fff,0x7fff,0x7fff,
	0x7fff,0x7fff,0x7fff,0x7fff,0x7fff,0x7fff,0x7fff,0x7fff,0x7fff,0x7fff,0x7fff,0x7fff,0x7fff,0x7fff,0x7fff,0x7fff,
	0x7fff,0x7fff,0x7fff,0x7fff,0x7fff,0x7fff,0x7fff,0x7fff,0x7fff,0x7fff,0x7fff,0x7fff,0x7fff,0x7fff,0x7fff,0x7fff,
	0x7fff,0x7fff,0x7fff,0x7fff,0x7fff,0x7fff,0x7fff,0x7fff,0x7fff,0x77ff,0x08cc,0x04af,0x2d9a,0x2d9a,0x00af,0x00af,
	0x299a,0x2d7b,0x2d7b,0x2d7b,0x2d7b,0x2d7b,0x2d7b,0x2d7b,0x2d7b,0x2d7b,0x2d7b,0x2d7b,0x2d7b,0x2d7b,0x2d7b,0x2d7b,
	0x2d7b,0x2d7b,0x2d7b,0x2d7b,0x2d7b,0x2d7b,0x2d7b,0x2d7b,0x2d7b,0x2d7b,0x2d7b,0x2d7b,0x2d7b,0x2d7b,0x2d7b,0x2d7b,
	0x2d7b,0x2d7b,0x2d7b,0x2d7b,0x2d7b,0x2d7b,0x2d7b,0x2d7b,0x2d7b,0x2d7b,0x2d7b,0x2d7b,0x2d7b,0x2d7b,0x2d7b,0x2d7b,
	0x2d7b,0x2d7b,0x317b,0x2d7b,0x2d7b,0x2d7b,0x317b,0x2d9a,0x2999,0x04b0,0x04b0,0x25b8,0x29b8,0x08ae,0x0ccb,0x73df,
	0x7bff,0x7fff,0x7fff,0x7fff,0x7fff,0x7fff,0x7fff,0x7fff,0x7fff,0x7fff,0x7fff,0x7fff,0x7fff,0x7fff,0x7fff,0x7fff,
	0x7fff,0x7fff,0x7fff,0x7fff,0x7fff,0x7fff,0x7fff,0x7fff,0x7fff,0x7fff,0x7fff,0x7fff,0x7fff,0x7fff,0x7fff,0x7fff,
	0x7fff,0x7fff,0x7fff,0x7fff,0x7fff,0x7fff,0x7fff,0x7fff,0x7fff,0x7fff,0x7fff,0x7fff,0x7fff,0x7fff,0x7fff,0x7fff,
	0x7fff,0x7fff,0x7fff,0x7fff,0x7fff,0x7fff,0x7fff,0x7fff,0x7fff,0x7fff,0x7fff,0x7bff,0x73df,0x10cb,0x08ae,0x29b8,
	0x29b8,0x04af,0x04af,0x2db8,0x2d7a,0x2d7b,0x317b,0x317b,0x317b,0x317b,0x2d7b,0x2d7b,0x2d7b,0x2d7b,0x2d7b,0x2d7b,
	0x2d7b,0x2d7b,0x2d7b,0x2d7b,0x2d7b,0x2d7b,0x2d7b,0x2d7b,0x2d7b,0x2d7b,0x2d7b,0x2d7b,0x2d7b,0x2d7b,0x2d7b,0x2d7b,
	0x2d7b,0x2d7b,0x317b,0x2d7b,0x2d7b,0x299a,0x00af,0x00af,0x2d9a,0x2d9a,0x04af,0x08cc,0x73ff,0x7fff,0x7fff,0x7fff,
	0x7fff,0x7fff,0x7fff,0x7fff,0x7fff,0x7fff,0x7fff,0x7fff,0x7fff,0x7fff,0x7fff,0x7fff,0x7fff,0x7fff,0x7fff,0x7fff,
	0x7fff,0x7fff,0x7fff,0x7fff,0x7fff,0x7fff,0x7fff,0x7fff,0x7fff,0x7fff,0x7fff,0x7fff,0x7fff,0x7fff,0x7fff,0x7fff,
	0x7fff,0x7fff,0x7fff,0x7fff,0x7fff,0x7fff,0x7fff,0x7fff,0x7fff,0x7fff,0x7fff,0x7fff,0x7fff,0x7fff,0x7fff,0x7fff,
	0x7fff,0x7fff,0x7fff,0x7fff,0x7fff,0x7fff,0x7fff,0x7fff,0x7fff,0x77ff,0x08cc,0x04af,0x2d9a,0x2d9a,0x00af,0x00af,
	0x299a,0x2d7b,0x2d7b,0x2d7b,0x2d7b,0x2d7b,0x2d7b,0x2d7b,0x2d7b,0x2d7b,0x2d7b,0x2d7b,0x2d7b,0x2d7b,0x2d7b,0x2d7b,
	0x2d7b,0x2d7b,0x2d7b,0x2d7b,0x2d7b,0x2d7b,0x2d7b,0x2d7b,0x2d7b,0x2d7b,0x2d7b,0x2d7b,0x2d7b,0x2d7b,0x2d7b,0x2d7b,
	0x2d7b,0x2d7b,0x2d7b,0x2d7b,0x2d7b,0x2d7b,0x2d7b,0x2d7b,0x2d7b,0x2d7b,0x2d7b,0x2d7b,0x2d7b,0x2d7b,0x2d7b,0x2d7b,
	0x2d7b,0x2d7b,0x317b,0x2d7b,0x2d7b,0x2d7b,0x317b,0x2d9a,0x2999,0x04b0,0x04b0,0x25b8,0x29b8,0x08ae,0x0ccb,0x73df,
	0x7bff,0x7fff,0x7fff,0x7fff,0x7fff,0x7fff,0x7fff,0x7fff,0x7fff,0x7fff,0x7fff,0x7fff,0x7fff,0x7fff,0x7fff,0x7fff,
	0x7fff,0x7fff,0x7fff,0x7fff,0x7fff,0x7fff,0x7fff,0x7fff,0x7fff,0x7fff,0x7fff,0x7fff,0x7fff,0x7fff,0x7fff,0x7fff,
	0x7fff,0x7fff,0x7fff,0x7fff,0x7fff,0x7fff,0x7fff,0x7fff,0x7fff,0x7fff,0x7fff,0x7fff,0x7fff,0x7fff,0x7fff,0x7fff,
	0x7fff,0x7fff,0x7fff,0x7fff,0x7fff,0x7fff,0x7fff,0x7fff,0x7fff,0x7fff,0x7fff,0x7bff,0x73df,0x10cb,0x08ae,0x29b8,
	0x29b8,0x04af,0x04af,0x2db8,0x2d7a,0x2d7b,0x317b,0x317b,0x317b,0x317b,0x2d7b,0x2d7b,0x2d7b,0x2d7b,0x2d7b,0x2d7b,
	0x2d7b,0x2d7b,0x2d7b,0x2d7b,0x2d7b,0x2d7b,0x2d7b,0x2d7b,0x2d7b,0x2d7b,0x2d7b,0x2d7b,0x2d7b,0x2d7b,0x2d7b,0x2d7b,
	0x2d7b,0x2d7b,0x317b,0x2d7b,0x2d7b,0x299a,0x00af,0x00af,0x2d9a,0x2d9a,0x04af,0x08cc,0x73ff,0x7fff,0x7fff,0x7fff,
	0x7fff,0x7fff,0x7fff,0x7fff,0x7fff,0x7fff,0x7fff,0x7fff,0x7fff,0x7fff,0x7fff,0x7fff,0x7fff,0x7fff,0x7fff,0x7fff,
	0x7fff,0x7fff,0x7fff,0x7fff,0x7fff,0x7fff,0x7fff,0x7fff,0x7fff,0x7fff,0x7fff,0x7fff,0x7fff,0x7fff,0x7fff,0x7fff,
	0x7fff,0x7fff,0x7fff,0x7fff,0x7fff,0x7fff,0x7fff,0x7fff,0x7fff,0x7fff,0x7fff,0x7fff,0x7fff,0x7fff,0x7fff,0x7fff,
	0x7fff,0x7fff,0x7fff,0x7fff,0x7fff,0x7fff,0x7fff,0x7fff,0x7fff,0x77ff,0x08cc,0x04af,0x2d9a,0x2d9a,0x00af,0x00af,
	0x299a,0x2d7b,0x2d7b,0x2d7b,0x2d7b,0x2d7b,0x2d7b,0x2d7b,0x2d7b,0x2d7b,0x2d7b,0x2d7b,0x2d7b,0x2d7b,0x2d7b,0x2d7b,
	0x2d7b,0x2d7b,0x2d7b,0x2d7b,0x2d7b,0x2d7b,0x2d7b,0x2d7b,0x2d7b,0x2d7b,0x2d7b,0x2d7b,0x2d7b,0x2d7b,0x2d7b,0x2d7b,
	0x2d7b,0x2d7b,0x2d7b,0x2d7b,0x2d7b,0x2d7b,0x2d7b,0x2d7b,0x2d7b,0x2d7b,0x2d7b,0x2d7b,0x2d7b,0x2d7b,0x2d7b,0x2d7b,
	0x2d7b,0x2d7b,0x317b,0x2d7b,0x2d7b,0x2d7b,0x317b,0x2d9a,0x2999,0x04b0,0x04b0,0x25b8,0x29b8,0x08ae,0x0ccb,0x73df,
	0x7bff,0x7fff,0x7fff,0x7fff,0x7fff,0x7fff,0x7fff,0x7fff,0x7fff,0x7fff,0x7fff,0x7fff,0x7fff,0x7fff,0x7fff,0x7fff,
	0x7fff,0x7fff,0x7fff,0x7fff,0x7fff,0x7fff,0x7fff,0x7fff,0x7fff,0x7fff,0x7fff,0x7fff,0x7fff,0x7fff,0x7fff,0x7fff,
	0x7fff,0x7fff,0x7fff,0x7fff,0x7fff,0x7fff,0x7fff,0x7fff,0x7fff,0x7fff,0x7fff,0x7fff,0x7fff,0x7fff,0x7fff,0x7fff,
	0x7fff,0x7fff,0x7fff,0x7fff,0x7fff,0x7fff,0x7fff,0x7fff,0x7fff,0x7fff,0x7fff,0x7bff,0x73df,0x10cb,0x08ae,0x29b8,
	0x29b8,0x04af,0x04af,0x2db8,0x2d7a,0x2d7b,0x317b,0x317b,0x317b,0x317b,0x2d7b,0x2d7b,0x2d7b,0x2d7b,0x2d7b,0x2d7b,
	0x2d7b,0x2d7b,0x2d7b,0x2d7b,0x2d7b,0x2d7b,0x2d7b,0x2d7b,0x2d7b,0x2d7b,0x2d7b,0x2d7b,0x2d7b,0x2d7b,0x2d7b,0x2d7b,
	0x2d7b,0x2d7b,0x317b,0x2d7b,0x2d7b,0x299a,0x00af,0x00af,0x2d9a,0x2d9a,0x04af,0x08cc,0x73ff,0x7fff,0x7fff,0x7fff,
	0x7fff,0x7fff,0x7fff,0x7fff,0x7fff,0x7fff,0x7fff,0x7fff,0x7fff,0x7fff,0x7fff,0x7fff,0x7fff,0x7fff,0x7fff,0x7fff,
	0x7fff,0x7fff,0x7fff,0x7fff,0x7fff,0x7fff,0x7fff,0x7fff,0x7fff,0x7fff,0x7fff,0x7fff,0x7fff,0x7fff,0x7fff,0x7fff,
	0x7fff,0x7fff,0x7fff,0x7fff,0x7fff,0x7fff,0x7fff,0x7fff,0x7fff,0x7fff,0x7fff,0x7fff,0x7fff,0x7fff,0x7fff,0x7fff,
	0x7fff,0x7fff,0x7fff,0x7fff,0x7fff,0x7fff,0x7fff,0x7fff,0x7fff,0x77ff,0x08cc,0x04af,0x2d9a,0x2d9a,0x00af,0x00af,
	0x299a,0x2d7b,0x2d7b,0x2d7b,0x2d7b,0x2d7b,0x2d7b,0x2d7b,0x2d7b,0x2d7b,0x2d7b,0x2d7b,0x2d7b,0x2d7b,0x2d7b,0x2d7b,
	0x2d7b,0x2d7b,0x2d7b,0x2d7b,0x2d7b,0x2d7b,0x2d7b,0x2d7b,0x2d7b,0x2d7b,0x2d7b,0x2d7b,0x2d7b,0x2d7b,0x2d7b,0x2d7b,
	0x2d7b,0x2d7b,0x2d7b,0x2d7b,0x2d7b,0x2d7b,0x2d7b,0x2d7b,0x2d7b,0x2d7b,0x2d7b,0x2d7b,0x2d7b,0x2d7b,0x2d7b,0x2d7b,
	0x2d7b,0x2d7b,0x317b,0x2d7b,0x2d7b,0x2d7b,0x317b,0x2d9a,0x2999,0x04b0,0x04b0,0x25b8,0x29b8,0x08ae,0x0ccb,0x73df,
	0x7bff,0x7fff,0x7fff,0x7fff,0x7fff,0x7fff,0x7fff,0x7fff,0x7fff,0x7fff,0x7fff,0x7fff,0x7fff,0x7fff,0x7fff,0x7fff,
	0x7fff,0x7fff,0x7fff,0x7fff,0x7fff,0x7fff,0x7fff,0x7fff,0x7fff,0x7fff,0x7fff,0x7fff,0x7fff,0x7fff,0x7fff,0x7fff,
	0x7fff,0x7fff,0x7fff,0x7fff,0x7fff,0x7fff,0x7fff,0x7fff,0x7fff,0x7fff,0x7fff,0x7fff,0x7fff,0x7fff,0x7fff,0x7fff,
	0x7fff,0x7fff,0x7fff,0x7fff,0x7fff,0x7fff,0x7fff,0x7fff,0x7fff,0x7fff,0x7fff,0x7bff,0x73df,0x10cb,0x08ae,0x29b8,
	0x29b8,0x04af,0x04af,0x2db8,0x2d7a,0x2d7b,0x317b,0x317b,0x317b,0x317b,0x2d7b,0x2d7b,0x2d7b,0x2d7b,0x2d7b,0x2d7b,
	0x2d7b,0x2d7b,0x2d7b,0x2d7b,0x2d7b,0x2d7b,0x2d7b,0x2d7b,0x2d7b,0x2d7b,0x2d7b,0x2d7b,0x2d7b,0x2d7b,0x2d7b,0x2d7b,
	0x2d7b,0x2d7b,0x317b,0x2d7b,0x2d7b,0x299a,0x00af,0x00af,0x2d9a,0x2d9a,0x04af,0x08cc,0x73ff,0x7fff,0x7fff,0x7fff,
	0x7fff,0x7fff,0x7fff,0x7fff,0x7fff,0x7fff,0x7fff,0x7fff,0x7fff,0x7fff,0x7fff,0x7fff,0x7fff,0x7fff,0x7fff,0x7fff,
	0x7fff,0x7fff,0x7fff,0x7fff,0x7fff,0x7fff,0x7fff,0x7fff,0x7fff,0x7fff,0x7fff,0x7fff,0x7fff,0x7fff,0x7fff,0x7fff,
	0x7fff,0x7fff,0x7fff,0x7fff,0x7fff,0x7fff,0x7fff,0x7fff,0x7fff,0x7fff,0x7fff,0x7fff,0x7fff,0x7fff,0x7fff,0x7fff,
	0x7fff,0x7fff,0x7fff,0x7fff,0x7fff,0x7fff,0x7fff,0x7fff,0x7fff,0x77ff,0x08cc,0x04af,0x2d9a,0x2d9a,0x00af,0x00af,
	0x299a,0x2d7b,0x2d7b,0x2d7b,0x2d7b,0x2d7b,0x2d7b,0x2d7b,0x2d7b,0x2d7b,0x2d7b,0x2d7b,0x2d7b,0x2d7b,0x2d7b,0x2d7b,
	0x2d7b,0x2d7b,0x2d7b,0x2d7b,0x2d7b,0x2d7b,0x2d7b,0x2d7b,0x2d7b,0x2d7b,0x2d7b,0x2d7b,0x2d7b,0x2d7b,0x2d7b,0x2d7b,
	0x2d7b,0x2d7b,0x2d7b,0x2d7b,0x2d7b,0x2d7b,0x2d7b,0x2d7b,0x2d7b,0x2d7b,0x2d7b,0x2d7b,0x2d7b,0x2d7b,0x2d7b,0x2d7b,
	0x2d7b,0x2d7b,0x317b,0x2d7b,0x2d7b,0x2d7b,0x317b,0x2d9a,0x2999,0x04b0,0x04b0,0x25b8,0x29b8,0x08ae,0x0ccb,0x73df,
	0x7bff,0x7fff,0x7fff,0x7fff,0x7fff,0x7fff,0x7fff,0x7fff,0x7fff,0x7fff,0x7fff,0x7fff,0x7fff,0x7fff,0x7fff,0x7fff,
	0x7fff,0x7fff,0x7fff,0x7fff,0x7fff,0x7fff,0x7fff,0x7fff,0x7fff,0x7fff,0x7fff,0x7fff,0x7fff,0x7fff,0x7fff,0x7fff,
	0x7fff,0x7fff,0x7fff,0x7fff,0x7fff,0x7fff,0x7fff,0x7fff,0x7fff,0x7fff,0x7fff,0x7fff,0x7fff,0x7fff,0x7fff,0x7fff,
	0x7fff,0x7fff,0x7fff,0x7fff,0x7fff,0x7fff,0x7fff,0x7fff,0x7fff,0x7fff,0x7fff,0x7bff,0x73df,0x10cb,0x08ae,0x29b8,
	0x29b8,0x04af,0x04af,0x2db8,0x2d7a,0x2d7b,0x317b,0x317b,0x317b,0x317b,0x2d7b,0x2d7b,0x2d7b,0x2d7b,0x2d7b,0x2d7b,
	0x2d7b,0x2d7b,0x2d7b,0x2d7b,0x2d7b,0x2d7b,0x2d7b,0x2d7b,0x2d7b,0x2d7b,0x2d7b,0x2d7b,0x2d7b,0x2d7b,0x2d7b,0x2d7b,
	0x2d7b,0x2d7b,0x317b,0x2d7b,0x2d7b,0x299a,0x00af,0x00af,0x2d9a,0x2d9a,0x04af,0x08cc,0x73ff,0x7fff,0x7fff,0x7fff,
	0x7fff,0x7fff,0x7fff,0x7fff,0x7fff,0x7fff,0x7fff,0x7fff,0x7fff,0x7fff,0x7fff,0x7fff,0x7fff,0x7fff,0x7fff,0x7fff,
	0x7fff,0x7fff,0x7fff,0x7fff,0x7fff,0x7fff,0x7fff,0x7fff,0x7fff,0x7fff,0x7fff,0x7fff,0x7fff,0x7fff,0x7fff,0x7fff,
	0x7fff,0x7fff,0x7fff,0x7fff,0x7fff,0x7fff,0x7fff,0x7fff,0x7fff,0x7fff,0x7fff,0x7fff,0x7fff,0x7fff,0x7fff,0x7fff,
	0x7fff,0x7fff,0x7fff,0x7fff,0x7fff,0x7fff,0x7fff,0x7fff,0x7fff,0x77ff,0x08cc,0x04af,0x2d9a,0x2d9a,0x00af,0x00af,
	0x299a,0x2d7b,0x2d7b,0x2d7b,0x2d7b,0x2d7b,0x2d7b,0x2d7b,0x2d7b,0x2d7b,0x2d7b,0x2d7b,0x2d7b,0x2d7b,0x2d7b,0x2d7b,
	0x2d7b,0x2d7b,0x2d7b,0x2d7b,0x2d7b,0x2d7b,0x2d7b,0x2d7b,0x2d7b,0x2d7b,0x2d7b,0x2d7b,0x2d7b,0x2d7b,0x2d7b,0x2d7b,
	0x2d7b,0x2d7b,0x2d7b,0x2d7b,0x2d7b,0x2d7b,0x2d7b,0x2d7b,0x2d7b,0x2d7b,0x2d7b,0x2d7b,0x2d7b,0x2d7b,0x2d7b,0x2d7b,
	0x2d7b,0x2d7b,0x317b,0x2d7b,0x2d7b,0x2d7b,0x317b,0x2d9a,0x2999,0x04b0,0x04b0,0x25b8,0x29b8,0x08ae,0x0ccb,0x73df,
	0x7bff,0x7fff,0x7fff,0x7fff,0x7fff,0x7fff,0x7fff,0x7fff,0x7fff,0x7fff,0x7fff,0x7fff,0x7fff,0x7fff,0x7fff,0x7fff,
	0x7fff,0x7fff,0x7fff,0x7fff,0x7fff,0x7fff,0x7fff,0x7fff,0x7fff,0x7fff,0x7fff,0x7fff,0x7fff,0x7fff,0x7fff,0x7fff,
	0x7fff,0x7fff,0x7fff,0x7fff,0x7fff,0x7fff,0x7fff,0x7fff,0x7fff,0x7fff,0x7fff,0x7fff,0x7fff,0x7fff,0x7fff,0x7fff,
	0x7fff,0x7fff,0x7fff,0x7fff,0x7fff,0x7fff,0x7fff,0x7fff,0x7fff,0x7fff,0x7fff,0x7bff,0x73df,0x10cb,0x08ae,0x29b8,
	0x29b8,0x04af,0x04af,0x2db8,0x2d7a,0x2d7b,0x317b,0x317b,0x317b,0x317b,0x2d7b,0x2d7b,0x2d7b,0x2d7b,0x2d7b,0x2d7b,
	0x2d7b,0x2d7b,0x2d7b,0x2d7b,0x2d7b,0x2d7b,0x2d7b,0x2d7b,0x2d7b,0x2d7b,0x2d7b,0x2d7b,0x2d7b,0x2d7b,0x2d7b,0x2d7b,
	0x2d7b,0x2d7b,0x317b,0x2d7b,0x2d7b,0x299a,0x00af,0x00af,0x2d9a,0x2d9a,0x04af,0x08cc,0x73ff,0x7fff,0x7fff,0x7fff,
	0x7fff,0x7fff,0x7fff,0x7fff,0x7fff,0x7fff,0x7fff,0x7fff,0x7fff,0x7fff,0x7fff,0x7fff,0x7fff,0x7fff,0x7fff,0x7fff,
	0x7fff,0x7fff,0x7fff,0x7fff,0x7fff,0x7fff,0x7fff,0x7fff,0x7fff,0x7fff,0x7fff,0x7fff,0x7fff,0x7fff,0x7fff,0x7fff,
	0x7fff,0x7fff,0x7fff,0x7fff,0x7fff,0x7fff,0x7fff,0x7fff,0x7fff,0x7fff,0x7fff,0x7fff,0x7fff,0x7fff,0x7fff,0x7fff,
	0x7fff,0x7fff,0x7fff,0x7fff,0x7fff,0x7fff,0x7fff,0x7fff,0x7fff,0x77ff,0x08cc,0x04af,0x2d9a,0x2d9a,0x00af,0x00af,
	0x299a,0x2d7b,0x2d7b,0x2d7b,0x2d7b,0x2d7b,0x2d7b,0x2d7b,0x2d7b,0x2d7b,0x2d7b,0x2d7b,0x2d7b,0x2d7b,0x2d7b,0x2d7b,
	0x2d7b,0x2d7b,0x2d7b,0x2d7b,0x2d7b,0x2d7b,0x2d7b,0x2d7b,0x2d7b,0x2d7b,0x2d7b,0x2d7b,0x2d7b,0x2d7b,0x2d7b,0x2d7b,
	0x2d7b,0x2d7b,0x2d7b,0x2d7b,0x2d7b,0x2d7b,0x2d7b,0x2d7b,0x2d7b,0x2d7b,0x2d7b,0x2d7b,0x2d7b,0x2d7b,0x2d7b,0x2d7b,
	0x2d7b,0x2d7b,0x317b,0x2d7b,0x2d7b,0x2d7b,0x317b,0x2d9a,0x2999,0x04b0,0x04b0,0x25b8,0x29b8,0x08ae,0x0ccb,0x73df,
	0x7bff,0x7fff,0x7fff,0x7fff,0x7fff,0x7fff,0x7fff,0x7fff,0x7fff,0x7fff,0x7fff,0x7fff,0x7fff,0x7fff,0x7fff,0x7fff,
	0x7fff,0x7fff,0x7fff,0x7fff,0x7fff,0x7fff,0x7fff,0x7fff,0x7fff,0x7fff,0x7fff,0x7fff,0x7fff,0x7fff,0x7fff,0x7fff,
	0x7fff,0x7fff,0x7fff,0x7fff,0x7fff,0x7fff,0x7fff,0x7fff,0x7fff,0x7fff,0x7fff,0x7fff,0x7fff,0x7fff,0x7fff,0x7fff,
	0x7fff,0x7fff,0x7fff,0x7fff,0x7fff,0x7fff,0x7fff,0x7fff,0x7fff,0x7fff,0x7fff,0x7bff,0x73df,0x10cb,0x08ae,0x29b8,
	0x29b8,0x04af,0x04af,0x2db8,0x2d7a,0x2d7b,0x317b,0x317b,0x317b,0x317b,0x2d7b,0x2d7b,0x2d7b,0x2d7b,0x2d7b,0x2d7b,
	0x2d7b,0x2d7b,0x2d7b,0x2d7b,0x2d7b,0x2d7b,0x2d7b,0x2d7b,0x2d7b,0x2d7b,0x2d7b,0x2d7b,0x2d7b,0x2d7b,0x2d7b,0x2d7b,
	0x2d7b,0x2d7b,0x317b,0x2d7b,0x2d7b,0x299a,0x00af,0x00af,0x2d9a,0x2d9a,0x04af,0x08cc,0x73ff,0x7fff,0x7fff,0x7fff,
	0x7fff,0x7fff,0x7fff,0x7fff,0x7fff,0x7fff,0x7fff,0x7fff,0x7fff,0x7fff,0x7fff,0x7fff,0x7fff,0x7fff,0x7fff,0x7fff,
	0x7fff,0x7fff,0x7fff,0x7fff,0x7fff,0x7fff,0x7fff,0x7fff,0x7fff,0x7fff,0x7fff,0x7fff,0x7fff,0x7fff,0x7fff,0x7fff,
	0x7fff,0x7fff,0x7fff,0x7fff,0x7fff,0x7fff,0x7fff,0x7fff,0x7fff,0x7fff,0x7fff,0x7fff,0x7fff,0x7fff,0x7fff,0x7fff,
	0x7fff,0x7fff,0x7fff,0x7fff,0x7fff,0x7fff,0x7fff,0x7fff,0x7fff,0x77ff,0x08cc,0x04af,0x2d9a,0x2d9a,0x00af,0x00af,
	0x299a,0x2d7b,0x2d7b,0x2d7b,0x2d7b,0x2d7b,0x2d7b,0x2d7b,0x2d7b,0x2d7b,0x2d7b,0x2d7b,0x2d7b,0x2d7b,0x2d7b,0x2d7b,
	0x2d7b,0x2d7b,0x2d7b,0x2d7b,0x2d7b,0x2d7b,0x2d7b,0x2d7b,0x2d7b,0x2d7b,0x2d7b,0x2d7b,0x2d7b,0x2d7b,0x2d7b,0x2d7b,
	0x2d7b,0x2d7b,0x2d7b,0x2d7b,0x2d7b,0x2d7b,0x2d7b,0x2d7b,0x2d7b,0x2d7b,0x2d7b,0x2d7b,0x2d7b,0x2d7b,0x2d7b,0x2d7b,
	0x2d7b,0x2d7b,0x317b,0x2d7b,0x2d7b,0x2d7b,0x317b,0x2d9a,0x2999,0x04b0,0x04b0,0x25b8,0x29b8,0x08ae,0x0ccb,0x73df,
	0x7bff,0x7fff,0x7fff,0x7fff,0x7fff,0x7fff,0x7fff,0x7fff,0x7fff,0x7fff,0x7fff,0x7fff,0x7fff,0x7fff,0x7fff,0x7fff,
	0x7fff,0x7fff,0x7fff,0x7fff,0x7fff,0x7fff,0x7fff,0x7fff,0x7fff,0x7fff,0x7fff,0x7fff,0x7fff,0x7fff,0x7fff,0x7fff,
	0x7fff,0x7fff,0x7fff,0x7fff,0x7fff,0x7fff,0x7fff,0x7fff,0x7fff,0x7fff,0x7fff,0x7fff,0x7fff,0x7fff,0x7fff,0x7fff,
	0x7fff,0x7fff,0x7fff,0x7fff,0x7fff,0x7fff,0x7fff,0x7fff,0x7fff,0x7fff,0x7fff,0x7bff,0x73df,0x10cb,0x08ae,0x29b8,
	0x29b8,0x04af,0x04af,0x2db8,0x2d7a,0x2d7b,0x317b,0x317b,0x317b,0x317b,0x2d7b,0x2d7b,0x2d7b,0x2d7b,0x2d7b,0x2d7b,
	0x2d7b,0x2d7b,0x2d7b,0x2d7b,0x2d7b,0x2d7b,0x2d7b,0x2d7b,0x2d7b,0x2d7b,0x2d7b,0x2d7b,0x2d7b,0x2d7b,0x2d7b,0x2d7b,
	0x2d7b,0x2d7b,0x317b,0x2d7b,0x2d7b,0x299a,0x00af,0x00af,0x2d9a,0x2d9a,0x04af,0x08cc,0x73ff,0x7fff,0x7fff,0x7fff,
	0x7fff,0x7fff,0x7fff,0x7fff,0x7fff,0x7fff,0x7fff,0x7fff,0x7fff,0x7fff,0x7fff,0x7fff,0x7fff,0x7fff,0x7fff,0x7fff,
	0x7fff,0x7fff,0x7fff,0x7fff,0x7fff,0x7fff,0x7fff,0x7fff,0x7fff,0x7fff,0x7fff,0x7fff,0x7fff,0x7fff,0x7fff,0x7fff,
	0x7fff,0x7fff,0x7fff,0x7fff,0x7fff,0x7fff,0x7fff,0x7fff,0x7fff,0x7fff,0x7fff,0x7fff,0x7fff,0x7fff,0x7fff,0x7fff,
	0x7fff,0x7fff,0x7fff,0x7fff,0x7fff,0x7fff,0x7fff,0x7fff,0x7fff,0x77ff,0x08cc,0x04af,0x2d9a,0x2d9a,0x00af,0x00af,
	0x299a,0x2d7b,0x2d7b,0x2d7b,0x2d7b,0x2d7b,0x2d7b,0x2d7b,0x2d7b,0x2d7b,0x2d7b,0x2d7b,0x2d7b,0x2d7b,0x2d7b,0x2d7b,
	0x2d7b,0x2d7b,0x2d7b,0x2d7b,0x2d7b,0x2d7b,0x2d7b,0x2d7b,0x2d7b,0x2d7b,0x2d7b,0x2d7b,0x2d7b,0x2d7b,0x2d7b,0x2d7b,
	0x2d7b,0x2d7b,0x2d7b,0x2d7b,0x2d7b,0x2d7b,0x2d7b,0x2d7b,0x2d7b,0x2d7b,0x2d7b,0x2d7b,0x2d7b,0x2d7b,0x2d7b,0x2d7b,
	0x2d7b,0x2d7b,0x317b,0x2d7b,0x2d7b,0x2d7b,0x317b,0x2d9a,0x2999,0x04b0,0x04b0,0x25b8,0x29b8,0x08ae,0x0ccb,0x73df,
	0x7bff,0x7fff,0x7fff,0x7fff,0x7fff,0x7fff,0x7fff,0x7fff,0x7fff,0x7fff,0x7fff,0x7fff,0x7fff,0x7fff,0x7fff,0x7fff,
	0x7fff,0x7fff,0x7fff,0x7fff,0x7fff,0x7fff,0x7fff,0x7fff,0x7fff,0x7fff,0x7fff,0x7fff,0x7fff,0x7fff,0x7fff,0x7fff,
	0x7fff,0x7fff,0x7fff,0x7fff,0x7fff,0x7fff,0x7fff,0x7fff,0x7fff,0x7fff,0x7fff,0x7fff,0x7fff,0x7fff,0x7fff,0x7fff,
	0x7fff,0x7fff,0x7fff,0x7fff,0x7fff,0x7fff,0x7fff,0x7fff,0x7fff,0x7fff,0x7fff,0x7bff,0x73df,0x10cb,0x08ae,0x29b8,
	0x29b8,0x04af,0x04af,0x2db8,0x2d7a,0x2d7b,0x317b,0x317b,0x317b,0x317b,0x2d7b,0x2d7b,0x2d7b,0x2d7b,0x2d7b,0x2d7b,
	0x2d7b,0x2d7b,0x2d7b,0x2d7b,0x2d7b,0x2d7b,0x2d7b,0x2d7b,0x2d7b,0x2d7b,0x2d7b,0x2d7b,0x2d7b,0x2d7b,0x2d7b,0x2d7b,
	0x2d7b,0x2d7b,0x317b,0x2d7b,0x2d7b,0x299a,0x00af,0x00af,0x2d9a,0x2d9a,0x04af,0x08cc,0x73ff,0x7fff,0x7fff,0x7fff,
	0x7fff,0x7fff,0x7fff,0x7fff,0x7fff,0x7fff,0x7fff,0x7fff,0x7fff,0x7fff,0x7fff,0x7fff,0x7fff,0x7fff,0x7fff,0x7fff,
	0x7fff,0x7fff,0x7fff,0x7fff,0x7fff,0x7fff,0x7fff,0x7fff,0x7fff,0x7fff,0x7fff,0x7fff,0x7fff,0x7fff,0x7fff,0x7fff,
	0x7fff,0x7fff,0x7fff,0x7fff,0x7fff,0x7fff,0x7fff,0x7fff,0x7fff,0x7fff,0x7fff,0x7fff,0x7fff,0x7fff,0x7fff,0x7fff,
	0x7fff,0x7fff,0x7fff,0x7fff,0x7fff,0x7fff,0x7fff,0x7fff,0x7fff,0x77ff,0x08cc,0x04af,0x2d9a,0x2d9a,0x00af,0x00af,
	0x299a,0x2d7b,0x2d7b,0x2d7b,0x2d7b,0x2d7b,0x2d7b,0x2d7b,0x2d7b,0x2d7b,0x2d7b,0x2d7b,0x2d7b,0x2d7b,0x2d7b,0x2d7b,
	0x2d7b,0x2d7b,0x2d7b,0x2d7b,0x2d7b,0x2d7b,0x2d7b,0x2d7b,0x2d7b,0x2d7b,0x2d7b,0x2d7b,0x2d7b,0x2d7b,0x2d7b,0x2d7b,
	0x2d7b,0x2d7b,0x2d7b,0x2d7b,0x2d7b,0x2d7b,0x2d7b,0x2d7b,0x2d7b,0x2d7b,0x2d7b,0x2d7b,0x2d7b,0x2d7b,0x2d7b,0x2d7b,
	0x2d7b,0x2d7b,0x317b,0x2d7b,0x2d7b,0x2d7b,0x317b,0x2d9a,0x2999,0x04b0,0x04b0,0x25b8,0x29b8,0x08ae,0x0ccb,0x73df,
	0x7bff,0x7fff,0x7fff,0x7fff,0x7fff,0x7fff,0x7fff,0x7fff,0x7fff,0x7fff,0x7fff,0x7fff,0x7fff,0x7fff,0x7fff,0x7fff,
	0x7fff,0x7fff,0x7fff,0x7fff,0x7fff,0x7fff,0x7fff,0x7fff,0x7fff,0x7fff,0x7fff,0x7fff,0x7fff,0x7fff,0x7fff,0x7fff,
	0x7fff,0x7fff,0x7fff,0x7fff,0x7fff,0x7fff,0x7fff,0x7fff,0x7fff,0x7fff,0x7fff,0x7fff,0x7fff,0x7fff,0x7fff,0x7fff,
	0x7fff,0x7fff,0x7fff,0x7fff,0x7fff,0x7fff,0x7fff,0x7fff,0x7fff,0x7fff,0x7fff,0x7bff,0x73df,0x10cb,0x08ae,0x29b8,
	0x29b8,0x04af,0x04af,0x2db8,0x2d7a,0x2d7b,0x317b,0x317b,0x317b,0x317b,0x2d7b,0x2d7b,0x2d7b,0x2d7b,0x2d7b,0x2d7b,
	0x2d7b,0x2d7b,0x2d7b,0x2d7b,0x2d7b,0x2d7b,0x2d7b,0x2d7b,0x2d7b,0x2d7b,0x2d7b,0x2d7b,0x2d7b,0x2d7b,0x2d7b,0x2d7b,
	0x2d7b,0x2d7b,0x317b,0x2d7b,0x2d7b,0x299a,0x00af,0x00af,0x2d9a,0x2d9a,0x04af,0x08cc,0x73ff,0x7fff,0x7fff,0x7fff,
	0x7fff,0x7fff,0x7fff,0x7fff,0x7fff,0x7fff,0x7fff,0x7fff,0x7fff,0x7fff,0x7fff,0x7fff,0x7fff,0x7fff,0x7fff,0x7fff,
	0x7fff,0x7fff,0x7fff,0x7fff,0x7fff,0x7fff,0x7fff,0x7fff,0x7fff,0x7fff,0x7fff,0x7fff,0x7fff,0x7fff,0x7fff,0x7fff,
	0x7fff,0x7fff,0x7fff,0x7fff,0x7fff,0x7fff,0x7fff,0x7fff,0x7fff,0x7fff,0x7fff,0x7fff,0x7fff,0x7fff,0x7fff,0x7fff,
	0x7fff,0x7fff,0x7fff,0x7fff,0x7fff,0x7fff,0x7fff,0x7fff,0x7fff,0x77ff,0x08cc,0x04af,0x2d9a,0x2d9a,0x00af,0x00af,
	0x299a,0x2d7b,0x2d7b,0x2d7b,0x2d7b,0x2d7b,0x2d7b,0x2d7b,0x2d7b,0x2d7b,0x2d7b,0x2d7b,0x2d7b,0x2d7b,0x2d7b,0x2d7b,
	0x2d7b,0x2d7b,0x2d7b,0x2d7b,0x2d7b,0x2d7b,0x2d7b,0x2d7b,0x2d7b,0x2d7b,0x2d7b,0x2d7b,0x2d7b,0x2d7b,0x2d7b,0x2d7b,
	0x2d7b,0x2d7b,0x2d7b,0x2d7b,0x2d7b,0x2d7b,0x2d7b,0x2d7b,0x2d7b,0x2d7b,0x2d7b,0x2d7b,0x2d7b,0x2d7b,0x2d7b,0x2d7b,
	0x2d7b,0x2d7b,0x317b,0x2d7b,0x2d7b,0x2d7b,0x317b,0x2d9a,0x2999,0x04b0,0x04b0,0x25b8,0x29b8,0x08ae,0x0ccb,0x73df,
	0x7bff,0x7fff,0x7fff,0x7fff,0x7fff,0x7fff,0x7fff,0x7fff,0x7fff,0x7fff,0x7fff,0x7fff,0x7fff,0x7fff,0x7fff,0x7fff,
	0x7fff,0x7fff,0x7fff,0x7fff,0x7fff,0x7fff,0x7fff,0x7fff,0x7fff,0x7fff,0x7fff,0x7fff,0x7fff,0x7fff,0x7fff,0x7fff,
	0x7fff,0x7fff,0x7fff,0x7fff,0x7fff,0x7fff,0x7fff,0x7fff,0x7fff,0x7fff,0x7fff,0x7fff,0x7fff,0x7fff,0x7fff,0x7fff,
	0x7fff,0x7fff,0x7fff,0x7fff,0x7fff,0x7fff,0x7fff,0x7fff,0x7fff,0x7fff,0x7fff,0x7bff,0x73df,0x10cb,0x08ae,0x29b8,
	0x29b8,0x04af,0x04af,0x2db8,0x2d7a,0x2d7b,0x317b,0x317b,0x317b,0x317b,0x2d7b,0x2d7b,0x2d7b,0x2d7b,0x2d7b,0x2d7b,
	0x2d7b,0x2d7b,0x2d7b,0x2d7b,0x2d7b,0x2d7b,0x2d7b,0x2d7b,0x2d7b,0x2d7b,0x2d7b,0x2d7b,0x2d7b,0x2d7b,0x2d7b,0x2d7b,
	0x2d7b,0x2d7b,0x317b,0x2d7b,0x2d7b,0x299a,0x00af,0x00af,0x2d9a,0x2d9a,0x04af,0x08cc,0x73ff,0x7fff,0x7fff,0x7fff,
	0x7fff,0x7fff,0x7fff,0x7fff,0x7fff,0x7fff,0x7fff,0x7fff,0x7fff,0x7fff,0x7fff,0x7fff,0x7fff,0x7fff,0x7fff,0x7fff,
	0x7fff,0x7fff,0x7fff,0x7fff,0x7fff,0x7fff,0x7fff,0x7fff,0x7fff,0x7fff,0x7fff,0x7fff,0x7fff,0x7fff,0x7fff,0x7fff,
	0x7fff,0x7fff,0x7fff,0x7fff,0x7fff,0x7fff,0x7fff,0x7fff,0x7fff,0x7fff,0x7fff,0x7fff,0x7fff,0x7fff,0x7fff,0x7fff,
	0x7fff,0x7fff,0x7fff,0x7fff,0x7fff,0x7fff,0x7fff,0x7fff,0x7fff,0x77ff,0x08cc,0x04af,0x2d9a,0x2d9a,0x00af,0x00af,
	0x299a,0x2d7b,0x2d7b,0x2d7b,0x2d7b,0x2d7b,0x2d7b,0x2d7b,0x2d7b,0x2d7b,0x2d7b,0x2d7b,0x2d7b,0x2d7b,0x2d7b,0x2d7b,
	0x2d7b,0x2d7b,0x2d7b,0x2d7b,0x2d7b,0x2d7b,0x2d7b,0x2d7b,0x2d7b,0x2d7b,0x2d7b,0x2d7b,0x2d7b,0x2d7b,0x2d7b,0x2d7b,
	0x2d7b,0x2d7b,0x2d7b,0x2d7b,0x2d7b,0x2d7b,0x2d7b,0x2d7b,0x2d7b,0x2d7b,0x2d7b,0x2d7b,0x2d7b,0x2d7b,0x2d7b,0x2d7b,
	0x2d7b,0x2d7b,0x317b,0x2d7b,0x2d7b,0x2d7b,0x317b,0x2d9a,0x2999,0x04b0,0x04b0,0x25b8,0x29b8,0x08ae,0x0ccb,0x73df,
	0x7bff,0x7fff,0x7fff,0x7fff,0x7fff,0x7fff,0x7fff,0x7fff,0x7fff,0x7fff,0x7fff,0x7fff,0x7fff,0x7fff,0x7fff,0x7fff,
	0x7fff,0x7fff,0x7fff,0x7fff,0x7fff,0x7fff,0x7fff,0x7fff,0x7fff,0x7fff,0x7fff,0x7fff,0x7fff,0x7fff,0x7fff,0x7fff,
	0x7fff,0x7fff,0x7fff,0x7fff,0x7fff,0x7fff,0x7fff,0x7fff,0x7fff,0x7fff,0x7fff,0x7fff,0x7fff,0x7fff,0x7fff,0x7fff,
	0x7fff,0x7fff,0x7fff,0x7fff,0x7fff,0x7fff,0x7fff,0x7fff,0x7fff,0x7fff,0x7fff,0x7bff,0x73df,0x10cb,0x08ae,0x29b8,
	0x29b8,0x04af,0x04af,0x2db8,0x2d7a,0x2d7b,0x317b,0x317b,0x317b,0x317b,0x2d7b,0x2d7b,0x2d7b,0x2d7b,0x2d7b,0x2d7b,
	0x2d7b,0x2d7b,0x2d7b,0x2d7b,0x2d7b,0x2d7b,0x2d7b,0x2d7b,0x2d7b,0x2d7b,0x2d7b,0x2d7b,0x2d7b,0x2d7b,0x2d7b,0x2d7b,
	0x2d7b,0x2d7b,0x317b,0x2d7b,0x2d7b,0x299a,0x00af,0x00af,0x2d9a,0x2d9a,0x04af,0x08cc,0x73ff,0x7fff,0x7fff,0x7fff,
	0x7fff,0x7fff,0x7fff,0x7fff,0x7fff,0x7fff,0x7fff,0x7fff,0x7fff,0x7fff,0x7fff,0x7fff,0x7fff,0x7fff,0x7fff,0x7fff,
	0x7fff,0x7fff,0x7fff,0x7fff,0x7fff,0x7fff,0x7fff,0x7fff,0x7fff,0x7fff,0x7fff,0x7fff,0x7fff,0x7fff,0x7fff,0x7fff,
	0x7fff,0x7fff,0x7fff,0x7fff,0x7fff,0x7fff,0x7fff,0x7fff,0x7fff,0x7fff,0x7fff,0x7fff,0x7fff,0x7fff,0x7fff,0x7fff,
	0x7fff,0x7fff,0x7fff,0x7fff,0x7fff,0x7fff,0x7fff,0x7fff,0x7fff,0x77ff,0x08cc,0x04af,0x2d9a,0x2d9a,0x00af,0x00af,
	0x299a,0x2d7b,0x2d7b,0x2d7b,0x2d7b,0x2d7b,0x2d7b,0x2d7b,0x2d7b,0x2d7b,0x2d7b,0x2d7b,0x2d7b,0x2d7b,0x2d7b,0x2d7b,
	0x2d7b,0x2d7b,0x2d7b,0x2d7b,0x2d7b,0x2d7b,0x2d7b,0x2d7b,0x2d7b,0x2d7b,0x2d7b,0x2d7b,0x2d7b,0x2d7b,0x2d7b,0x2d7b,
	0x2d7b,0x2d7b,0x2d7b,0x2d7b,0x2d7b,0x2d7b,0x2d7b,0x2d7b,0x2d7b,0x2d7b,0x2d7b,0x2d7b,0x2d7b,0x2d7b,0x2d7b,0x2d7b,
	0x2d7b,0x2d7b,0x317b,0x2d7b,0x2d7b,0x2d7b,0x317b,0x2d9a,0x2999,0x04b0,0x04b0,0x25b8,0x29b8,0x08ae,0x0ccb,0x73df,
	0x7bff,0x7fff,0x7fff,0x7fff,0x7fff,0x7fff,0x7fff,0x7fff,0x7fff,0x7fff,0x7fff,0x7fff,0x7fff,0x7fff,0x7fff,0x7fff,
	0x7fff,0x7fff,0x7fff,0x7fff,0x7fff,0x7fff,0x7fff,0x7fff,0x7fff,0x7fff,0x7fff,0x7fff,0x7fff,0x7fff,0x7fff,0x7fff,
	0x7fff,0x7fff,0x7fff,0x7fff,0x7fff,0x7fff,0x7fff,0x7fff,0x7fff,0x7fff,0x7fff,0x7fff,0x7fff,0x7fff,0x7fff,0x7fff,
	0x7fff,0x7fff,0x7fff,0x7fff,0x7fff,0x7fff,0x7fff,0x7fff,0x7fff,0x7fff,0x7fff,0x7bff,0x73df,0x10cb,0x08ae,0x29b8,
	0x29b8,0x04af,0x04af,0x2db8,0x2d7a,0x2d7b,0x317b,0x317b,0x317b,0x317b,0x2d7b,0x2d7b,0x2d7b,0x2d7b,0x2d7b,0x2d7b,
	0x2d7b,0x2d7b,0x2d7b,0x2d7b,0x2d7b,0x2d7b,0x2d7b,0x2d7b,0x2d7b,0x2d7b,0x2d7b,0x2d7b,0x2d7b,0x2d7b,0x2d7b,0x2d7b,
	0x2d7b,0x2d7b,0x317b,0x2d7b,0x2d7b,0x299a,0x00af,0x00af,0x2d9a,0x2d9a,0x04af,0x08cc,0x73ff,0x7fff,0x7fff,0x7fff,
	0x7fff,0x7fff,0x7fff,0x7fff,0x7fff,0x7fff,0x7fff,0x7fff,0x7fff,0x7fff,0x7fff,0x7fff,0x7fff,0x7fff,0x7fff,0x7fff,
	0x7fff,0x7fff,0x7fff,0x7fff,0x7fff,0x7fff,0x7fff,0x7fff,0x7fff,0x7fff,0x7fff,0x7fff,0x7fff,0x7fff,0x7fff,0x7fff,
	0x7fff,0x7fff,0x7fff,0x7fff,0x7fff,0x7fff,0x7fff,0x7fff,0x7fff,0x7fff,0x7fff,0x7fff,0x7fff,0x7fff,0x7fff,0x7fff,
	0x7fff,0x7fff,0x7fff,0x7fff,0x7fff,0x7fff,0x7fff,0x7fff,0x7fff,0x77ff,0x08cc,0x04af,0x2d9a,0x2d9a,0x00af,0x00af,
	0x299a,0x2d7b,0x2d7b,0x2d7b,0x2d7b,0x2d7b,0x2d7b,0x2d7b,0x2d7b,0x2d7b,0x2d7b,0x2d7b,0x2d7b,0x2d7b,0x2d7b,0x2d7b,
	0x2d7b,0x2d7b,0x2d7b,0x2d7b,0x2d7b,0x2d7b,0x2d7b,0x2d7b,0x2d7b,0x2d7b,0x2d7b,0x2d7b,0x2d7b,0x2d7b,0x2d7b,0x2d7b,
	0x2d7b,0x2d7b,0x2d7b,0x2d7b,0x2d7b,0x2d7b,0x2d7b,0x2d7b,0x2d7b,0x2d7b,0x2d7b,0x2d7b,0x2d7b,0x2d7b,0x2d7b,0x2d7b,
	0x2d7b,0x2d7b,0x317b,0x2d7b,0x2d7b,0x2d7b,0x317b,0x2d9a,0x2999,0x04b0,0x04b0,0x25b8,0x29b8,0x08ae,0x0ccb,0x73df,
	0x7bff,0x7fff,0x7fff,0x7fff,0x7fff,0x7fff,0x7fff,0x7fff,0x7fff,0x7fff,0x7fff,0x7fff,0x7fff,0x7fff,0x7fff,0x7fff,
	0x7fff,0x7fff,0x7fff,0x7fff,0x7fff,0x7fff,0x7fff,0x7fff,0x7fff,0x7fff,0x7fff,0x7fff,0x7fff,0x7fff,0x7fff,0x7fff,
	0x7fff,0x7fff,0x7fff,0x7fff,0x7fff,0x7fff,0x7fff,0x7fff,0x7fff,0x7fff,0x7fff,0x7fff,0x7fff,0x7fff,0x7fff,0x7fff,
	0x7fff,0x7fff,0x7fff,0x7fff,0x7fff,0x7fff,0x7fff,0x7fff,0x7fff,0x7fff,0x7fff,0x7bff,0x73df,0x10cb,0x08ae,0x29b8,
	0x29b8,0x04af,0x04af,0x2db8,0x2d7a,0x2d7b,0x317b,0x317b,0x317b,0x317b,0x2d7b,0x2d7b,0x2d7b,0x2d7b,0x2d7b,0x2d7b,
	0x2d7b,0x2d7b,0x2d7b,0x2d7b,0x2d7b,0x2d7b,0x2d7b,0x2d7b,0x2d7b,0x2d7b,0x2d7b,0x2d7b,0x2d7b,0x2d7b,0x2d7b,0x2d7b,
	0x2d7b,0x2d7b,0x317b,0x2d7b,0x2d7b,0x299a,0x00af,0x00af,0x2d9a,0x2d9a,0x04af,0x08cc,0x73ff,0x7fff,0x7fff,0x7fff,
	0x7fff,0x7fff,0x7fff,0x7fff,0x7fff,0x7fff,0x7fff,0x7fff,0x7fff,0x7fff,0x7fff,0x7fff,0x7fff,0x7fff,0x7fff,0x7fff,
	0x7fff,0x7fff,0x7fff,0x7fff,0x7fff,0x7fff,0x7fff,0x7fff,0x7fff,0x7fff,0x7fff,0x7fff,0x7fff,0x7fff,0x7fff,0x7fff,
	0x7fff,0x7fff,0x7fff,0x7fff,0x7fff,0x7fff,0x7fff,0x7fff,0x7fff,0x7fff,0x7fff,0x7fff,0x7fff,0x7fff,0x7fff,0x7fff,
	0x7fff,0x7fff,0x7fff,0x7fff,0x7fff,0x7fff,0x7fff,0x7fff,0x7fff,0x77ff,0x08cc,0x04af,0x2d9a,0x2d9a,0x00af,0x00af,
	0x299a,0x2d7b,0x2d7b,0x2d7b,0x2d7b,0x2d7b,0x2d7b,0x2d7b,0x2d7b,0x2d7b,0x2d7b,0x2d7b,0x2d7b,0x2d7b,0x2d7b,0x2d7b,
	0x2d7b,0x2d7b,0x2d7b,0x2d7b,0x2d7b,0x2d7b,0x2d7b,0x2d7b,0x2d7b,0x2d7b,0x2d7b,0x2d7b,0x2d7b,0x2d7b,0x2d7b,0x2d7b,
	0x2d7b,0x2d7b,0x2d7b,0x2d7b,0x2d7b,0x2d7b,0x2d7b,0x2d7b,0x2d7b,0x2d7b,0x2d7b,0x2d7b,0x2d7b,0x2d7b,0x2d7b,0x2d7b,
	0x2d7b,0x2d7b,0x317b,0x2d7b,0x2d7b,0x2d7b,0x317b,0x2d9a,0x2999,0x04b0,0x04b0,0x25b8,0x29b8,0x08ae,0x0ccb,0x73df,
	0x7bff,0x7fff,0x7fff,0x7fff,0x7fff,0x7fff,0x7fff,0x7fff,0x7fff,0x7fff,0x7fff,0x7fff,0x7fff,0x7fff,0x7fff,0x7fff,
	0x7fff,0x7fff,0x7fff,0x7fff,0x7fff,0x7fff,0x7fff,0x7fff,0x7fff,0x7fff,0x7fff,0x7fff,0x7fff,0x7fff,0x7fff,0x7fff,
	0x7fff,0x7fff,0x7fff,0x7fff,0x7fff,0x7fff,0x7fff,0x7fff,0x7fff,0x7fff,0x7fff,0x7fff,0x7fff,0x7fff,0x7fff,0x7fff,
	0x7fff,0x7fff,0x7fff,0x7fff,0x7fff,0x7fff,0x7fff,0x7fff,0x7fff,0x7fff,0x7fff,0x7bff,0x73df,0x10cb,0x08ae,0x29b8,
	0x29b8,0x04af,0x04af,0x2db8,0x2d7a,0x2d7b,0x317b,0x317b,0x317b,0x317b,0x2d7b,0x2d7b,0x2d7b,0x2d7b,0x2d7b,0x2d7b,
	0x2d7b,0x2d7b,0x2d7b,0x2d7b,0x2d7b,0x2d7b,0x2d7b,0x2d7b,0x2d7b,0x2d7b,0x2d7b,0x2d7b,0x2d7b,0x2d7b,0x2d7b,0x2d7b,
	0x2d7b,0x2d7b,0x317b,0x2d7b,0x2d7b,0x299a,0x00af,0x00af,0x2d9a,0x2d9a,0x04af,0x08cc,0x73ff,0x7fff,0x7fff,0x7fff,
	0x7fff,0x7fff,0x7fff,0x7fff,0x7fff,0x7fff,0x7fff,0x7fff,0x7fff,0x7fff,0x7fff,0x7fff,0x7fff,0x7fff,0x7fff,0x7fff,
	0x7fff,0x7fff,0x7fff,0x7fff,0x7fff,0x7fff,0x7fff,0x7fff,0x7fff,0x7fff,0x7fff,0x7fff,0x7fff,0x7fff,0x7fff,0x7fff,
	0x7fff,0x7fff,0x7fff,0x7fff,0x7fff,0x7fff,0x7fff,0x7fff,0x7fff,0x7fff,0x7fff,0x7fff,0x7fff,0x7fff,0x7fff,0x7fff,
	0x7fff,0x7fff,0x7fff,0x7fff,0x7fff,0x7fff,0x7fff,0x7fff,0x7fff,0x77ff,0x08cc,0x04af,0x2d9a,0x2d9a,0x00af,0x00af,
	0x299a,0x2d7b,0x2d7b,0x2d7b,0x2d7b,0x2d7b,0x2d7b,0x2d7b,0x2d7b,0x2d7b,0x2d7b,0x2d7b,0x2d7b,0x2d7b,0x2d7b,0x2d7b,
	0x2d7b,0x2d7b,0x2d7b,0x2d7b,0x2d7b,0x2d7b,0x2d7b,0x2d7b,0x2d7b,0x2d7b,0x2d7b,0x2d7b,0x2d7b,0x2d7b,0x2d7b,0x2d7b,
	0x2d7b,0x2d7b,0x2d7b,0x2d7b,0x2d7b,0x2d7b,0x2d7b,0x2d7b,0x2d7b,0x2d7b,0x2d7b,0x2d7b,0x2d7b,0x2d7b,0x2d7b,0x2d7b,
	0x2d7b,0x2d7b,0x317b,0x2d7b,0x2d7b,0x2d7b,0x317b,0x2d9a,0x2999,0x04b0,0x04b0,0x25b8,0x29b8,0x08ae,0x0ccb,0x73df,
	0x7bff,0x7fff,0x7fff,0x7fff,0x7fff,0x7fff,0x7fff,0x7fff,0x7fff,0x7fff,0x7fff,0x7fff,0x7fff,0x7fff,0x7fff,0x7fff,
	0x7fff,0x7fff,0x7fff,0x7fff,0x7fff,0x7fff,0x7fff,0x7fff,0x7fff,0x7fff,0x7fff,0x7fff,0x7fff,0x7fff,0x7fff,0x7fff,
	0x7fff,0x7fff,0x7fff,0x7fff,0x7fff,0x7fff,0x7fff,0x7fff,0x7fff,0x7fff,0x7fff,0x7fff,0x7fff,0x7fff,0x7fff,0x7fff,
	0x7fff,0x7fff,0x7fff,0x7fff,0x7fff,0x7fff,0x7fff,0x7fff,0x7fff,0x7fff,0x7fff,0x7bff,0x73df,0x10cb,0x08ae,0x29b8,
	0x29b8,0x04af,0x04af,0x2db8,0x2d7a,0x2d7b,0x317b,0x317b,0x317b,0x317b,0x2d7b,0x2d7b,0x2d7b,0x2d7b,0x2d7b,0x2d7b,
	0x2d7b,0x2d7b,0x2d7b,0x2d7b,0x2d7b,0x2d7b,0x2d7b,0x2d7b,0x2d7b,0x2d7b,0x2d7b,0x2d7b,0x2d7b,0x2d7b,0x2d7b,0x2d7b,
	0x2d7b,0x2d7b,0x317b,0x2d7b,0x2d7b,0x299a,0x00af,0x00af,0x2d9a,0x2d9a,0x04af,0x08cc,0x73ff,0x7fff,0x7fff,0x7fff,
	0x7fff,0x7fff,0x7fff,0x7fff,0x7fff,0x7fff,0x7fff,0x7fff,0x7fff,0x7fff,0x7fff,0x7fff,0x7fff,0x7fff,0x7fff,0x7fff,
	0x7fff,0x7fff,0x7fff,0x7fff,0x7fff,0x7fff,0x7fff,0x7fff,0x7fff,0x7fff,0x7fff,0x7fff,0x7fff,0x7fff,0x7fff,0x7fff,
	0x7fff,0x7fff,0x7fff,0x7fff,0x7fff,0x7fff,0x7fff,0x7fff,0x7fff,0x7fff,0x7fff,0x7fff,0x7fff,0x7fff,0x7fff,0x7fff,
	0x7fff,0x7fff,0x7fff,0x7fff,0x7fff,0x7fff,0x7fff,0x7fff,0x7fff,0x77ff,0x08cc,0x04af,0x2d9a,0x2d9a,0x00af,0x00af,
	0x299a,0x2d7b,0x2d7b,0x2d7b,0x2d7b,0x2d7b,0x2d7b,0x2d7b,0x2d7b,0x2d7b,0x2d7b,0x2d7b,0x2d7b,0x2d7b,0x2d7b,0x2d7b,
	0x2d7b,0x2d7b,0x2d7b,0x2d7b,0x2d7b,0x2d7b,0x2d7b,0x2d7b,0x2d7b,0x2d7b,0x2d7b,0x2d7b,0x2d7b,0x2d7b,0x2d7b,0x2d7b,
	0x2d7b,0x2d7b,0x2d7b,0x2d7b,0x2d7b,0x2d7b,0x2d7b,0x2d7b,0x2d7b,0x2d7b,0x2d7b,0x2d7b,0x2d7b,0x2d7b,0x2d7b,0x2d7b,
	0x2d7b,0x2d7b,0x317b,0x2d7b,0x2d7b,0x2d7b,0x317b,0x2d9a,0x2999,0x04b0,0x04b0,0x25b8,0x29b8,0x08ae,0x0ccb,0x73df,
	0x7bff,0x7fff,0x7fff,0x7fff,0x7fff,0x7fff,0x7fff,0x7fff,0x7fff,0x7fff,0x7fff,0x7fff,0x7fff,0x7fff,0x7fff,0x7fff,
	0x7fff,0x7fff,0x7fff,0x7fff,0x7fff,0x7fff,0x7fff,0x7fff,0x7fff,0x7fff,0x7fff,0x7fff,0x7fff,0x7fff,0x7fff,0x7fff,
	0x7fff,0x7fff,0x7fff,0x7fff,0x7fff,0x7fff,0x7fff,0x7fff,0x7fff,0x7fff,0x7fff,0x7fff,0x7fff,0x7fff,0x7fff,0x7fff,
	0x7fff,0x7fff,0x7fff,0x7fff,0x7fff,0x7fff,0x7fff,0x7fff,0x7fff,0x7fff,0x7fff,0x7bff,0x73df,0x10cb,0x08ae,0x29b8,
	0x29b8,0x04af,0x04af,0x2db8,0x2d7a,0x2d7b,0x317b,0x317b,0x317b,0x317b,0x2d7b,0x2d7b,0x2d7b,0x2d7b,0x2d7b,0x2d7b,
	0x2d7b,0x2d7b,0x2d7b,0x2d7b,0x2d7b,0x2d7b,0x2d7b,0x2d7b,0x2d7b,0x2d7b,0x2d7b,0x2d7b,0x2d7b,0x2d7b,0x2d7b,0x2d7b,
	0x2d7b,0x2d7b,0x317b,0x2d7b,0x2d7b,0x299a,0x00af,0x00af,0x2d9a,0x2d9a,0x04af,0x08cc,0x73ff,0x7fff,0x7fff,0x7fff,
	0x7fff,0x7fff,0x7fff,0x7fff,0x7fff,0x7fff,0x7fff,0x7fff,0x7fff,0x7fff,0x7fff,0x7fff,0x7fff,0x7fff,0x7fff,0x7fff,
	0x7fff,0x7fff,0x7fff,0x7fff,0x7fff,0x7fff,0x7fff,0x7fff,0x7fff,0x7fff,0x7fff,0x7fff,0x7fff,0x7fff,0x7fff,0x7fff,
	0x7fff,0x7fff,0x7fff,0x7fff,0x7fff,0x7fff,0x7fff,0x7fff,0x7fff,0x7fff,0x7fff,0x7fff,0x7fff,0x7fff,0x7fff,0x7fff,
	0x7fff,0x7fff,0x7fff,0x7fff,0x7fff,0x7fff,0x7fff,0x7fff,0x7fff,0x77ff,0x08cc,0x04af,0x2d9a,0x2d9a,0x00af,0x00af,
	0x299a,0x2d7b,0x2d7b,0x2d7b,0x2d7b,0x2d7b,0x2d7b,0x2d7b,0x2d7b,0x2d7b,0x2d7b,0x2d7b,0x2d7b,0x2d7b,0x2d7b,0x2d7b,
	0x2d7b,0x2d7b,0x2d7b,0x2d7b,0x2d7b,0x2d7b,0x2d7b,0x2d7b,0x2d7b,0x2d7b,0x2d7b,0x2d7b,0x2d7b,0x2d7b,0x2d7b,0x2d7b,
	0x2d7b,0x2d7b,0x2d7b,0x2d7b,0x2d7b,0x2d7b,0x2d7b,0x2d7b,0x2d7b,0x2d7b,0x2d7b,0x2d7b,0x2d7b,0x2d7b,0x2d7b,0x2d7b,
	0x2d7b,0x2d7b,0x317b,0x2d7b,0x2d7b,0x2d7b,0x317b,0x2d9a,0x2999,0x04b0,0x04b0,0x25b8,0x29b8,0x08ae,0x0ccb,0x73df,
	0x7bff,0x7fff,0x7fff,0x7fff,0x7fff,0x7fff,0x7fff,0x7fff,0x7fff,0x7fff,0x7fff,0x7fff,0x7fff,0x7fff,0x7fff,0x7fff,
	0x7fff,0x7fff,0x7fff,0x7fff,0x7fff,0x7fff,0x7fff,0x7fff,0x7fff,0x7fff,0x7fff,0x7fff,0x7fff,0x7fff,0x7fff,0x7fff,
	0x7fff,0x7fff,0x7fff,0x7fff,0x7fff,0x7fff,0x7fff,0x7fff,0x7fff,0x7fff,0x7fff,0x7fff,0x7fff,0x7fff,0x7fff,0x7fff,
	0x7fff,0x7fff,0x7fff,0x7fff,0x7fff,0x7fff,0x7fff,0x7fff,0x7fff,0x7fff,0x7fff,0x7bff,0x73df,0x10cb,0x08ae,0x29b8,
	0x29b8,0x04af,0x04af,0x2db8,0x2d7a,0x2d7b,0x317b,0x317b,0x317b,0x317b,0x2d7b,0x2d7b,0x2d7b,0x2d7b,0x2d7b,0x2d7b,
	0x2d7b,0x2d7b,0x2d7b,0x2d7b,0x2d7b,0x2d7b,0x2d7b,0x2d7b,0x2d7b,0x2d7b,0x2d7b,0x2d7b,0x2d7b,0x2d7b,0x2d7b,0x2d7b,
	0x2d7b,0x2d7b,0x317b,0x2d7b,0x2d7b,0x299a,0x00af,0x00af,0x2d9a,0x2d9a,0x04af,0x08cc,0x73ff,0x7fff,0x7fff,0x7fff,
	0x7fff,0x7fff,0x7fff,0x7fff,0x7fff,0x7fff,0x7fff,0x7fff,0x7fff,0x7fff,0x7fff,0x7fff,0x7fff,0x7fff,0x7fff,0x7fff,
	0x7fff,0x7fff,0x7fff,0x7fff,0x7fff,0x7fff,0x7fff,0x7fff,0x7fff,0x7fff,0x7fff,0x7fff,0x7fff,0x7fff,0x7fff,0x7fff,
	0x7fff,0x7fff,0x7fff,0x7fff,0x7fff,0x7fff,0x7fff,0x7fff,0x7fff,0x7fff,0x7fff,0x7fff,0x7fff,0x7fff,0x7fff,0x7fff,
	0x7fff,0x7fff,0x7fff,0x7fff,0x7fff,0x7fff,0x7fff,0x7fff,0x7fff,0x77ff,0x08cc,0x04af,0x2d9a,0x2d9a,0x00af,0x00af,
	0x299a,0x2d7b,0x2d7b,0x2d7b,0x2d7b,0x2d7b,0x2d7b,0x2d7b,0x2d7b,0x2d7b,0x2d7b,0x2d7b,0x2d7b,0x2d7b,0x2d7b,0x2d7b,
	0x2d7b,0x2d7b,0x2d7b,0x2d7b,0x2d7b,0x2d7b,0x2d7b,0x2d7b,0x2d7b,0x2d7b,0x2d7b,0x2d7b,0x2d7b,0x2d7b,0x2d7b,0x2d7b,
	0x2d7b,0x2d7b,0x2d7b,0x2d7b,0x2d7b,0x2d7b,0x2d7b,0x2d7b,0x2d7b,0x2d7b,0x2d7b,0x2d7b,0x2d7b,0x2d7b,0x2d7b,0x2d7b,
	0x2d7b,0x2d7b,0x317b,0x2d7b,0x2d7b,0x2d7b,0x317b,0x2d9a,0x2999,0x04b0,0x04b0,0x25b8,0x29b8,0x08ae,0x0ccb,0x73df,
	0x7bff,0x7fff,0x7fff,0x7fff,0x7fff,0x7fff,0x7fff,0x7fff,0x7fff,0x7fff,0x7fff,0x7fff,0x7fff,0x7fff,0x7fff,0x7fff,
	0x7fff,0x7fff,0x7fff,0x7fff,0x7fff,0x7fff,0x7fff,0x7fff,0x7fff,0x7fff,0x7fff,0x7fff,0x7fff,0x7fff,0x7fff,0x7fff,
	0x7fff,0x7fff,0x7fff,0x7fff,0x7fff,0x7fff,0x7fff,0x7fff,0x7fff,0x7fff,0x7fff,0x7fff,0x7fff,0x7fff,0x7fff,0x7fff,
	0x7fff,0x7fff,0x7fff,0x7fff,0x7fff,0x7fff,0x7fff,0x7fff,0x7fff,0x7fff,0x7fff,0x7bff,0x73df,0x10cb,0x08ae,0x29b8,
	0x29b8,0x04af,0x04af,0x2db8,0x2d7a,0x2d7b,0x317b,0x317b,0x317b,0x317b,0x2d7b,0x2d7b,0x2d7b,0x2d7b,0x2d7b,0x2d7b,
	0x2d7b,0x2d7b,0x2d7b,0x2d7b,0x2d7b,0x2d7b,0x2d7b,0x2d7b,0x2d7b,0x2d7b,0x2d7b,0x2d7b,0x2d7b,0x2d7b,0x2d7b,0x2d7b,
	0x2d7b,0x2d7b,0x317b,0x2d7b,0x2d7b,0x299a,0x00af,0x00af,0x2d9a,0x2d9a,0x04af,0x08cc,0x73ff,0x7fff,0x7fff,0x7fff,
	0x7fff,0x7fff,0x7fff,0x7fff,0x7fff,0x7fff,0x7fff,0x7fff,0x7fff,0x7fff,0x7fff,0x7fff,0x7fff,0x7fff,0x7fff,0x7fff,
	0x7fff,0x7fff,0x7fff,0x7fff,0x7fff,0x7fff,0x7fff,0x7fff,0x7fff,0x7fff,0x7fff,0x7fff,0x7fff,0x7fff,0x7fff,0x7fff,
	0x7fff,0x7fff,0x7fff,0x7fff,0x7fff,0x7fff,0x7fff,0x7fff,0x7fff,0x7fff,0x7fff,0x7fff,0x7fff,0x7fff,0x7fff,0x7fff,
	0x7fff,0x7fff,0x7fff,0x7fff,0x7fff,0x7fff,0x7fff,0x7fff,0x7fff,0x77ff,0x08cc,0x04af,0x2d9a,0x2d9a,0x00af,0x00af,
	0x299a,0x2d7b,0x2d7b,0x2d7b,0x2d7b,0x2d7b,0x2d7b,0x2d7b,0x2d7b,0x2d7b,0x2d7b,0x2d7b,0x2d7b,0x2d7b,0x2d7b,0x2d7b,
	0x2d7b,0x2d7b,0x2d7b,0x2d7b,0x2d7b,0x2d7b,0x2d7b,0x2d7b,0x2d7b,0x2d7b,0x2d7b,0x2d7b,0x2d7b,0x2d7b,0x2d7b,0x2d7b,
	0x2d7b,0x2d7b,0x2d7b,0x2d7b,0x2d7b,0x2d7b,0x2d7b,0x2d7b,0x2d7b,0x2d7b,0x2d7b,0x2d7b,0x2d7b,0x2d7b,0x2d7b,0x2d7b,
	0x2d7b,0x2d7b,0x317b,0x2d7b,0x2d7b,0x2d7b,0x317b,0x2d9a,0x2999,0x04b0,0x04b0,0x25b8,0x29b8,0x08ae,0x0ccb,0x73df,
	0x7bff,0x7fff,0x7fff,0x7fff,0x7fff,0x7fff,0x7fff,0x7fff,0x7fff,0x7fff,0x7fff,0x7fff,0x7fff,0x7fff,0x7fff,0x7fff,
	0x7fff,0x7fff,0x7fff,0x7fff,0x7fff,0x7fff,0x7fff,0x7fff,0x7fff,0x7fff,0x7fff,0x7fff,0x7fff,0x7fff,0x7fff,0x7fff,
	0x7fff,0x7fff,0x7fff,0x7fff,0x7fff,0x7fff,0x7fff,0x7fff,0x7fff,0x7fff,0x7fff,0x7fff,0x7fff,0x7fff,0x7fff,0x7fff,
	0x7fff,0x7fff,0x7fff,0x7fff,0x7fff,0x7fff,0x7fff,0x7fff,0x7fff,0x7fff,0x7fff,0x7bff,0x73df,0x10cb,0x08ae,0x29b8,
	0x29b8,0x04af,0x04af,0x2db8,0x2d7a,0x2d7b,0x317b,0x317b,0x317b,0x317b,0x2d7b,0x2d7b,0x2d7b,0x2d7b,0x2d7b,0x2d7b,
	0x2d7b,0x2d7b,0x2d7b,0x2d7b,0x2d7b,0x2d7b,0x2d7b,0x2d7b,0x2d7b,0x2d7b,0x2d7b,0x2d7b,0x2d7b,0x2d7b,0x2d7b,0x2d7b,
	0x2d7b,0x2d7b,0x317b,0x2d7b,0x2d7b,0x299a,0x00af,0x00af,0x2d9a,0x2d9a,0x04af,0x08cc,0x73ff,0x7fff,0x7fff,0x7fff,
	0x7fff,0x7fff,0x7fff,0x7fff,0x7fff,0x7fff,0x7fff,0x7fff,0x7fff,0x7fff,0x7fff,0x7fff,0x7fff,0x7fff,0x7fff,0x7fff,
	0x7fff,0x7fff,0x7fff,0x7fff,0x7fff,0x7fff,0x7fff,0x7fff,0x7fff,0x7fff,0x7fff,0x7fff,0x7fff,0x7fff,0x7fff,0x7fff,
	0x7fff,0x7fff,0x7fff,0x7fff,0x7fff,0x7fff,0x7fff,0x7fff,0x7fff,0x7fff,0x7fff,0x7fff,0x7fff,0x7fff,0x7fff,0x7fff,
	0x7fff,0x7fff,0x7fff,0x7fff,0x7fff,0x7fff,0x7fff,0x7fff,0x7fff,0x77ff,0x08cc,0x04af,0x2d9a,0x2d9a,0x00af,0x00af,
	0x299a,0x2d7b,0x2d7b,0x2d7b,0x2d7b,0x2d7b,0x2d7b,0x2d7b,0x2d7b,0x2d7b,0x2d7b,0x2d7b,0x2d7b,0x2d7b,0x2d7b,0x2d7b,
	0x2d7b,0x2d7b,0x2d7b,0x2d7b,0x2d7b,0x2d7b,0x2d7b,0x2d7b,0x2d7b,0x2d7b,0x2d7b,0x2d7b,0x2d7b,0x2d7b,0x2d7b,0x2d7b,
	0x2d7b,0x2d7b,0x2d7b,0x2d7b,0x2d7b,0x2d7b,0x2d7b,0x2d7b,0x2d7b,0x2d7b,0x2d7b,0x2d7b,0x2d7b,0x2d7b,0x2d7b,0x2d7b,
	0x2d7b,0x2d7b,0x317b,0x317b,0x2d7b,0x2d7b,0x317b,0x2d9a,0x2999,0x04b0,0x04b0,0x25b8,0x29b8,0x08ae,0x0ccb,0x73df,
	0x7bff,0x7fff,0x7fff,0x7fff,0x7fff,0x7fff,0x7fff,0x7fff,0x7fff,0x7fff,0x7fff,0x7fff,0x7fff,0x7fff,0x7fff,0x7fff,
	0x7fff,0x7fff,0x7fff,0x7fff,0x7fff,0x7fff,0x7fff,0x7fff,0x7fff,0x7fff,0x7fff,0x7fff,0x7fff,0x7fff,0x7fff,0x7fff,
	0x7fff,0x7fff,0x7fff,0x7fff,0x7fff,0x7fff,0x7fff,0x7fff,0x7fff,0x7fff,0x7fff,0x7fff,0x7fff,0x7fff,0x7fff,0x7fff,
	0x7fff,0x7fff,0x7fff,0x7fff,0x7fff,0x7fff,0x7fff,0x7fff,0x7fff,0x7fff,0x7fff,0x7bff,0x73df,0x10cb,0x08ae,0x29b8,
	0x29b8,0x04af,0x04af,0x2db9,0x2d9a,0x2d7b,0x317b,0x317b,0x317b,0x317b,0x2d7b,0x2d7b,0x2d7b,0x2d7b,0x2d7b,0x2d7b,
	0x2d7b,0x2d7b,0x2d7b,0x2d7b,0x2d7b,0x2d7b,0x2d7b,0x2d7b,0x2d7b,0x2d7b,0x2d7b,0x2d7b,0x2d7b,0x2d7b,0x2d7b,0x2d7b,
	0x2d7b,0x2d7b,0x317b,0x2d7b,0x2d7b,0x2d9a,0x04af,0x00af,0x299a,0x299a,0x04af,0x08cc,0x73ff,0x7fff,0x7fff,0x7fff,
	0x7fff,0x7fff,0x7fff,0x7fff,0x7fff,0x7fff,0x7fff,0x7fff,0x7fff,0x7fff,0x7fff,0x7fff,0x7fff,0x7fff,0x7fff,0x7fff,
	0x7fff,0x7fff,0x7fff,0x7fff,0x7fff,0x7fff,0x7fff,0x7fff,0x7fff,0x7fff,0x7fff,0x7fff,0x7fff,0x7fff,0x7fff,0x7fff,
	0x7fff,0x7fff,0x7fff,0x7fff,0x7fff,0x7fff,0x7fff,0x7fff,0x7fff,0x7fff,0x7fff,0x7fff,0x7fff,0x7fff,0x7fff,0x7fff,
	0x7fff,0x7fff,0x7fff,0x7fff,0x7fff,0x7fff,0x7fff,0x7fff,0x7fff,0x77ff,0x08cc,0x04af,0x2d9a,0x2d9a,0x00af,0x00af,
	0x299a,0x2d7b,0x2d7b,0x2d7b,0x2d7b,0x2d7b,0x2d7b,0x2d7b,0x2d7b,0x2d7b,0x2d7b,0x2d7b,0x2d7b,0x2d7b,0x2d7b,0x2d7b,
	0x2d7b,0x2d7b,0x2d7b,0x2d7b,0x2d7b,0x2d7b,0x2d7b,0x2d7b,0x2d7b,0x2d7b,0x2d7b,0x2d7b,0x2d7b,0x2d7b,0x2d7b,0x2d7b,
	0x2d7b,0x2d7b,0x2d7b,0x2d7b,0x2d7b,0x2d7b,0x2d7b,0x2d7b,0x2d7b,0x2d7b,0x2d7b,0x2d7b,0x2d7b,0x2d7b,0x2d7b,0x2d7b,
	0x2d7b,0x2d7b,0x317b,0x317b,0x317c,0x317c,0x317b,0x2d9a,0x29b9,0x048f,0x0490,0x29b9,0x2598,0x08af,0x0ccc,0x73df,
	0x7fff,0x7fff,0x7fff,0x7fff,0x7fff,0x7fff,0x7fff,0x7fff,0x7fff,0x7fff,0x7fff,0x7fff,0x7fff,0x7fff,0x7fff,0x7fff,
	0x7fff,0x7fff,0x7fff,0x7fff,0x7fff,0x7fff,0x7fff,0x7fff,0x7fff,0x7fff,0x7fff,0x7fff,0x7fff,0x7fff,0x7fff,0x7fff,
	0x7fff,0x7fff,0x7fff,0x7fff,0x7fff,0x7fff,0x7fff,0x7fff,0x7fff,0x7fff,0x7fff,0x7fff,0x7fff,0x7fff,0x7fff,0x7fff,
	0x7fff,0x7fff,0x7fff,0x7fff,0x7fff,0x7fff,0x7fff,0x7fff,0x7fff,0x7fff,0x7fff,0x7bff,0x73df,0x0ccb,0x0cae,0x29b8,
	0x25b7,0x08b0,0x048f,0x29b9,0x2d9a,0x2d7b,0x319b,0x2d7a,0x317b,0x317b,0x2d7b,0x2d7b,0x2d7b,0x2d7b,0x2d7c,0x2d7c,
	0x2d7b,0x2d7b,0x2d7b,0x2d7b,0x2d7b,0x2d7b,0x2d7b,0x2d7b,0x2d7b,0x2d7b,0x2d7b,0x2d7b,0x2d7b,0x2d7b,0x2d7b,0x2d7b,
	0x317b,0x2d7b,0x2d7b,0x2d7b,0x317c,0x2d7a,0x04af,0x00ae,0x299a,0x299a,0x008e,0x0cec,0x73df,0x7fff,0x7fff,0x7ffe,
	0x7fff,0x7fff,0x7fff,0x7fff,0x7fff,0x7fff,0x7fff,0x7fff,0x7fff,0x7fff,0x7fff,0x7fff,0x7fff,0x7fff,0x7fff,0x7fff,
	0x7fff,0x7fff,0x7fff,0x7fff,0x7fff,0x7fff,0x7fff,0x7fff,0x7fff,0x7fff,0x7fff,0x7fff,0x7fff,0x7fff,0x7fff,0x7fff,
	0x7fff,0x7fff,0x7fff,0x7fff,0x7fff,0x7fff,0x7fff,0x7fff,0x7fff,0x7fff,0x7fff,0x7fff,0x7fff,0x7fff,0x7fff,0x7fff,
	0x7fff,0x7fff,0x7fff,0x7fff,0x7fff,0x7fff,0x7fff,0x7fff,0x7fff,0x73df,0x08cc,0x08d0,0x2979,0x299a,0x00af,0x00af,
	0x299a,0x2d7b,0x2d7b,0x2d7b,0x2d7b,0x2d7b,0x2d7b,0x2d7b,0x2d7b,0x2d7b,0x2d7b,0x2d7b,0x2d7b,0x2d7b,0x2d7b,0x2d7b,
	0x2d7b,0x2d7b,0x2d7b,0x2d7b,0x2d7b,0x2d7b,0x2d7b,0x2d7b,0x2d7b,0x2d7b,0x2d7b,0x2d7b,0x2d7b,0x2d7b,0x2d7b,0x2d7b,
	0x2d7b,0x2d7b,0x2d7b,0x2d7b,0x2d7b,0x2d7b,0x2d7b,0x2d7b,0x2d7b,0x2d7b,0x2d7b,0x2d7b,0x2d7b,0x2d7b,0x2d7b,0x2d7b,
	0x2d7b,0x2d7b,0x317b,0x317c,0x317c,0x317c,0x2d7b,0x2d9a,0x29b9,0x04b0,0x04b0,0x29b8,0x2db9,0x08ae,0x08cb,0x6fdf,
	0x7fff,0x7fff,0x7fff,0x7fff,0x7fff,0x7fff,0x7fff,0x7fff,0x7fff,0x7fff,0x7fff,0x7fff,0x7fff,0x7fff,0x7fff,0x7fff,
	0x7fff,0x7fff,0x7fff,0x7fff,0x7fff,0x7fff,0x7fff,0x7fff,0x7fff,0x7fff,0x7fff,0x7fff,0x7fff,0x7fff,0x7fff,0x7fff,
	0x7fff,0x7fff,0x7fff,0x7fff,0x7fff,0x7fff,0x7fff,0x7fff,0x7fff,0x7fff,0x7fff,0x7fff,0x7fff,0x7fff,0x7fff,0x7fff,
	0x7fff,0x7fff,0x7fff,0x7fff,0x7fff,0x7fff,0x7fff,0x7fff,0x7fff,0x7fff,0x7fff,0x7bff,0x6fdf,0x10ec,0x08ae,0x29b8,
	0x29d8,0x08b0,0x048f,0x2db9,0x2d9a,0x2d7a,0x317b,0x319b,0x317b,0x317b,0x2d7b,0x2d7b,0x2d7b,0x2d7b,0x2d7c,0x2d7c,
	0x2d7b,0x2d7b,0x2d7b,0x2d7b,0x2d7b,0x2d7b,0x2d7b,0x2d7b,0x2d7b,0x2d7b,0x2d7b,0x2d7b,0x2d7b,0x2d7b,0x2d7b,0x2d7b,
	0x317b,0x317b,0x2d7b,0x2d7b,0x317c,0x2d7a,0x04af,0x00af,0x299a,0x2d9b,0x04af,0x08cb,0x73df,0x7bdf,0x7ffe,0x7fff,
	0x7fff,0x7fff,0x7fff,0x7fff,0x7fff,0x7fff,0x7fff,0x7fff,0x7fff,0x7fff,0x7fff,0x7fff,0x7fff,0x7fff,0x7fff,0x7fff,
	0x7fff,0x7fff,0x7fff,0x7fff,0x7fff,0x7fff,0x7fff,0x7fff,0x7fff,0x7fff,0x7fff,0x7fff,0x7fff,0x7fff,0x7fff,0x7fff,
	0x7fff,0x7fff,0x7fff,0x7fff,0x7fff,0x7fff,0x7fff,0x7fff,0x7fff,0x7fff,0x7fff,0x7fff,0x7fff,0x7fff,0x7fff,0x7fff,
	0x7fff,0x7fff,0x7fff,0x7fff,0x7fff,0x7fff,0x7fff,0x7fff,0x7fff,0x77ff,0x04ac,0x048f,0x31bb,0x299a,0x00af,0x00af,
	0x299a,0x2d7b,0x2d7b,0x2d7b,0x2d7b,0x2d7b,0x2d7b,0x2d7b,0x2d7b,0x2d7b,0x2d7b,0x2d7b,0x2d7b,0x2d7b,0x2d7b,0x2d7b,
	0x2d7b,0x2d7b,0x2d7b,0x2d7b,0x2d7b,0x2d7b,0x2d7b,0x2d7b,0x2d7b,0x2d7b,0x2d7b,0x2d7b,0x2d7b,0x2d7b,0x2d7b,0x2d7b,
	0x2d7b,0x2d7b,0x2d7b,0x2d7b,0x2d7b,0x2d7b,0x2d7b,0x2d7b,0x2d7b,0x2d7b,0x2d7b,0x2d7b,0x2d7b,0x2d7b,0x2d7b,0x2d7b,
	0x2d7b,0x2d7b,0x2d7b,0x317c,0x317c,0x317c,0x2d7b,0x2d9a,0x2598,0x04af,0x04b0,0x25b7,0x29b7,0x08ae,0x10ec,0x73ff,
	0x7bff,0x7fff,0x7fff,0x7fff,0x7fff,0x7fff,0x7fff,0x7fff,0x7fff,0x7fff,0x7fff,0x7fff,0x7fff,0x7fff,0x7fff,0x7fff,
	0x7fff,0x7fff,0x7fff,0x7fff,0x7fff,0x7fff,0x7fff,0x7fff,0x7fff,0x7fff,0x7fff,0x7fff,0x7fff,0x7fff,0x7fff,0x7fff,
	0x7fff,0x7fff,0x7fff,0x7fff,0x7fff,0x7fff,0x7fff,0x7fff,0x7fff,0x7fff,0x7fff,0x7fff,0x7fff,0x7fff,0x7fff,0x7fff,
	0x7fff,0x7fff,0x7fff,0x7fff,0x7fff,0x7fff,0x7fff,0x7fff,0x7fff,0x7fff,0x7bff,0x73df,0x6fdf,0x10ec,0x08ae,0x29b8,
	0x25b8,0x048f,0x048f,0x29b9,0x2d9b,0x2d7b,0x317b,0x2d7b,0x317b,0x317b,0x2d7b,0x2d7b,0x2d7b,0x2d7b,0x2d7b,0x2d7c,
	0x2d7b,0x2d7b,0x2d7b,0x2d7b,0x2d7b,0x2d7b,0x2d7b,0x2d7b,0x2d7b,0x2d7b,0x2d7b,0x2d7b,0x2d7b,0x2d7b,0x2d7b,0x2d7b,
	0x317b,0x2d7b,0x2d7b,0x2d7b,0x317c,0x2d7a,0x04af,0x00af,0x299a,0x299a,0x04af,0x08ac,0x77ff,0x7fff,0x7fff,0x7ffe,
	0x7fff,0x7fff,0x7fff,0x7fff,0x7fff,0x7fff,0x7fff,0x7fff,0x7fff,0x7fff,0x7fff,0x7fff,0x7fff,0x7fff,0x7fff,0x7fff,
	0x7fff,0x7fff,0x7fff,0x7fff,0x7fff,0x7fff,0x7fff,0x7fff,0x7fff,0x7fff,0x7fff,0x7fff,0x7fff,0x7fff,0x7fff,0x7fff,
	0x7fff,0x7fff,0x7fff,0x7fff,0x7fff,0x7fff,0x7fff,0x7fff,0x7fff,0x7fff,0x7fff,0x7fff,0x7fff,0x7fff,0x7fff,0x7fff,
	0x7fff,0x7fff,0x7fff,0x7fff,0x7fff,0x7fff,0x7fff,0x7fff,0x7bff,0x77df,0x08ac,0x08b0,0x2d9a,0x2d9a,0x00af,0x00af,
	0x299a,0x2d7b,0x2d7b,0x2d7b,0x2d7b,0x2d7b,0x2d7b,0x2d7b,0x2d7b,0x2d7b,0x2d7b,0x2d7b,0x2d7b,0x2d7b,0x2d7b,0x2d7b,
	0x2d7b,0x2d7b,0x2d7b,0x2d7b,0x2d7b,0x2d7b,0x2d7b,0x2d7b,0x2d7b,0x2d7b,0x2d7b,0x2d7b,0x2d7b,0x2d7b,0x2d7b,0x2d7b,
	0x2d7b,0x2d7b,0x2d7b,0x2d7b,0x2d7b,0x2d7b,0x2d7b,0x2d7b,0x2d7b,0x2d7b,0x2d7b,0x2d7b,0x2d7b,0x2d7b,0x2d7b,0x2d7b,
	0x2d7b,0x2d7b,0x2d7b,0x317c,0x317c,0x317b,0x2d7b,0x2d9a,0x2db9,0x08b0,0x008e,0x25b7,0x2dd8,0x08ad,0x08ca,0x73df,
	0x7bff,0x7fff,0x7fff,0x7fff,0x7fff,0x7fff,0x7fff,0x7fff,0x7fff,0x7fff,0x7fff,0x7fff,0x7fff,0x7fff,0x7fff,0x7fff,
	0x7fff,0x7fff,0x7fff,0x7fff,0x7fff,0x7fff,0x7fff,0x7fff,0x7fff,0x7fff,0x7fff,0x7fff,0x7fff,0x7fff,0x7fff,0x7fff,
	0x7fff,0x7fff,0x7fff,0x7fff,0x7fff,0x7fff,0x7fff,0x7fff,0x7fff,0x7fff,0x7fff,0x7fff,0x7fff,0x7fff,0x7fff,0x7fff,
	0x7fff,0x7fff,0x7fff,0x7fff,0x7fff,0x7fff,0x7fff,0x7fff,0x7fff,0x7fff,0x7bff,0x77ff,0x6fdf,0x08ab,0x08ae,0x29b8,
	0x29d9,0x04b0,0x0490,0x2999,0x297a,0x2d9c,0x2d7b,0x2d7b,0x317b,0x2d7b,0x2d7c,0x2d7b,0x2d7b,0x2d7b,0x2d7b,0x2d7b,
	0x2d7b,0x2d7b,0x2d7b,0x2d7b,0x2d7b,0x2d7b,0x2d7b,0x2d7b,0x2d7b,0x2d7b,0x2d7b,0x2d7b,0x2d7b,0x2d7b,0x2d7b,0x2d7b,
	0x317b,0x2d7b,0x2d7b,0x2d7c,0x317c,0x2d9a,0x04af,0x00af,0x299a,0x299a,0x04af,0x0ced,0x73df,0x7bff,0x7fff,0x7fff,
	0x7fff,0x7fff,0x7fff,0x7fff,0x7fff,0x7fff,0x7fff,0x7fff,0x7fff,0x7fff,0x7fff,0x7fff,0x7fff,0x7fff,0x7fff,0x7fff,
	0x7fff,0x7fff,0x7fff,0x7fff,0x7fff,0x7fff,0x7fff,0x7fff,0x7fff,0x7fff,0x7fff,0x7fff,0x7fff,0x7fff,0x7fff,0x7fff,
	0x7fff,0x7fff,0x7fff,0x7fff,0x7fff,0x7fff,0x7fff,0x7fff,0x7fff,0x7fff,0x7fff,0x7fff,0x7fff,0x7fff,0x7fff,0x7fff,
	0x7fff,0x7fff,0x7fff,0x7fff,0x7fff,0x7fff,0x7bff,0x7bff,0x7fff,0x77df,0x0ccd,0x04af,0x2d9a,0x2d9a,0x008f,0x04b0,
	0x299a,0x2d7b,0x2d7b,0x2d7b,0x2d7b,0x2d7b,0x2d7b,0x2d7b,0x2d7b,0x2d7b,0x2d7b,0x2d7b,0x2d7b,0x2d7b,0x2d7b,0x2d7b,
	0x2d7b,0x2d7b,0x2d7b,0x2d7b,0x2d7b,0x2d7b,0x2d7b,0x2d7b,0x2d7b,0x2d7b,0x2d7b,0x2d7b,0x2d7b,0x2d7b,0x2d7b,0x2d7b,
	0x2d7b,0x2d7b,0x2d7b,0x2d7b,0x2d7b,0x2d7b,0x2d7b,0x2d7b,0x2d7b,0x2d7b,0x2d7b,0x2d7b,0x2d7b,0x2d7b,0x2d7b,0x2d7b,
	0x2d7b,0x2d7b,0x2d7b,0x317c,0x317c,0x317b,0x2d7b,0x2d9a,0x2998,0x04af,0x04af,0x29d8,0x29b7,0x08ad,0x0ceb,0x6fdf,
	0x7bff,0x7fff,0x7fff,0x7fff,0x7fff,0x7fff,0x7fff,0x7fff,0x7fff,0x7fff,0x7fff,0x7fff,0x7fff,0x7fff,0x7fff,0x7fff,
	0x7fff,0x7fff,0x7fff,0x7fff,0x7fff,0x7fff,0x7fff,0x7fff,0x7fff,0x7fff,0x7fff,0x7fff,0x7fff,0x7fff,0x7fff,0x7fff,
	0x7fff,0x7fff,0x7fff,0x7fff,0x7fff,0x7fff,0x7fff,0x7fff,0x7fff,0x7fff,0x7fff,0x7fff,0x7fff,0x7fff,0x7fff,0x7fff,
	0x7fff,0x7fff,0x7fff,0x7fff,0x7fff,0x7fff,0x7fff,0x7fff,0x7fff,0x7fff,0x7bff,0x77ff,0x6fdf,0x10eb,0x10cf,0x29b7,
	0x25b7,0x048f,0x0490,0x2999,0x297a,0x2d7b,0x2d7b,0x317c,0x2d7b,0x2d7b,0x2d7c,0x2d7b,0x2d7b,0x2d7b,0x2d7b,0x2d7b,
	0x2d7b,0x2d7b,0x2d7b,0x2d7b,0x2d7b,0x2d7b,0x2d7b,0x2d7b,0x2d7b,0x2d7b,0x2d7b,0x2d7b,0x2d7b,0x2d7b,0x2d7b,0x2d7b,
	0x2d7b,0x2d7b,0x2d7c,0x2d7c,0x2d7b,0x2d9a,0x04af,0x00af,0x2599,0x29b9,0x008e,0x08cc,0x73ff,0x7bff,0x7bff,0x7bfe,
	0x7fff,0x7fff,0x7fff,0x7fff,0x7fff,0x7fff,0x7fff,0x7fff,0x7fff,0x7fff,0x7fff,0x7fff,0x7fff,0x7fff,0x7fff,0x7fff,
	0x7fff,0x7fff,0x7fff,0x7fff,0x7fff,0x7fff,0x7fff,0x7fff,0x7fff,0x7fff,0x7fff,0x7fff,0x7fff,0x7fff,0x7fff,0x7fff,
	0x7fff,0x7fff,0x7fff,0x7fff,0x7fff,0x7fff,0x7fff,0x7fff,0x7fff,0x7fff,0x7fff,0x7fff,0x7fff,0x7fff,0x7fff,0x7fff,
	0x7bff,0x7bff,0x7fff,0x7fff,0x7fff,0x7bff,0x7bfe,0x7bff,0x7bff,0x73df,0x08ec,0x048e,0x2dba,0x2d99,0x04b0,0x008f,
	0x2d9a,0x2d7b,0x2d7b,0x2d7b,0x2d7b,0x2d7b,0x2d7b,0x2d7b,0x2d7b,0x2d7b,0x2d7b,0x2d7b,0x2d7b,0x2d7b,0x2d7b,0x2d7b,
	0x2d7b,0x2d7b,0x2d7b,0x2d7b,0x2d7b,0x2d7b,0x2d7b,0x2d7b,0x2d7b,0x2d7b,0x2d7b,0x2d7b,0x2d7b,0x2d7b,0x2d7b,0x2d7b,
	0x2d7b,0x2d7b,0x2d7b,0x2d7b,0x2d7b,0x2d7b,0x2d7b,0x2d7b,0x2d7b,0x2d7b,0x2d7b,0x2d7b,0x2d7b,0x2d7b,0x2d7b,0x2d7b,
	0x2d7b,0x2d7b,0x2d7b,0x317c,0x317b,0x317b,0x2d7b,0x2d9a,0x29b9,0x048f,0x008e,0x29d8,0x29b7,0x08ae,0x0cec,0x6bdf,
	0x77ff,0x7bff,0x7bff,0x7bff,0x7bff,0x7bff,0x7bff,0x7bff,0x7bff,0x7bff,0x7bff,0x7bff,0x7bff,0x7bff,0x7bff,0x7bff,
	0x7bff,0x7bff,0x7bff,0x7bff,0x7bff,0x7bff,0x7bff,0x7bff,0x7bff,0x7bff,0x7bff,0x7bff,0x7bff,0x7bff,0x7bff,0x7bff,
	0x7bff,0x7bff,0x7bff,0x7bff,0x7bff,0x7bff,0x7bff,0x7bff,0x7bff,0x7bff,0x7bff,0x7bff,0x7bff,0x7bff,0x7bff,0x7bff,
	0x7bff,0x7bff,0x7bff,0x7bff,0x7bff,0x7bff,0x7bff,0x7bff,0x7bff,0x7bff,0x77ff,0x73ff,0x73ff,0x08cb,0x08ad,0x29b7,
	0x29b8,0x04b0,0x048f,0x2999,0x2d9b,0x2d7b,0x2d7b,0x2d7c,0x2d7b,0x2d7c,0x2d7c,0x2d7b,0x2d7b,0x2d7b,0x2d7b,0x2d7b,
	0x2d7b,0x2d7b,0x2d7b,0x2d7b,0x2d7b,0x2d7b,0x2d7b,0x2d7b,0x2d7b,0x2d7b,0x2d7b,0x2d7b,0x2d7b,0x2d7b,0x2d7b,0x2d7b,
	0x2d7b,0x2d7b,0x2d7c,0x2d7b,0x2d7b,0x299a,0x04af,0x00af,0x29b9,0x29b9,0x04ae,0x08cd,0x6fdf,0x77ff,0x7bff,0x7bff,
	0x7bff,0x7bff,0x7bff,0x7bff,0x7bff,0x7bff,0x7bff,0x7bff,0x7bff,0x7bff,0x7bff,0x7bff,0x7bff,0x7bff,0x7bff,0x7bff,
	0x7bff,0x7bff,0x7bff,0x7bff,0x7bff,0x7bff,0x7bff,0x7bff,0x7bff,0x7bff,0x7bff,0x7bff,0x7bff,0x7bff,0x7bff,0x7bff,
	0x7bff,0x7bff,0x7bff,0x7bff,0x7bff,0x7bff,0x7bff,0x7bff,0x7bff,0x7bff,0x7bff,0x7bff,0x7bff,0x7bff,0x7bff,0x7bff,
	0x77ff,0x77ff,0x7bff,0x7bff,0x7bff,0x77ff,0x77ff,0x77ff,0x77ff,0x73ff,0x08cc,0x04ae,0x2999,0x2999,0x04cf,0x04d0,
	0x2d9a,0x2d7b,0x2d7b,0x2d7b,0x2d7b,0x2d7b,0x2d7b,0x2d7b,0x2d7b,0x2d7b,0x2d7b,0x2d7b,0x2d7b,0x2d7b,0x2d7b,0x2d7b,
	0x2d7b,0x2d7b,0x2d7b,0x2d7b,0x2d7b,0x2d7b,0x2d7b,0x2d7b,0x2d7b,0x2d7b,0x2d7b,0x2d7b,0x2d7b,0x2d7b,0x2d7b,0x2d7b,
	0x2d7b,0x2d7b,0x2d7b,0x2d7b,0x2d7b,0x2d7b,0x2d7b,0x2d7b,0x2d7b,0x2d7b,0x2d7b,0x2d7b,0x2d7b,0x2d7b,0x2d7b,0x2d7b,
	0x2d7b,0x2d7b,0x2d7b,0x317c,0x317b,0x2d7b,0x2d7b,0x2d9a,0x2598,0x08b1,0x04b0,0x25b7,0x29b8,0x04ae,0x0cee,0x67bf,
	0x6fdf,0x73df,0x73df,0x73df,0x73df,0x73df,0x73df,0x73df,0x73df,0x73df,0x73df,0x73df,0x73df,0x73df,0x73df,0x73df,
	0x73df,0x73df,0x73df,0x73df,0x73df,0x73df,0x73df,0x73df,0x73df,0x73df,0x73df,0x73df,0x73df,0x73df,0x73df,0x73df,
	0x73df,0x73df,0x73df,0x73df,0x73df,0x73df,0x73df,0x73df,0x73df,0x73df,0x73df,0x73df,0x73df,0x73df,0x73df,0x73df,
	0x73df,0x73df,0x73df,0x73df,0x73df,0x73df,0x73df,0x73df,0x73df,0x6fbf,0x6fdf,0x6bdf,0x67bf,0x08ec,0x04ad,0x29d8,
	0x25b7,0x08d1,0x04b0,0x2999,0x2d9b,0x2d7b,0x2d7b,0x2d7b,0x2d7c,0x2d7c,0x2d7c,0x2d7b,0x2d7b,0x2d7b,0x317b,0x317b,
	0x2d7b,0x2d7b,0x2d7b,0x2d7b,0x2d7b,0x2d7b,0x2d7b,0x2d7b,0x2d7b,0x2d7b,0x2d7b,0x2d7b,0x2d7b,0x2d7b,0x2d7b,0x2d7b,
	0x317b,0x2d7b,0x2d7b,0x2d7b,0x2d7b,0x2999,0x04af,0x00ae,0x25b8,0x29b9,0x00ae,0x04cd,0x67bf,0x73ff,0x6bbf,0x73df,
	0x73df,0x73df,0x73df,0x73df,0x73df,0x73df,0x73df,0x73df,0x73df,0x73df,0x73df,0x73df,0x73df,0x73df,0x73df,0x73df,
	0x73df,0x73df,0x73df,0x73df,0x73df,0x73df,0x73df,0x73df,0x73df,0x73df,0x73df,0x73df,0x73df,0x73df,0x73df,0x73df,
	0x73df,0x73df,0x73df,0x73df,0x73df,0x73df,0x73df,0x73df,0x73df,0x73df,0x73df,0x73df,0x73df,0x73df,0x73df,0x73df,
	0x6fdf,0x6fdf,0x73df,0x73df,0x73df,0x73df,0x6fdf,0x6fdf,0x73df,0x6bbf,0x04cd,0x04ae,0x29b8,0x29b9,0x008e,0x008e,
	0x2d9a,0x2d7b,0x2d7b,0x2d7b,0x2d7b,0x2d7b,0x2d7b,0x2d7b,0x2d7b,0x2d7b,0x2d7b,0x2d7b,0x2d7b,0x2d7b,0x2d7b,0x2d7b,
	0x2d7b,0x2d7b,0x2d7b,0x2d7b,0x2d7b,0x2d7b,0x2d7b,0x2d7b,0x2d7b,0x2d7b,0x2d7b,0x2d7b,0x2d7b,0x2d7b,0x2d7b,0x2d7b,
	0x2d7b,0x2d7b,0x2d7b,0x2d7b,0x2d7b,0x2d7b,0x2d7b,0x2d7b,0x2d7b,0x2d7b,0x2d7b,0x2d7b,0x2d7b,0x2d7b,0x2d7b,0x2d7b,
	0x2d7b,0x2d7b,0x317b,0x317c,0x317b,0x2d7b,0x2d7b,0x299a,0x29ba,0x0490,0x008f,0x04b0,0x00af,0x04af,0x04ad,0x08cd,
	0x0ccc,0x0ccc,0x0ccc,0x0ccc,0x0ccc,0x0ccc,0x0ccc,0x0ccc,0x0ccc,0x0ccc,0x0ccc,0x0ccc,0x0ccc,0x0ccc,0x0ccc,0x0ccc,
	0x0ccc,0x0ccb,0x0ccc,0x0ccb,0x0ccc,0x0ccb,0x0ccc,0x0ccb,0x0ccc,0x0ccb,0x0ccc,0x0ccb,0x0ccc,0x0ccb,0x0ccc,0x0ccb,
	0x0ccc,0x0ccb,0x0ccc,0x0ccb,0x0ccc,0x0ccb,0x0ccc,0x0ccb,0x0ccc,0x0ccb,0x0ccc,0x0ccb,0x0ccc,0x0ccb,0x0ccc,0x0ccb,
	0x10cb,0x0ccb,0x0ccc,0x0ccc,0x0ccc,0x0ccb,0x0ccb,0x0ccc,0x0ccb,0x10ec,0x0ccb,0x0cec,0x08cc,0x04cd,0x04af,0x00af,
	0x04d0,0x008e,0x08b0,0x29b9,0x2d9a,0x2d7b,0x2d7b,0x2d7b,0x2d7b,0x2d7c,0x2d7c,0x2d7b,0x2d7b,0x2d7b,0x317b,0x317b,
	0x2d7b,0x2d7b,0x2d7b,0x2d7b,0x2d7b,0x2d7b,0x2d7b,0x2d7b,0x2d7b,0x2d7b,0x2d7b,0x2d7b,0x2d7b,0x2d7b,0x2d7b,0x2d7b,
	0x317b,0x2d7b,0x2d7b,0x2d7b,0x2d7b,0x2999,0x04af,0x00ae,0x04b0,0x0090,0x00af,0x04ce,0x08cc,0x0ccc,0x10ec,0x0ccb,
	0x0ccc,0x0ccb,0x0ccc,0x0ccb,0x0ccc,0x0ccb,0x0ccc,0x0ccb,0x0ccc,0x0ccb,0x0ccc,0x0ccb,0x0ccc,0x0ccb,0x0ccc,0x0ccb,
	0x0ccc,0x0ccb,0x0ccc,0x0ccb,0x0ccc,0x0ccb,0x0ccc,0x0ccb,0x0ccc,0x0ccb,0x0ccc,0x0ccb,0x0ccc,0x0ccb,0x0ccc,0x0ccb,
	0x0ccc,0x0ccb,0x0ccc,0x0ccb,0x0ccc,0x0ccb,0x0ccc,0x0ccb,0x0ccc,0x0ccb,0x0ccc,0x0ccb,0x0ccc,0x0ccb,0x0ccc,0x0ccb,
	0x0ccb,0x0ccc,0x10cc,0x10cc,0x10cb,0x10cb,0x0ccb,0x0ccb,0x0ccc,0x08cc,0x04ad,0x00ae,0x048f,0x048f,0x04cf,0x04af,
	0x299a,0x2d7b,0x2d7b,0x2d7b,0x2d7b,0x2d7b,0x2d7b,0x2d7b,0x2d7b,0x2d7b,0x2d7b,0x2d7b,0x2d7b,0x2d7b,0x2d7b,0x2d7b,
	0x2d7b,0x2d7b,0x2d7b,0x2d7b,0x2d7b,0x2d7b,0x2d7b,0x2d7b,0x2d7b,0x2d7b,0x2d7b,0x2d7b,0x2d7b,0x2d7b,0x2d7b,0x2d7b,
	0x2d7b,0x2d7b,0x2d7b,0x2d7b,0x2d7b,0x2d7b,0x2d7b,0x2d7b,0x2d7b,0x2d7b,0x2d7b,0x2d7b,0x2d7b,0x2d7b,0x2d7b,0x2d7b,
	0x2d7b,0x317b,0x317c,0x317c,0x317b,0x2d7b,0x2d7b,0x299a,0x2999,0x04b0,0x00af,0x00af,0x00af,0x00ae,0x00cd,0x00ad,
	0x08ae,0x08ae,0x08ae,0x08ae,0x08ae,0x08ae,0x08ae,0x08ae,0x08ae,0x08ae,0x08ae,0x08ae,0x08ae,0x08ae,0x08ae,0x08ae,
	0x08ae,0x08ae,0x08ae,0x08ae,0x08ae,0x08ae,0x08ae,0x08ae,0x08ae,0x08ae,0x08ae,0x08ae,0x08ae,0x08ae,0x08ae,0x08ae,
	0x08ae,0x08ae,0x08ae,0x08ae,0x08ae,0x08ae,0x08ae,0x08ae,0x08ae,0x08ae,0x08ae,0x08ae,0x08ae,0x08ae,0x08ae,0x08ae,
	0x08ae,0x08ae,0x08ae,0x08ae,0x08ae,0x08ae,0x08ae,0x08ae,0x08ae,0x0ccf,0x08ad,0x08ce,0x00ad,0x04ce,0x00af,0x00af,
	0x00af,0x04af,0x04af,0x2998,0x2d9a,0x2d9b,0x2d7b,0x2d9c,0x2d7b,0x2d7b,0x2d7c,0x2d7b,0x2d7b,0x2d7b,0x317b,0x317b,
	0x2d7b,0x2d7b,0x2d7b,0x2d7b,0x2d7b,0x2d7b,0x2d7b,0x2d7b,0x2d7b,0x2d7b,0x2d7b,0x2d7b,0x2d7b,0x2d7b,0x2d7b,0x2d7b,
	0x317c,0x317b,0x2d7b,0x2d7b,0x2d7b,0x2d9a,0x04af,0x00ae,0x0490,0x04b1,0x00af,0x00ae,0x08ce,0x08ae,0x08ae,0x08ae,
	0x08ae,0x08ae,0x08ae,0x08ae,0x08ae,0x08ae,0x08ae,0x08ae,0x08ae,0x08ae,0x08ae,0x08ae,0x08ae,0x08ae,0x08ae,0x08ae,
	0x08ae,0x08ae,0x08ae,0x08ae,0x08ae,0x08ae,0x08ae,0x08ae,0x08ae,0x08ae,0x08ae,0x08ae,0x08ae,0x08ae,0x08ae,0x08ae,
	0x08ae,0x08ae,0x08ae,0x08ae,0x08ae,0x08ae,0x08ae,0x08ae,0x08ae,0x08ae,0x08ae,0x08ae,0x08ae,0x08ae,0x08ae,0x08ae,
	0x08ae,0x08af,0x08af,0x0caf,0x0cae,0x0cae,0x08ae,0x08ae,0x08ae,0x08cf,0x00ae,0x00d0,0x0090,0x04b0,0x00ad,0x04cf,
	0x299a,0x2d7b,0x2d7b,0x2d7b,0x2d7b,0x2d7b,0x2d7b,0x2d7b,0x2d7b,0x2d7b,0x2d7b,0x2d7b,0x2d7b,0x2d7b,0x2d7b,0x2d7b,
	0x2d7b,0x2d7b,0x2d7b,0x2d7b,0x2d7b,0x2d7b,0x2d7b,0x2d7b,0x2d7b,0x2d7b,0x2d7b,0x2d7b,0x2d7b,0x2d7b,0x2d7b,0x2d7b,
	0x2d7b,0x2d7b,0x2d7b,0x2d7b,0x2d7b,0x2d7b,0x2d7b,0x2d7b,0x2d7b,0x2d7b,0x2d7b,0x2d7b,0x2d7b,0x2d7b,0x2d7b,0x2d7b,
	0x317b,0x317b,0x317c,0x317c,0x317b,0x2d7b,0x2d7b,0x299a,0x2599,0x04b0,0x00af,0x21d7,0x21d7,0x008d,0x04ef,0x575f,
	0x25b7,0x29b8,0x29b8,0x29b8,0x29b8,0x29b8,0x29b8,0x29b8,0x29b8,0x29b8,0x29b8,0x29b8,0x29b8,0x29b8,0x29b8,0x29b8,
	0x29b8,0x29b8,0x29b8,0x29b8,0x29b8,0x29b8,0x29b8,0x29b8,0x29b8,0x29b8,0x29b8,0x29b8,0x29b8,0x29b8,0x29b8,0x29b8,
	0x29b8,0x29b8,0x29b8,0x29b8,0x29b8,0x29b8,0x29b8,0x29b8,0x29b8,0x29b8,0x29b8,0x29b8,0x29b8,0x29b8,0x29b8,0x29b7,
	0x29b7,0x29b7,0x29b8,0x29b8,0x29b8,0x29b8,0x29b8,0x29b8,0x2998,0x29b8,0x25b7,0x25d7,0x25d7,0x04cf,0x00af,0x25b8,
	0x25b7,0x04ae,0x04af,0x2db9,0x2d9a,0x2d7b,0x2d9b,0x2d7b,0x2d7b,0x2d7b,0x2d7c,0x2d7b,0x2d7b,0x2d7b,0x317b,0x317b,
	0x2d7b,0x2d7b,0x2d7b,0x2d7b,0x2d7b,0x2d7b,0x2d7b,0x2d7b,0x2d7b,0x2d7b,0x2d7b,0x2d7b,0x2d7b,0x2d7b,0x2d7b,0x2d7b,
	0x317c,0x317b,0x2d7b,0x2d9b,0x2d7b,0x2d9a,0x04af,0x04ce,0x25b8,0x25b9,0x00af,0x00af,0x25b7,0x29b8,0x29b7,0x29d8,
	0x29b8,0x29b8,0x29b8,0x29b8,0x29b8,0x29b8,0x29b8,0x29b8,0x29b8,0x29b8,0x29b8,0x29b8,0x29b8,0x29b8,0x29b8,0x29b8,
	0x29b8,0x29b8,0x29b8,0x29b8,0x29b8,0x29b8,0x29b8,0x29b8,0x29b8,0x29b8,0x29b8,0x29b8,0x29b8,0x29b8,0x29b8,0x29b8,
	0x29b8,0x29b8,0x29b8,0x29b8,0x29b8,0x29b8,0x29b8,0x29b8,0x29b8,0x29b8,0x29b8,0x29b8,0x29b8,0x29b8,0x29b8,0x29b8,
	0x29b8,0x29b8,0x29b9,0x29b9,0x29b8,0x29b8,0x29b8,0x29b8,0x29b8,0x25b8,0x00af,0x00b0,0x21b8,0x25b8,0x00ce,0x00ae,
	0x299a,0x2d7b,0x2d7b,0x2d7b,0x2d7b,0x2d7b,0x2d7b,0x2d7b,0x2d7b,0x2d7b,0x2d7b,0x2d7b,0x2d7b,0x2d7b,0x2d7b,0x2d7b,
	0x2d7b,0x2d7b,0x2d7b,0x2d7b,0x2d7b,0x2d7b,0x2d7b,0x2d7b,0x2d7b,0x2d7b,0x2d7b,0x2d7b,0x2d7b,0x2d7b,0x2d7b,0x2d7b,
	0x2d7b,0x2d7b,0x2d7b,0x2d7b,0x2d7b,0x2d7b,0x2d7b,0x2d7b,0x2d7b,0x2d7b,0x2d7b,0x2d7b,0x2d7b,0x2d7b,0x2d7b,0x2d7b,
	0x317b,0x317b,0x317c,0x317c,0x317b,0x2d7b,0x2d7b,0x299a,0x2999,0x08b0,0x04af,0x25d7,0x25d7,0x08ef,0x008c,0x25f7,
	0x29d7,0x29b8,0x29b8,0x29b8,0x29b8,0x29b8,0x29b8,0x29b8,0x29b8,0x29b8,0x29b8,0x29b8,0x29b8,0x29b8,0x29b8,0x29b8,
	0x29b8,0x29b8,0x29b8,0x29b8,0x29b8,0x29b8,0x29b8,0x29b8,0x29b8,0x29b8,0x29b8,0x29b8,0x29b8,0x29b8,0x29b8,0x29b8,
	0x29b8,0x29b8,0x29b8,0x29b8,0x29b8,0x29b8,0x29b8,0x29b8,0x29b8,0x29b8,0x29b8,0x29b8,0x29b8,0x29b8,0x29b8,0x29b8,
	0x29d7,0x29b8,0x29b8,0x29b8,0x29b8,0x29b8,0x29b8,0x29b8,0x29b9,0x29b8,0x29b8,0x29d8,0x25b7,0x04ae,0x04af,0x25b7,
	0x25d7,0x08d0,0x048f,0x2999,0x299a,0x297a,0x2d9b,0x2d7b,0x2d7b,0x2d7b,0x2d7c,0x2d7b,0x2d7b,0x2d7b,0x317b,0x317b,
	0x2d7b,0x2d7b,0x2d7b,0x2d7b,0x2d7b,0x2d7b,0x2d7b,0x2d7b,0x2d7b,0x2d7b,0x2d7b,0x2d7b,0x2d7b,0x2d7b,0x2d7b,0x2d7b,
	0x317c,0x317c,0x317b,0x2d7b,0x2d7b,0x2d9a,0x04ae,0x04ae,0x25d8,0x25b8,0x00ae,0x04cf,0x25b7,0x29d8,0x29d8,0x25b7,
	0x29b8,0x29b8,0x29b8,0x29b8,0x29b8,0x29b8,0x29b8,0x29b8,0x29b8,0x29b8,0x29b8,0x29b8,0x29b8,0x29b8,0x29b8,0x29b8,
	0x29b8,0x29b8,0x29b8,0x29b8,0x29b8,0x29b8,0x29b8,0x29b8,0x29b8,0x29b8,0x29b8,0x29b8,0x29b8,0x29b8,0x29b8,0x29b8,
	0x29b8,0x29b8,0x29b8,0x29b8,0x29b8,0x29b8,0x29b8,0x29b8,0x29b8,0x29b8,0x29b8,0x29b8,0x29b8,0x29b8,0x29b8,0x29b8,
	0x29b8,0x25b8,0x29b8,0x29b8,0x29b8,0x29b8,0x29b8,0x25b8,0x25b8,0x25b8,0x00af,0x00af,0x25d8,0x25d8,0x00ce,0x04af,
	0x2d9a,0x2d7b,0x2d7b,0x2d7b,0x2d7b,0x2d7b,0x2d7b,0x2d7b,0x2d7b,0x2d7b,0x2d7b,0x2d7b,0x2d7b,0x2d7b,0x2d7b,0x2d7b,
	0x2d7b,0x2d7b,0x2d7b,0x2d7b,0x2d7b,0x2d7b,0x2d7b,0x2d7b,0x2d7b,0x2d7b,0x2d7b,0x2d7b,0x2d7b,0x2d7b,0x2d7b,0x2d7b,
	0x2d7b,0x2d7b,0x2d7b,0x2d7b,0x2d7b,0x2d7b,0x2d7b,0x2d7b,0x2d7b,0x2d7b,0x2d7b,0x2d7b,0x2d7b,0x2d7b,0x2d7b,0x2d7b,
	0x317b,0x317b,0x317c,0x317c,0x317b,0x2d7b,0x2d7b,0x2d9a,0x29b9,0x04b0,0x008e,0x04cf,0x008e,0x00ae,0x04cf,0x00ae,
	0x04af,0x048f,0x048f,0x048f,0x048f,0x048f,0x048f,0x048f,0x048f,0x048f,0x048f,0x048f,0x048f,0x048f,0x048f,0x048f,
	0x048f,0x048f,0x048f,0x048f,0x048f,0x048f,0x048f,0x048f,0x048f,0x048f,0x048f,0x048f,0x048f,0x048f,0x048f,0x048f,
	0x048f,0x048f,0x048f,0x048f,0x048f,0x048f,0x048f,0x048f,0x048f,0x048f,0x048f,0x048f,0x048f,0x048f,0x048f,0x048f,
	0x04af,0x04af,0x048f,0x0490,0x0490,0x048f,0x048f,0x048f,0x0490,0x048f,0x048f,0x08b0,0x04ae,0x00ae,0x04af,0x08d0,
	0x048f,0x08b0,0x048f,0x2999,0x319b,0x2d7b,0x2d7b,0x2d7b,0x2d7b,0x2d7b,0x2d7b,0x2d7b,0x2d7b,0x2d7b,0x317b,0x317b,
	0x2d7b,0x2d7b,0x2d7b,0x2d7b,0x2d7b,0x2d7b,0x2d7b,0x2d7b,0x2d7b,0x2d7b,0x2d7b,0x2d7b,0x2d7b,0x2d7b,0x2d7b,0x2d7b,
	0x317c,0x317c,0x2d7b,0x2d7b,0x2d7b,0x2d9a,0x08af,0x04ae,0x04af,0x04b0,0x00ae,0x00ae,0x04ae,0x008e,0x04af,0x04b0,
	0x048f,0x048f,0x048f,0x048f,0x048f,0x048f,0x048f,0x048f,0x048f,0x048f,0x048f,0x048f,0x048f,0x048f,0x048f,0x048f,
	0x048f,0x048f,0x048f,0x048f,0x048f,0x048f,0x048f,0x048f,0x048f,0x048f,0x048f,0x048f,0x048f,0x048f,0x048f,0x048f,
	0x048f,0x048f,0x048f,0x048f,0x048f,0x048f,0x048f,0x048f,0x048f,0x048f,0x048f,0x048f,0x048f,0x048f,0x048f,0x048f,
	0x04af,0x04af,0x04af,0x04af,0x04af,0x04af,0x04b0,0x04b0,0x04b0,0x04b0,0x00b0,0x04d0,0x008f,0x00af,0x00ae,0x04af,
	0x2d9a,0x2d7b,0x2d7b,0x2d7b,0x2d7b,0x2d7b,0x2d7b,0x2d7b,0x2d7b,0x2d7b,0x2d7b,0x2d7b,0x2d7b,0x2d7b,0x2d7b,0x2d7b,
	0x2d7b,0x2d7b,0x2d7b,0x2d7b,0x2d7b,0x2d7b,0x2d7b,0x2d7b,0x2d7b,0x2d7b,0x2d7b,0x2d7b,0x2d7b,0x2d7b,0x2d7b,0x2d7b,
	0x2d7b,0x2d7b,0x2d7b,0x2d7b,0x2d7b,0x2d7b,0x2d7b,0x2d7b,0x2d7b,0x2d7b,0x2d7b,0x2d7b,0x2d7b,0x2d7b,0x2d7b,0x2d7b,
	0x2d7b,0x2d7b,0x2d7c,0x2d7c,0x2d7b,0x2d7b,0x2d7b,0x2d9a,0x2999,0x0891,0x048f,0x04af,0x04b0,0x048f,0x08d0,0x04af,
	0x04af,0x04b0,0x04b0,0x04b0,0x04b0,0x04b0,0x04b0,0x04b0,0x04b0,0x04b0,0x04b0,0x04b0,0x04b0,0x04b0,0x04b0,0x04b0,
	0x04b0,0x04b0,0x04b0,0x04b0,0x04b0,0x04b0,0x04b0,0x04b0,0x04b0,0x04b0,0x04b0,0x04b0,0x04b0,0x04b0,0x04b0,0x04b0,
	0x04b0,0x04b0,0x04b0,0x04b0,0x04b0,0x04b0,0x04b0,0x04b0,0x04b0,0x04b0,0x04b0,0x04b0,0x04b0,0x04b0,0x04b0,0x04af,
	0x04af,0x04b0,0x04b0,0x04b0,0x04b0,0x04b0,0x04b0,0x04b0,0x04b0,0x08b1,0x04af,0x04af,0x008e,0x08cf,0x04af,0x008f,
	0x008f,0x08b1,0x0891,0x2999,0x2d7b,0x2d7b,0x2d7b,0x317b,0x2d7b,0x2d7b,0x2d7b,0x2d7b,0x2d7b,0x2d7b,0x317b,0x317b,
	0x2d7b,0x2d7b,0x2d7b,0x2d7b,0x2d7b,0x2d7b,0x2d7b,0x2d7b,0x2d7b,0x2d7b,0x2d7b,0x2d7b,0x2d7b,0x2d7b,0x2d7b,0x2d7b,
	0x2d5b,0x2d7b,0x317c,0x319c,0x2d7c,0x297a,0x0cb0,0x08af,0x08b0,0x04af,0x04af,0x04af,0x08af,0x08d0,0x048f,0x04af,
	0x04b0,0x04b0,0x04b0,0x04b0,0x04b0,0x04b0,0x04b0,0x04b0,0x04b0,0x04b0,0x04b0,0x04b0,0x04b0,0x04b0,0x04b0,0x04b0,
	0x04b0,0x04b0,0x04b0,0x04b0,0x04b0,0x04b0,0x04b0,0x04b0,0x04b0,0x04b0,0x04b0,0x04b0,0x04b0,0x04b0,0x04b0,0x04b0,
	0x04b0,0x04b0,0x04b0,0x04b0,0x04b0,0x04b0,0x04b0,0x04b0,0x04b0,0x04b0,0x04b0,0x04b0,0x04b0,0x04b0,0x04b0,0x04af,
	0x04ae,0x04ae,0x04af,0x04af,0x04ae,0x04af,0x048f,0x048f,0x048f,0x04b0,0x008f,0x048f,0x04b0,0x04b0,0x048f,0x0890,
	0x2d9a,0x2d7b,0x2d7b,0x2d7b,0x2d7b,0x2d7b,0x2d7b,0x2d7b,0x2d7b,0x2d7b,0x2d7b,0x2d7b,0x2d7b,0x2d7b,0x2d7b,0x2d7b,
	0x2d7b,0x2d7b,0x2d7b,0x2d7b,0x2d7b,0x2d7b,0x2d7b,0x2d7b,0x2d7b,0x2d7b,0x2d7b,0x2d7b,0x2d7b,0x2d7b,0x2d7b,0x2d7b,
	0x2d7b,0x2d7b,0x2d7b,0x2d7b,0x2d7b,0x2d7b,0x2d7b,0x2d7b,0x2d7b,0x2d7b,0x2d7b,0x2d7b,0x2d7b,0x2d7b,0x2d7b,0x2d7b,
	0x2d7b,0x2d7b,0x2d7c,0x2d7c,0x2d7b,0x2d7b,0x2d7b,0x2d7b,0x2d9b,0x2d99,0x2db9,0x29b8,0x2999,0x2999,0x2998,0x2db9,
	0x29b9,0x29b9,0x29b9,0x29b9,0x29b9,0x29b9,0x29b9,0x29b9,0x29b9,0x29b9,0x29b9,0x29b9,0x29b9,0x29b9,0x29b9,0x29b9,
	0x29b9,0x29b9,0x29b9,0x29b9,0x29b9,0x29b9,0x29b9,0x29b9,0x29b9,0x29b9,0x29b9,0x29b9,0x29b9,0x29b9,0x29b9,0x29b9,
	0x29b9,0x29b9,0x29b9,0x29b9,0x29b9,0x29b9,0x29b9,0x29b9,0x29b9,0x29b9,0x29b9,0x29b9,0x29b9,0x29b9,0x29b9,0x29b9,
	0x29b9,0x29b9,0x2999,0x2999,0x29b9,0x29b9,0x29b8,0x29b8,0x2599,0x29b9,0x29b9,0x29b9,0x29b8,0x29b8,0x29b9,0x2db9,
	0x2dba,0x2999,0x2999,0x2d9a,0x2d7b,0x2d7b,0x2d7b,0x2d7b,0x2d7b,0x2d7b,0x2d7b,0x2d7b,0x2d7b,0x2d7b,0x317b,0x317b,
	0x2d7b,0x2d7b,0x2d7b,0x2d7b,0x2d7b,0x2d7b,0x2d7b,0x2d7b,0x2d7b,0x2d7b,0x2d7b,0x2d7b,0x2d7b,0x2d7b,0x2d7b,0x2d7b,
	0x319b,0x317b,0x317b,0x2d7b,0x2d7b,0x319c,0x2978,0x2db9,0x2998,0x29b9,0x29b9,0x29b9,0x29b8,0x29b8,0x2db9,0x2db9,
	0x29b9,0x29b9,0x29b9,0x29b9,0x29b9,0x29b9,0x29b9,0x29b9,0x29b9,0x29b9,0x29b9,0x29b9,0x29b9,0x29b9,0x29b9,0x29b9,
	0x29b9,0x29b9,0x29b9,0x29b9,0x29b9,0x29b9,0x29b9,0x29b9,0x29b9,0x29b9,0x29b9,0x29b9,0x29b9,0x29b9,0x29b9,0x29b9,
	0x29b9,0x29b9,0x29b9,0x29b9,0x29b9,0x29b9,0x29b9,0x29b9,0x29b9,0x29b9,0x29b9,0x29b9,0x29b9,0x29b9,0x29b9,0x29b9,
	0x29b8,0x2db8,0x2db9,0x2db8,0x2db8,0x2db8,0x2db9,0x29b9,0x29b9,0x29b9,0x29b9,0x2db9,0x2999,0x2999,0x2db9,0x2d9a,
	0x2d7b,0x2d7b,0x2d7b,0x2d7b,0x2d7b,0x2d7b,0x2d7b,0x2d7b,0x2d7b,0x2d7b,0x2d7b,0x2d7b,0x2d7b,0x2d7b,0x2d7b,0x2d7b,
	0x2d7b,0x2d7b,0x2d7b,0x2d7b,0x2d7b,0x2d7b,0x2d7b,0x2d7b,0x2d7b,0x2d7b,0x2d7b,0x2d7b,0x2d7b,0x2d7b,0x2d7b,0x2d7b,
	0x2d7b,0x2d7b,0x2d7b,0x2d7b,0x2d7b,0x2d7b,0x2d7b,0x2d7b,0x2d7b,0x2d7b,0x2d7b,0x2d7b,0x2d7b,0x2d7b,0x2d7b,0x2d7b,
	0x2d9a,0x2d7b,0x2d7b,0x2d7c,0x2d7b,0x2d7b,0x2d7b,0x2d7b,0x2d7a,0x319b,0x319a,0x2d9a,0x2d9a,0x319b,0x2d7b,0x297a,
	0x2d9a,0x2d9a,0x2d9a,0x2d9a,0x2d9a,0x2d9a,0x2d9a,0x2d9a,0x2d9a,0x2d9a,0x2d9a,0x2d9a,0x2d9a,0x2d9a,0x2d9a,0x2d9a,
	0x2d9a,0x2d9a,0x2d9a,0x2d9a,0x2d9a,0x2d9a,0x2d9a,0x2d9a,0x2d9a,0x2d9a,0x2d9a,0x2d9a,0x2d9a,0x2d9a,0x2d9a,0x2d9a,
	0x2d9a,0x2d9a,0x2d9a,0x2d9a,0x2d9a,0x2d9a,0x2d9a,0x2d9a,0x2d9a,0x2d9a,0x2d9a,0x2d9a,0x2d9a,0x2d9a,0x2d9a,0x2d9a,
	0x2d9a,0x299b,0x2d7b,0x2d7b,0x2d9a,0x2d9a,0x2d99,0x2d9a,0x2d9a,0x297a,0x2d9b,0x2d9a,0x2d7a,0x2d7a,0x2d9b,0x2d7a,
	0x297a,0x2979,0x2dbb,0x297a,0x2d7c,0x317c,0x317c,0x317b,0x2d7b,0x2d7b,0x2d7b,0x2d7b,0x2d7b,0x2d7b,0x317b,0x317b,
	0x2d7b,0x2d7b,0x2d7b,0x2d7b,0x2d7b,0x2d7b,0x2d7b,0x2d7b,0x2d7b,0x2d7b,0x2d7b,0x2d7b,0x2d7b,0x2d7b,0x2d7b,0x2d7b,
	0x2d7a,0x2d7a,0x319b,0x2d7c,0x2d7c,0x2d7b,0x2d7b,0x2d9a,0x2d9a,0x297a,0x297a,0x2d9b,0x2d9a,0x297a,0x2d9b,0x297a,
	0x2d9a,0x2d9a,0x2d9a,0x2d9a,0x2d9a,0x2d9a,0x2d9a,0x2d9a,0x2d9a,0x2d9a,0x2d9a,0x2d9a,0x2d9a,0x2d9a,0x2d9a,0x2d9a,
	0x2d9a,0x2d9a,0x2d9a,0x2d9a,0x2d9a,0x2d9a,0x2d9a,0x2d9a,0x2d9a,0x2d9a,0x2d9a,0x2d9a,0x2d9a,0x2d9a,0x2d9a,0x2d9a,
	0x2d9a,0x2d9a,0x2d9a,0x2d9a,0x2d9a,0x2d9a,0x2d9a,0x2d9a,0x2d9a,0x2d9a,0x2d9a,0x2d9a,0x2d9a,0x2d9a,0x2d9a,0x2d9a,
	0x2d7b,0x2d7b,0x2d7b,0x2d7b,0x2d9a,0x2d9a,0x2d9a,0x2d7a,0x297a,0x299a,0x299a,0x297a,0x2d9b,0x2d7b,0x2d7b,0x317b,
	0x2d7b,0x2d7b,0x2d7b,0x2d7b,0x2d7b,0x2d7b,0x2d7b,0x2d7b,0x2d7b,0x2d7b,0x2d7b,0x2d7b,0x2d7b,0x2d7b,0x2d7b,0x2d7b,
	0x2d7b,0x2d7b,0x2d7b,0x2d7b,0x2d7b,0x2d7b,0x2d7b,0x2d7b,0x2d7b,0x2d7b,0x2d7b,0x2d7b,0x2d7b,0x2d7b,0x2d7b,0x2d7b,
	0x2d7b,0x2d7b,0x2d7b,0x2d7b,0x2d7b,0x2d7b,0x2d7b,0x2d7b,0x2d7b,0x2d7b,0x2d7b,0x2d7b,0x2d7b,0x2d7b,0x2d7b,0x2d7b,
	0x2d9a,0x2d9a,0x2d7b,0x2d7b,0x2d7b,0x2d7b,0x317c,0x317c,0x317c,0x317b,0x2d7a,0x2d7a,0x2d7b,0x2d7b,0x2d5b,0x317c,
	0x2d7b,0x2d7b,0x2d7b,0x2d7b,0x2d7b,0x2d7b,0x2d7b,0x2d7b,0x2d7b,0x2d7b,0x2d7b,0x2d7b,0x2d7b,0x2d7b,0x2d7b,0x2d7b,
	0x2d7b,0x2d7b,0x317b,0x2d7b,0x317b,0x2d7b,0x317b,0x2d7b,0x317b,0x2d7b,0x317b,0x2d7b,0x317b,0x2d7b,0x317b,0x2d7b,
	0x2d7b,0x2d7b,0x2d7b,0x2d7b,0x2d7b,0x2d7b,0x2d7b,0x2d7b,0x2d7b,0x2d7b,0x2d7b,0x2d7b,0x2d7b,0x2d7b,0x2d7b,0x2d7b,
	0x2d7b,0x2d7c,0x2d7c,0x2d7c,0x317b,0x317a,0x2d9a,0x2d9a,0x2d7b,0x2d7b,0x2d7c,0x2d7c,0x317b,0x317c,0x317c,0x317c,
	0x2d9b,0x299a,0x2d9b,0x2d9b,0x2d7c,0x2d7c,0x317c,0x2d7b,0x2d7b,0x2d7b,0x2d7b,0x2d7b,0x2d7b,0x2d7b,0x317b,0x317b,
	0x2d7b,0x2d7b,0x2d7b,0x2d7b,0x2d7b,0x2d7b,0x2d7b,0x2d7b,0x2d7b,0x2d7b,0x2d7b,0x2d7b,0x2d7b,0x2d7b,0x2d7b,0x2d7b,
	0x2d9a,0x2d7a,0x317b,0x2d7b,0x2d7c,0x2d5b,0x319c,0x2d7a,0x2d9b,0x2d7b,0x2d7c,0x2d7c,0x2d7b,0x2d7b,0x2d7c,0x317c,
	0x317b,0x317b,0x317b,0x317b,0x317b,0x317b,0x317b,0x317b,0x317b,0x317b,0x317b,0x317b,0x317b,0x317b,0x317b,0x317b,
	0x317b,0x317b,0x317b,0x317b,0x317b,0x317b,0x317b,0x317b,0x317b,0x317b,0x317b,0x317b,0x317b,0x317b,0x317b,0x317b,
	0x317b,0x2d7b,0x2d7b,0x2d7b,0x2d7b,0x2d7b,0x2d7b,0x2d7b,0x2d7b,0x2d7b,0x2d7b,0x2d7b,0x2d7b,0x2d7b,0x2d7b,0x2d7b,
	0x2d7c,0x2d7c,0x2d7c,0x2d7c,0x317b,0x317b,0x2d7b,0x2d7b,0x2d7b,0x297b,0x2d9b,0x2d9b,0x2d7b,0x2d7b,0x317c,0x317c,
	0x317b,0x2d7b,0x2d7b,0x2d7b,0x2d7b,0x2d7b,0x2d7b,0x2d7b,0x2d7b,0x2d7b,0x2d7b,0x2d7b,0x2d7b,0x2d7b,0x2d7b,0x2d7b,
	0x2d7b,0x2d7b,0x2d7b,0x2d7b,0x2d7b,0x2d7b,0x2d7b,0x2d7b,0x2d7b,0x2d7b,0x2d7b,0x2d7b,0x2d7b,0x2d7b,0x2d7b,0x2d7b,
	0x2d7b,0x2d7b,0x2d7b,0x2d7b,0x2d7b,0x2d7b,0x2d7b,0x2d7b,0x2d7b,0x2d7b,0x2d7b,0x2d7b,0x2d7b,0x2d7b,0x2d7b,0x2d7b,
	0x2d9a,0x2d9a,0x2d7b,0x2d7b,0x2d7b,0x2d7b,0x317c,0x317c,0x317c,0x317b,0x2d7a,0x2d7a,0x2d7b,0x2d7b,0x2d5b,0x317c,
	0x2d7b,0x2d7b,0x2d7b,0x2d7b,0x2d7b,0x2d7b,0x2d7b,0x2d7b,0x2d7b,0x2d7b,0x2d7b,0x2d7b,0x2d7b,0x2d7b,0x2d7b,0x2d7b,
	0x317b,0x317b,0x317b,0x317b,0x317b,0x317b,0x317b,0x317b,0x317b,0x317b,0x317b,0x317b,0x317b,0x317b,0x317b,0x317b,
	0x2d7b,0x2d7b,0x2d7b,0x2d7b,0x2d7b,0x2d7b,0x2d7b,0x2d7b,0x2d7b,0x2d7b,0x2d7b,0x2d7b,0x2d7b,0x2d7b,0x2d7b,0x2d7b,
	0x2d7b,0x2d7c,0x2d7c,0x2d7c,0x317b,0x317a,0x2d9a,0x2d9a,0x2d7b,0x2d7b,0x2d7c,0x2d7c,0x317b,0x317c,0x317c,0x317c,
	0x2d9b,0x299a,0x2d9b,0x2d9b,0x2d7c,0x2d5c,0x317c,0x2d7b,0x2d7b,0x2d7b,0x2d7b,0x2d7b,0x2d7b,0x2d7b,0x317b,0x317b,
	0x2d7b,0x2d7b,0x2d7b,0x2d7b,0x2d7b,0x2d7b,0x2d7b,0x2d7b,0x2d7b,0x2d7b,0x2d7b,0x2d7b,0x2d7b,0x2d7b,0x2d7b,0x2d7b,
	0x2d9a,0x2d7a,0x2d7b,0x2d7b,0x2d7c,0x295c,0x319c,0x2d7a,0x2d9b,0x2d7b,0x2d7c,0x2d7c,0x2d7b,0x2d7b,0x2d7c,0x317c,
	0x317b,0x2d7b,0x317b,0x2d7b,0x317b,0x2d7b,0x317b,0x2d7b,0x317b,0x2d7b,0x317b,0x2d7b,0x317b,0x2d7b,0x317b,0x317b,
	0x317b,0x317b,0x317b,0x317b,0x317b,0x317b,0x317b,0x317b,0x317b,0x317b,0x317b,0x317b,0x317b,0x317b,0x317b,0x317b,
	0x317b,0x2d7b,0x2d7b,0x2d7b,0x2d7b,0x2d7b,0x2d7b,0x2d7b,0x2d7b,0x2d7b,0x2d7b,0x2d7b,0x2d7b,0x2d7b,0x2d7b,0x2d7b,
	0x2d7c,0x2d7c,0x2d7c,0x2d7c,0x317b,0x317b,0x317b,0x2d7b,0x2d7b,0x2d7b,0x2d9b,0x2d9b,0x2d7b,0x2d7b,0x317c,0x317c,
	0x317b,0x2d7b,0x2d7b,0x2d7b,0x2d7b,0x2d7b,0x2d7b,0x2d7b,0x2d7b,0x2d7b,0x2d7b,0x2d7b,0x2d7b,0x2d7b,0x2d7b,0x2d7b,
	0x2d7b,0x2d7b,0x2d7b,0x2d7b,0x2d7b,0x2d7b,0x2d7b,0x2d7b,0x2d7b,0x2d7b,0x2d7b,0x2d7b,0x2d7b,0x2d7b,0x2d7b,0x2d7b,
	0x2d7b,0x2d7b,0x2d7b,0x2d7b,0x2d7b,0x2d7b,0x2d7b,0x2d7b,0x2d7b,0x2d7b,0x2d7b,0x2d7b,0x2d7b,0x2d7b,0x2d7b,0x2d7b,
	0x2d9a,0x2d7b,0x2d7b,0x2d7c,0x2d7b,0x2d7b,0x2d7b,0x2d7b,0x2d7a,0x319b,0x319a,0x2d9a,0x2d9a,0x319b,0x2d7b,0x297a,
	0x2d9a,0x2d9a,0x2d9a,0x2d9a,0x2d9a,0x2d9a,0x2d9a,0x2d9a,0x2d9a,0x2d9a,0x2d9a,0x2d9a,0x2d9a,0x2d9a,0x2d9a,0x2d9a,
	0x2d9a,0x2d9a,0x2d9a,0x2d9a,0x2d9a,0x2d9a,0x2d9a,0x2d9a,0x2d9a,0x2d9a,0x2d9a,0x2d9a,0x2d9a,0x2d9a,0x2d9a,0x2d9a,
	0x2d9a,0x2d9a,0x2d9a,0x2d9a,0x2d9a,0x2d9a,0x2d9a,0x2d9a,0x2d9a,0x2d9a,0x2d9a,0x2d9a,0x2d9a,0x2d9a,0x2d9a,0x2d9a,
	0x2d9a,0x299b,0x2d7b,0x2d7b,0x2d9a,0x2d9a,0x2d99,0x2d9a,0x2d9a,0x297a,0x2d9b,0x2d9b,0x2d7a,0x2d7a,0x2d9b,0x2d7a,
	0x297a,0x297a,0x2dbb,0x297a,0x2d7c,0x317c,0x317c,0x317b,0x2d7b,0x2d7b,0x2d7b,0x2d7b,0x2d7b,0x2d7b,0x317b,0x317b,
	0x2d7b,0x2d7b,0x2d7b,0x2d7b,0x2d7b,0x2d7b,0x2d7b,0x2d7b,0x2d7b,0x2d7b,0x2d7b,0x2d7b,0x2d7b,0x2d7b,0x2d7b,0x2d7b,
	0x2d7a,0x2d7a,0x319b,0x2d7c,0x2d7c,0x2d7b,0x2d7b,0x2d9a,0x2d9a,0x299a,0x297a,0x2d9b,0x2d9a,0x297a,0x319b,0x295a,
	0x2d9a,0x2d9a,0x2d9a,0x2d9a,0x2d9a,0x2d9a,0x2d9a,0x2d9a,0x2d9a,0x2d9a,0x2d9a,0x2d9a,0x2d9a,0x2d9a,0x2d9a,0x2d9a,
	0x2d9a,0x2d9a,0x2d9a,0x2d9a,0x2d9a,0x2d9a,0x2d9a,0x2d9a,0x2d9a,0x2d9a,0x2d9a,0x2d9a,0x2d9a,0x2d9a,0x2d9a,0x2d9a,
	0x2d9a,0x2d9a,0x2d9a,0x2d9a,0x2d9a,0x2d9a,0x2d9a,0x2d9a,0x2d9a,0x2d9a,0x2d9a,0x2d9a,0x2d9a,0x2d9a,0x2d9a,0x2d9a,
	0x2d7b,0x2d7b,0x2d7b,0x2d7b,0x2d9a,0x2d9a,0x2d9a,0x2d7a,0x297a,0x299a,0x2d9a,0x297a,0x2d9b,0x2d7b,0x2d7b,0x317b,
	0x2d7b,0x2d7b,0x2d7b,0x2d7b,0x2d7b,0x2d7b,0x2d7b,0x2d7b,0x2d7b,0x2d7b,0x2d7b,0x2d7b,0x2d7b,0x2d7b,0x2d7b,0x2d7b,
	0x2d7b,0x2d7b,0x2d7b,0x2d7b,0x2d7b,0x2d7b,0x2d7b,0x2d7b,0x2d7b,0x2d7b,0x2d7b,0x2d7b,0x2d7b,0x2d7b,0x2d7b,0x2d7b,
	0x2d7b,0x2d7b,0x2d7b,0x2d7b,0x2d7b,0x2d7b,0x2d7b,0x2d7b,0x2d7b,0x2d7b,0x2d7b,0x2d7b,0x2d7b,0x2d7b,0x2d7b,0x2d7b,
	0x2d7b,0x2d7b,0x2d7c,0x2d7c,0x2d7b,0x2d7b,0x2d7b,0x2d7b,0x2d9b,0x2d99,0x2db9,0x29b8,0x2999,0x2999,0x2998,0x2db9,
	0x29b9,0x29b9,0x29b9,0x29b9,0x29b9,0x29b9,0x29b9,0x29b9,0x29b9,0x29b9,0x29b9,0x29b9,0x29b9,0x29b9,0x29b9,0x29b9,
	0x29b9,0x29b9,0x29b9,0x29b9,0x29b9,0x29b9,0x29b9,0x29b9,0x29b9,0x29b9,0x29b9,0x29b9,0x29b9,0x29b9,0x29b9,0x29b9,
	0x29b9,0x29b9,0x29b9,0x29b9,0x29b9,0x29b9,0x29b9,0x29b9,0x29b9,0x29b9,0x29b9,0x29b9,0x29b9,0x29b9,0x29b9,0x29b9,
	0x29b9,0x29b9,0x2999,0x2999,0x29b9,0x29b9,0x29b8,0x29b8,0x2599,0x29b9,0x29b9,0x29b9,0x29b8,0x29b9,0x29b9,0x2db9,
	0x2dba,0x2999,0x2999,0x2d9a,0x2d7b,0x2d7b,0x2d7b,0x2d7b,0x2d7b,0x2d7b,0x2d7b,0x2d7b,0x2d7b,0x2d7b,0x317b,0x317b,
	0x2d7b,0x2d7b,0x2d7b,0x2d7b,0x2d7b,0x2d7b,0x2d7b,0x2d7b,0x2d7b,0x2d7b,0x2d7b,0x2d7b,0x2d7b,0x2d7b,0x2d7b,0x2d7b,
	0x319b,0x317b,0x317b,0x2d5b,0x2d7b,0x319c,0x2979,0x2db9,0x2998,0x29b9,0x29b9,0x29b9,0x29b8,0x2998,0x2db9,0x2dba,
	0x29b9,0x29b9,0x29b9,0x29b9,0x29b9,0x29b9,0x29b9,0x29b9,0x29b9,0x29b9,0x29b9,0x29b9,0x29b9,0x29b9,0x29b9,0x29b9,
	0x29b9,0x29b9,0x29b9,0x29b9,0x29b9,0x29b9,0x29b9,0x29b9,0x29b9,0x29b9,0x29b9,0x29b9,0x29b9,0x29b9,0x29b9,0x29b9,
	0x29b9,0x29b9,0x29b9,0x29b9,0x29b9,0x29b9,0x29b9,0x29b9,0x29b9,0x29b9,0x29b9,0x29b9,0x29b9,0x29b9,0x29b9,0x29b9,
	0x29b8,0x2db8,0x2db9,0x2db8,0x2db8,0x2db8,0x2db9,0x2db9,0x29b9,0x2999,0x29b9,0x2db9,0x2999,0x2999,0x2d99,0x2d9a,
	0x2d7b,0x2d7b,0x2d7b,0x2d7b,0x2d7b,0x2d7b,0x2d7b,0x2d7b,0x2d7b,0x2d7b,0x2d7b,0x2d7b,0x2d7b,0x2d7b,0x2d7b,0x2d7b,
	0x2d7b,0x2d7b,0x2d7b,0x2d7b,0x2d7b,0x2d7b,0x2d7b,0x2d7b,0x2d7b,0x2d7b,0x2d7b,0x2d7b,0x2d7b,0x2d7b,0x2d7b,0x2d7b,
	0x2d7b,0x2d7b,0x2d7b,0x2d7b,0x2d7b,0x2d7b,0x2d7b,0x2d7b,0x2d7b,0x2d7b,0x2d7b,0x2d7b,0x2d7b,0x2d7b,0x2d7b,0x2d7b,
	0x2d7b,0x2d7b,0x2d7c,0x2d7c,0x2d7b,0x2d7b,0x2d7b,0x2d9a,0x2999,0x0891,0x048f,0x04af,0x04b0,0x048f,0x08d0,0x04af,
	0x04af,0x04b0,0x04b0,0x04b0,0x04b0,0x04b0,0x04b0,0x04b0,0x04b0,0x04b0,0x04b0,0x04b0,0x04b0,0x04b0,0x04b0,0x04b0,
	0x04b0,0x04b0,0x04b0,0x04b0,0x04b0,0x04b0,0x04b0,0x04b0,0x04b0,0x04b0,0x04b0,0x04b0,0x04b0,0x04b0,0x04b0,0x04b0,
	0x04b0,0x04b0,0x04b0,0x04b0,0x04b0,0x04b0,0x04b0,0x04b0,0x04b0,0x04b0,0x04b0,0x04b0,0x04b0,0x04b0,0x04b0,0x04af,
	0x04af,0x04af,0x04b0,0x04b0,0x04b0,0x04b0,0x04af,0x04af,0x04b0,0x08b1,0x048f,0x04af,0x008e,0x08cf,0x04af,0x008f,
	0x008f,0x08b1,0x0891,0x2999,0x2d7b,0x2d7b,0x2d7b,0x317b,0x2d7b,0x2d7b,0x2d7b,0x2d7b,0x2d7b,0x2d7b,0x317b,0x317b,
	0x2d7b,0x2d7b,0x2d7b,0x2d7b,0x2d7b,0x2d7b,0x2d7b,0x2d7b,0x2d7b,0x2d7b,0x2d7b,0x2d7b,0x2d7b,0x2d7b,0x2d7b,0x2d7b,
	0x2d5b,0x2d7b,0x317c,0x319c,0x2d7c,0x297a,0x08b0,0x04af,0x04b0,0x04af,0x04af,0x04af,0x08af,0x08d0,0x048f,0x048f,
	0x04b0,0x04b0,0x04b0,0x04b0,0x04b0,0x04b0,0x04b0,0x04b0,0x04b0,0x04b0,0x04b0,0x04b0,0x04b0,0x04b0,0x04b0,0x04b0,
	0x04b0,0x04b0,0x04b0,0x04b0,0x04b0,0x04b0,0x04b0,0x04b0,0x04b0,0x04b0,0x04b0,0x04b0,0x04b0,0x04b0,0x04b0,0x04b0,
	0x04b0,0x04b0,0x04b0,0x04b0,0x04b0,0x04b0,0x04b0,0x04b0,0x04b0,0x04b0,0x04b0,0x04b0,0x04b0,0x04b0,0x04b0,0x04af,
	0x04ae,0x04ae,0x04af,0x04af,0x04ae,0x04af,0x048f,0x048f,0x0490,0x04b0,0x008f,0x048f,0x04b0,0x04b0,0x048f,0x0890,
	0x2d9a,0x2d7b,0x2d7b,0x2d7b,0x2d7b,0x2d7b,0x2d7b,0x2d7b,0x2d7b,0x2d7b,0x2d7b,0x2d7b,0x2d7b,0x2d7b,0x2d7b,0x2d7b,
	0x2d7b,0x2d7b,0x2d7b,0x2d7b,0x2d7b,0x2d7b,0x2d7b,0x2d7b,0x2d7b,0x2d7b,0x2d7b,0x2d7b,0x2d7b,0x2d7b,0x2d7b,0x2d7b,
	0x2d7b,0x2d7b,0x2d7b,0x2d7b,0x2d7b,0x2d7b,0x2d7b,0x2d7b,0x2d7b,0x2d7b,0x2d7b,0x2d7b,0x2d7b,0x2d7b,0x2d7b,0x2d7b,
	0x317b,0x317b,0x317c,0x317c,0x317b,0x2d7b,0x2d7b,0x2d9a,0x29b9,0x04b0,0x008e,0x04cf,0x008e,0x00ae,0x04cf,0x00ae,
	0x04af,0x048f,0x048f,0x048f,0x048f,0x048f,0x048f,0x048f,0x048f,0x048f,0x048f,0x048f,0x048f,0x048f,0x048f,0x048f,
	0x048f,0x048f,0x048f,0x048f,0x048f,0x048f,0x048f,0x048f,0x048f,0x048f,0x048f,0x048f,0x048f,0x048f,0x048f,0x048f,
	0x048f,0x048f,0x048f,0x048f,0x048f,0x048f,0x048f,0x048f,0x048f,0x048f,0x048f,0x048f,0x048f,0x048f,0x048f,0x048f,
	0x04af,0x04af,0x048f,0x0490,0x0490,0x048f,0x048f,0x048f,0x0490,0x048f,0x048f,0x08af,0x04ae,0x00ae,0x04af,0x08d0,
	0x048f,0x08b0,0x048f,0x2999,0x319b,0x2d7b,0x2d7b,0x2d7b,0x2d7b,0x2d7b,0x2d7b,0x2d7b,0x2d7b,0x2d7b,0x317b,0x317b,
	0x2d7b,0x2d7b,0x2d7b,0x2d7b,0x2d7b,0x2d7b,0x2d7b,0x2d7b,0x2d7b,0x2d7b,0x2d7b,0x2d7b,0x2d7b,0x2d7b,0x2d7b,0x317b,
	0x317c,0x317b,0x2d7b,0x2d7b,0x2d7b,0x2d9a,0x08af,0x04ae,0x04af,0x04b0,0x00ae,0x00ae,0x04ae,0x008e,0x04af,0x08b0,
	0x048f,0x048f,0x048f,0x048f,0x048f,0x048f,0x048f,0x048f,0x048f,0x048f,0x048f,0x048f,0x048f,0x048f,0x048f,0x048f,
	0x048f,0x048f,0x048f,0x048f,0x048f,0x048f,0x048f,0x048f,0x048f,0x048f,0x048f,0x048f,0x048f,0x048f,0x048f,0x048f,
	0x048f,0x048f,0x048f,0x048f,0x048f,0x048f,0x048f,0x048f,0x048f,0x048f,0x048f,0x048f,0x048f,0x048f,0x048f,0x048f,
	0x04af,0x04af,0x04af,0x04af,0x08af,0x04af,0x04b0,0x04b0,0x04b0,0x04b0,0x04b0,0x04d0,0x008f,0x00af,0x00ae,0x04af,
	0x2d9a,0x2d7b,0x2d7b,0x2d7b,0x2d7b,0x2d7b,0x2d7b,0x2d7b,0x2d7b,0x2d7b,0x2d7b,0x2d7b,0x2d7b,0x2d7b,0x2d7b,0x2d7b,
	0x2d7b,0x2d7b,0x2d7b,0x2d7b,0x2d7b,0x2d7b,0x2d7b,0x2d7b,0x2d7b,0x2d7b,0x2d7b,0x2d7b,0x2d7b,0x2d7b,0x2d7b,0x2d7b,
	0x2d7b,0x2d7b,0x2d7b,0x2d7b,0x2d7b,0x2d7b,0x2d7b,0x2d7b,0x2d7b,0x2d7b,0x2d7b,0x2d7b,0x2d7b,0x2d7b,0x2d7b,0x2d7b,
	0x317b,0x317b,0x317c,0x317c,0x317b,0x2d7b,0x2d7b,0x299a,0x2999,0x08b0,0x04af,0x25d7,0x25d7,0x08ef,0x008c,0x25f7,
	0x29d7,0x29b8,0x29b8,0x29b8,0x29b8,0x29b8,0x29b8,0x29b8,0x29b8,0x29b8,0x29b8,0x29b8,0x29b8,0x29b8,0x29b8,0x29b8,
	0x29b8,0x29b8,0x29b8,0x29b8,0x29b8,0x29b8,0x29b8,0x29b8,0x29b8,0x29b8,0x29b8,0x29b8,0x29b8,0x29b8,0x29b8,0x29b8,
	0x29b8,0x29b8,0x29b8,0x29b8,0x29b8,0x29b8,0x29b8,0x29b8,0x29b8,0x29b8,0x29b8,0x29b8,0x29b8,0x29b8,0x29b8,0x29b8,
	0x29d8,0x29d8,0x29b8,0x29b8,0x29b8,0x29b8,0x29b8,0x29b8,0x29b9,0x29b8,0x29b8,0x29d8,0x25d7,0x04af,0x04af,0x25b7,
	0x25d7,0x08d0,0x04af,0x29b8,0x299a,0x297a,0x2d9b,0x2d7b,0x2d7b,0x2d7b,0x2d7c,0x2d7b,0x2d7b,0x2d7b,0x317b,0x317b,
	0x2d7b,0x2d7b,0x2d7b,0x2d7b,0x2d7b,0x2d7b,0x2d7b,0x2d7b,0x2d7b,0x2d7b,0x2d7b,0x2d7b,0x2d7b,0x2d7b,0x2d7b,0x317b,
	0x317c,0x317b,0x317b,0x2d7b,0x2d7b,0x299a,0x04ae,0x04ae,0x25d8,0x25b8,0x00ae,0x04cf,0x25b7,0x29d8,0x29b8,0x25b7,
	0x29b8,0x29b8,0x29b8,0x29b8,0x29b8,0x29b8,0x29b8,0x29b8,0x29b8,0x29b8,0x29b8,0x29b8,0x29b8,0x29b8,0x29b8,0x29b8,
	0x29b8,0x29b8,0x29b8,0x29b8,0x29b8,0x29b8,0x29b8,0x29b8,0x29b8,0x29b8,0x29b8,0x29b8,0x29b8,0x29b8,0x29b8,0x29b8,
	0x29b8,0x29b8,0x29b8,0x29b8,0x29b8,0x29b8,0x29b8,0x29b8,0x29b8,0x29b8,0x29b8,0x29b8,0x29b8,0x29b8,0x29b8,0x29b8,
	0x29b8,0x29b8,0x29b8,0x29b8,0x29b8,0x29b8,0x29b8,0x29b8,0x25b8,0x25b8,0x00af,0x00af,0x25d8,0x25d8,0x00ce,0x04af,
	0x2d9a,0x2d7b,0x2d7b,0x2d7b,0x2d7b,0x2d7b,0x2d7b,0x2d7b,0x2d7b,0x2d7b,0x2d7b,0x2d7b,0x2d7b,0x2d7b,0x2d7b,0x2d7b,
	0x2d7b,0x2d7b,0x2d7b,0x2d7b,0x2d7b,0x2d7b,0x2d7b,0x2d7b,0x2d7b,0x2d7b,0x2d7b,0x2d7b,0x2d7b,0x2d7b,0x2d7b,0x2d7b,
	0x2d7b,0x2d7b,0x2d7b,0x2d7b,0x2d7b,0x2d7b,0x2d7b,0x2d7b,0x2d7b,0x2d7b,0x2d7b,0x2d7b,0x2d7b,0x2d7b,0x2d7b,0x2d7b,
	0x317b,0x317b,0x317c,0x317c,0x317b,0x2d7b,0x2d7b,0x299a,0x2599,0x04b0,0x00af,0x21d7,0x21d7,0x008d,0x04ef,0x575f,
	0x25b7,0x29b8,0x29b8,0x29b8,0x29b8,0x29b8,0x29b8,0x29b8,0x29b8,0x29b8,0x29b8,0x29b8,0x29b8,0x29b8,0x29b8,0x29b8,
	0x29b8,0x29b8,0x29b8,0x29b8,0x29b8,0x29b8,0x29b8,0x29b8,0x29b8,0x29b8,0x29b8,0x29b8,0x29b8,0x29b8,0x29b8,0x29b8,
	0x29b8,0x29b8,0x29b8,0x29b8,0x29b8,0x29b8,0x29b8,0x29b8,0x29b8,0x29b8,0x29b8,0x29b8,0x29b8,0x29b8,0x29b8,0x29b7,
	0x29b7,0x29b7,0x29b8,0x29b8,0x29b8,0x29b8,0x29b8,0x29b8,0x2998,0x29b8,0x25b7,0x25d7,0x25d7,0x04cf,0x00af,0x25b8,
	0x25b7,0x04ae,0x04af,0x2db9,0x2d9a,0x2d7a,0x2d9b,0x2d7b,0x2d7b,0x2d7b,0x2d7c,0x2d7b,0x2d7b,0x2d7b,0x317b,0x317b,
	0x2d7b,0x2d7b,0x2d7b,0x2d7b,0x2d7b,0x2d7b,0x2d7b,0x2d7b,0x2d7b,0x2d7b,0x2d7b,0x2d7b,0x2d7b,0x2d7b,0x2d7b,0x317b,
	0x317b,0x317b,0x2d7b,0x2d9b,0x2d7b,0x2d9a,0x04af,0x04ce,0x21b7,0x25b8,0x00af,0x00af,0x25b7,0x29b8,0x29b8,0x2dd8,
	0x29b8,0x29b8,0x29b8,0x29b8,0x29b8,0x29b8,0x29b8,0x29b8,0x29b8,0x29b8,0x29b8,0x29b8,0x29b8,0x29b8,0x29b8,0x29b8,
	0x29b8,0x29b8,0x29b8,0x29b8,0x29b8,0x29b8,0x29b8,0x29b8,0x29b8,0x29b8,0x29b8,0x29b8,0x29b8,0x29b8,0x29b8,0x29b8,
	0x29b8,0x29b8,0x29b8,0x29b8,0x29b8,0x29b8,0x29b8,0x29b8,0x29b8,0x29b8,0x29b8,0x29b8,0x29b8,0x29b8,0x29b8,0x29b8,
	0x29b8,0x29b8,0x29b9,0x29b9,0x29b8,0x29b8,0x29b8,0x29b8,0x29b8,0x25b8,0x00af,0x00b0,0x25b8,0x25b8,0x00ce,0x00ae,
	0x299a,0x2d7b,0x2d7b,0x2d7b,0x2d7b,0x2d7b,0x2d7b,0x2d7b,0x2d7b,0x2d7b,0x2d7b,0x2d7b,0x2d7b,0x2d7b,0x2d7b,0x2d7b,
	0x2d7b,0x2d7b,0x2d7b,0x2d7b,0x2d7b,0x2d7b,0x2d7b,0x2d7b,0x2d7b,0x2d7b,0x2d7b,0x2d7b,0x2d7b,0x2d7b,0x2d7b,0x2d7b,
	0x2d7b,0x2d7b,0x2d7b,0x2d7b,0x2d7b,0x2d7b,0x2d7b,0x2d7b,0x2d7b,0x2d7b,0x2d7b,0x2d7b,0x2d7b,0x2d7b,0x2d7b,0x2d7b,
	0x2d7b,0x317b,0x317c,0x317c,0x317b,0x2d7b,0x2d7b,0x299a,0x2999,0x04b0,0x00af,0x00af,0x00af,0x00ae,0x00cd,0x00ad,
	0x08ae,0x08ae,0x08ae,0x08ae,0x08ae,0x08ae,0x08ae,0x08ae,0x08ae,0x08ae,0x08ae,0x08ae,0x08ae,0x08ae,0x08ae,0x08ae,
	0x08ae,0x08ae,0x08ae,0x08ae,0x08ae,0x08ae,0x08ae,0x08ae,0x08ae,0x08ae,0x08ae,0x08ae,0x08ae,0x08ae,0x08ae,0x08ae,
	0x08ae,0x08ae,0x08ae,0x08ae,0x08ae,0x08ae,0x08ae,0x08ae,0x08ae,0x08ae,0x08ae,0x08ae,0x08ae,0x08ae,0x08ae,0x08ae,
	0x08ae,0x08ae,0x08ae,0x08ae,0x08ae,0x08ae,0x08ae,0x08ae,0x08ae,0x08ae,0x04ad,0x08ce,0x00ad,0x04ce,0x00af,0x00af,
	0x00af,0x04cf,0x04af,0x2998,0x2d9a,0x2d9b,0x2d7a,0x2d9c,0x2d7b,0x2d7c,0x2d7c,0x2d7b,0x2d7b,0x2d7b,0x317b,0x317b,
	0x2d7b,0x2d7b,0x2d7b,0x2d7b,0x2d7b,0x2d7b,0x2d7b,0x2d7b,0x2d7b,0x2d7b,0x2d7b,0x2d7b,0x2d7b,0x2d7b,0x2d7b,0x2d7b,
	0x317c,0x317b,0x2d7b,0x2d7b,0x2d7b,0x2d9a,0x04af,0x00ae,0x04af,0x04b0,0x00af,0x00ae,0x08ce,0x08ae,0x08ae,0x08ae,
	0x08ae,0x08ae,0x08ae,0x08ae,0x08ae,0x08ae,0x08ae,0x08ae,0x08ae,0x08ae,0x08ae,0x08ae,0x08ae,0x08ae,0x08ae,0x08ae,
	0x08ae,0x08ae,0x08ae,0x08ae,0x08ae,0x08ae,0x08ae,0x08ae,0x08ae,0x08ae,0x08ae,0x08ae,0x08ae,0x08ae,0x08ae,0x08ae,
	0x08ae,0x08ae,0x08ae,0x08ae,0x08ae,0x08ae,0x08ae,0x08ae,0x08ae,0x08ae,0x08ae,0x08ae,0x08ae,0x08ae,0x08ae,0x08ae,
	0x08ae,0x08af,0x0caf,0x0caf,0x0cae,0x0cae,0x08ae,0x08ae,0x08ae,0x08cf,0x00ae,0x00b0,0x008f,0x04b0,0x00ad,0x00af,
	0x299a,0x2d7b,0x2d7b,0x2d7b,0x2d7b,0x2d7b,0x2d7b,0x2d7b,0x2d7b,0x2d7b,0x2d7b,0x2d7b,0x2d7b,0x2d7b,0x2d7b,0x2d7b,
	0x2d7b,0x2d7b,0x2d7b,0x2d7b,0x2d7b,0x2d7b,0x2d7b,0x2d7b,0x2d7b,0x2d7b,0x2d7b,0x2d7b,0x2d7b,0x2d7b,0x2d7b,0x2d7b,
	0x2d7b,0x2d7b,0x2d7b,0x2d7b,0x2d7b,0x2d7b,0x2d7b,0x2d7b,0x2d7b,0x2d7b,0x2d7b,0x2d7b,0x2d7b,0x2d7b,0x2d7b,0x2d7b,
	0x2d7b,0x2d7b,0x317b,0x317c,0x317b,0x2d7b,0x2d7b,0x299a,0x29ba,0x0490,0x008f,0x04b0,0x00af,0x04af,0x04ad,0x08cd,
	0x0ccc,0x0ccc,0x0ccc,0x0ccc,0x0ccc,0x0ccc,0x0ccc,0x0ccc,0x0ccc,0x0ccc,0x0ccc,0x0ccc,0x0ccc,0x0ccc,0x0ccc,0x0ccc,
	0x0ccc,0x0ccb,0x0ccc,0x0ccb,0x0ccc,0x0ccb,0x0ccc,0x0ccb,0x0ccc,0x0ccb,0x0ccc,0x0ccb,0x0ccc,0x0ccb,0x0ccc,0x0ccb,
	0x0ccc,0x0ccb,0x0ccc,0x0ccb,0x0ccc,0x0ccb,0x0ccc,0x0ccb,0x0ccc,0x0ccb,0x0ccc,0x0ccb,0x0ccc,0x0ccb,0x0ccc,0x0ccb,
	0x10cb,0x0ccb,0x0ccc,0x0ccc,0x0ccc,0x0ccb,0x0ccb,0x0ccc,0x0ccc,0x10ec,0x0ccb,0x0cec,0x08cc,0x04cd,0x04af,0x00af,
	0x04cf,0x008e,0x08b0,0x29b9,0x2d9a,0x2d7b,0x2d7b,0x2d7b,0x2d7b,0x2d7c,0x2d7c,0x2d7b,0x2d7b,0x2d7b,0x317b,0x317b,
	0x2d7b,0x2d7b,0x2d7b,0x2d7b,0x2d7b,0x2d7b,0x2d7b,0x2d7b,0x2d7b,0x2d7b,0x2d7b,0x2d7b,0x2d7b,0x2d7b,0x2d7b,0x2d7b,
	0x317b,0x2d7b,0x2d7b,0x2d7b,0x2d7b,0x299a,0x04af,0x00ae,0x04b0,0x008f,0x00af,0x04ce,0x08ac,0x0ccb,0x10ed,0x10cc,
	0x0ccc,0x0ccb,0x0ccc,0x0ccb,0x0ccc,0x0ccb,0x0ccc,0x0ccb,0x0ccc,0x0ccb,0x0ccc,0x0ccb,0x0ccc,0x0ccb,0x0ccc,0x0ccb,
	0x0ccc,0x0ccb,0x0ccc,0x0ccb,0x0ccc,0x0ccb,0x0ccc,0x0ccb,0x0ccc,0x0ccb,0x0ccc,0x0ccb,0x0ccc,0x0ccb,0x0ccc,0x0ccb,
	0x0ccc,0x0ccb,0x0ccc,0x0ccb,0x0ccc,0x0ccb,0x0ccc,0x0ccb,0x0ccc,0x0ccb,0x0ccc,0x0ccb,0x0ccc,0x0ccb,0x0ccc,0x0ccb,
	0x0ccb,0x0ccc,0x10cc,0x10cc,0x10cb,0x10cb,0x0ccb,0x0ccb,0x0ccc,0x0ccc,0x04ad,0x00ae,0x048f,0x048f,0x04cf,0x04af,
	0x299a,0x2d7b,0x2d7b,0x2d7b,0x2d7b,0x2d7b,0x2d7b,0x2d7b,0x2d7b,0x2d7b,0x2d7b,0x2d7b,0x2d7b,0x2d7b,0x2d7b,0x2d7b,
	0x2d7b,0x2d7b,0x2d7b,0x2d7b,0x2d7b,0x2d7b,0x2d7b,0x2d7b,0x2d7b,0x2d7b,0x2d7b,0x2d7b,0x2d7b,0x2d7b,0x2d7b,0x2d7b,
	0x2d7b,0x2d7b,0x2d7b,0x2d7b,0x2d7b,0x2d7b,0x2d7b,0x2d7b,0x2d7b,0x2d7b,0x2d7b,0x2d7b,0x2d7b,0x2d7b,0x2d7b,0x2d7b,
	0x2d7b,0x2d7b,0x2d7b,0x317c,0x317b,0x2d7b,0x2d7b,0x2d9a,0x2598,0x08b1,0x04b0,0x25b7,0x29b8,0x04ae,0x0cee,0x67bf,
	0x6fdf,0x73df,0x73df,0x73df,0x73df,0x73df,0x73df,0x73df,0x73df,0x73df,0x73df,0x73df,0x73df,0x73df,0x73df,0x73df,
	0x73df,0x73df,0x73df,0x73df,0x73df,0x73df,0x73df,0x73df,0x73df,0x73df,0x73df,0x73df,0x73df,0x73df,0x73df,0x73df,
	0x73df,0x73df,0x73df,0x73df,0x73df,0x73df,0x73df,0x73df,0x73df,0x73df,0x73df,0x73df,0x73df,0x73df,0x73df,0x73df,
	0x73df,0x73df,0x73df,0x73df,0x73df,0x73df,0x73df,0x73df,0x73df,0x6fdf,0x6fdf,0x6bdf,0x67bf,0x08ec,0x04ad,0x29d8,
	0x25b7,0x08d1,0x04b0,0x2999,0x2d9a,0x2d7b,0x2d7b,0x2d7b,0x2d7c,0x2d7c,0x2d7c,0x2d7b,0x2d7b,0x2d7b,0x317b,0x317b,
	0x2d7b,0x2d7b,0x2d7b,0x2d7b,0x2d7b,0x2d7b,0x2d7b,0x2d7b,0x2d7b,0x2d7b,0x2d7b,0x2d7b,0x2d7b,0x2d7b,0x2d7b,0x2d7b,
	0x317b,0x2d7b,0x2d7c,0x2d7b,0x2d7b,0x299a,0x04af,0x00ae,0x25b8,0x29b8,0x00ae,0x04cd,0x6bbf,0x73ff,0x6b9f,0x73bf,
	0x73df,0x73df,0x73df,0x73df,0x73df,0x73df,0x73df,0x73df,0x73df,0x73df,0x73df,0x73df,0x73df,0x73df,0x73df,0x73df,
	0x73df,0x73df,0x73df,0x73df,0x73df,0x73df,0x73df,0x73df,0x73df,0x73df,0x73df,0x73df,0x73df,0x73df,0x73df,0x73df,
	0x73df,0x73df,0x73df,0x73df,0x73df,0x73df,0x73df,0x73df,0x73df,0x73df,0x73df,0x73df,0x73df,0x73df,0x73df,0x73df,
	0x6fdf,0x73df,0x73df,0x73df,0x73df,0x73df,0x6fdf,0x6fdf,0x73df,0x6bbf,0x08cd,0x04ae,0x29b8,0x2db9,0x008e,0x008e,
	0x2d9a,0x2d7b,0x2d7b,0x2d7b,0x2d7b,0x2d7b,0x2d7b,0x2d7b,0x2d7b,0x2d7b,0x2d7b,0x2d7b,0x2d7b,0x2d7b,0x2d7b,0x2d7b,
	0x2d7b,0x2d7b,0x2d7b,0x2d7b,0x2d7b,0x2d7b,0x2d7b,0x2d7b,0x2d7b,0x2d7b,0x2d7b,0x2d7b,0x2d7b,0x2d7b,0x2d7b,0x2d7b,
	0x2d7b,0x2d7b,0x2d7b,0x2d7b,0x2d7b,0x2d7b,0x2d7b,0x2d7b,0x2d7b,0x2d7b,0x2d7b,0x2d7b,0x2d7b,0x2d7b,0x2d7b,0x2d7b,
	0x2d7b,0x2d7b,0x2d7b,0x317c,0x317b,0x317b,0x2d7b,0x2d9a,0x29b9,0x048f,0x008e,0x29d8,0x29b7,0x08ae,0x0cec,0x6bdf,
	0x77ff,0x7bff,0x7bff,0x7bff,0x7bff,0x7bff,0x7bff,0x7bff,0x7bff,0x7bff,0x7bff,0x7bff,0x7bff,0x7bff,0x7bff,0x7bff,
	0x7bff,0x7bff,0x7bff,0x7bff,0x7bff,0x7bff,0x7bff,0x7bff,0x7bff,0x7bff,0x7bff,0x7bff,0x7bff,0x7bff,0x7bff,0x7bff,
	0x7bff,0x7bff,0x7bff,0x7bff,0x7bff,0x7bff,0x7bff,0x7bff,0x7bff,0x7bff,0x7bff,0x7bff,0x7bff,0x7bff,0x7bff,0x7bff,
	0x7bff,0x7bff,0x7bff,0x7bff,0x7bff,0x7bff,0x7bff,0x7bff,0x7bff,0x7bff,0x77ff,0x73ff,0x73ff,0x08cb,0x08ad,0x29b7,
	0x29b7,0x04af,0x048f,0x2999,0x2d9b,0x2d7b,0x2d7b,0x2d7c,0x2d7c,0x2d7c,0x2d7c,0x2d7b,0x2d7b,0x2d7b,0x2d7b,0x2d7b,
	0x2d7b,0x2d7b,0x2d7b,0x2d7b,0x2d7b,0x2d7b,0x2d7b,0x2d7b,0x2d7b,0x2d7b,0x2d7b,0x2d7b,0x2d7b,0x2d7b,0x2d7b,0x2d7b,
	0x2d7b,0x2d7b,0x2d7c,0x2d7c,0x2d7b,0x2d9a,0x04af,0x04af,0x29b9,0x29b9,0x04ae,0x08cc,0x6fdf,0x73df,0x7bff,0x7bff,
	0x7bff,0x7bff,0x7bff,0x7bff,0x7bff,0x7bff,0x7bff,0x7bff,0x7bff,0x7bff,0x7bff,0x7bff,0x7bff,0x7bff,0x7bff,0x7bff,
	0x7bff,0x7bff,0x7bff,0x7bff,0x7bff,0x7bff,0x7bff,0x7bff,0x7bff,0x7bff,0x7bff,0x7bff,0x7bff,0x7bff,0x7bff,0x7bff,
	0x7bff,0x7bff,0x7bff,0x7bff,0x7bff,0x7bff,0x7bff,0x7bff,0x7bff,0x7bff,0x7bff,0x7bff,0x7bff,0x7bff,0x7bff,0x7bff,
	0x77ff,0x77ff,0x7bff,0x7bff,0x7bff,0x7bff,0x77ff,0x77ff,0x77ff,0x73ff,0x08cc,0x04ae,0x2d99,0x2999,0x04af,0x08d0,
	0x2d9a,0x2d7b,0x2d7b,0x2d7b,0x2d7b,0x2d7b,0x2d7b,0x2d7b,0x2d7b,0x2d7b,0x2d7b,0x2d7b,0x2d7b,0x2d7b,0x2d7b,0x2d7b,
	0x2d7b,0x2d7b,0x2d7b,0x2d7b,0x2d7b,0x2d7b,0x2d7b,0x2d7b,0x2d7b,0x2d7b,0x2d7b,0x2d7b,0x2d7b,0x2d7b,0x2d7b,0x2d7b,
	0x2d7b,0x2d7b,0x2d7b,0x2d7b,0x2d7b,0x2d7b,0x2d7b,0x2d7b,0x2d7b,0x2d7b,0x2d7b,0x2d7b,0x2d7b,0x2d7b,0x2d7b,0x2d7b,
	0x2d7b,0x2d7b,0x2d7b,0x317c,0x317c,0x317b,0x2d7b,0x2d9a,0x2998,0x04af,0x04af,0x29d8,0x29b7,0x08ad,0x0ceb,0x6fdf,
	0x7bff,0x7fff,0x7fff,0x7fff,0x7fff,0x7fff,0x7fff,0x7fff,0x7fff,0x7fff,0x7fff,0x7fff,0x7fff,0x7fff,0x7fff,0x7fff,
	0x7fff,0x7fff,0x7fff,0x7fff,0x7fff,0x7fff,0x7fff,0x7fff,0x7fff,0x7fff,0x7fff,0x7fff,0x7fff,0x7fff,0x7fff,0x7fff,
	0x7fff,0x7fff,0x7fff,0x7fff,0x7fff,0x7fff,0x7fff,0x7fff,0x7fff,0x7fff,0x7fff,0x7fff,0x7fff,0x7fff,0x7fff,0x7fff,
	0x7fff,0x7fff,0x7fff,0x7fff,0x7fff,0x7fff,0x7fff,0x7fff,0x7fff,0x7fff,0x7bff,0x77ff,0x6fdf,0x10eb,0x10cf,0x29b7,
	0x25b7,0x048f,0x0490,0x2999,0x297a,0x2d7b,0x2d7b,0x317c,0x2d7c,0x2d7c,0x2d7c,0x2d7b,0x2d7b,0x2d7b,0x2d7b,0x2d7b,
	0x2d7b,0x2d7b,0x2d7b,0x2d7b,0x2d7b,0x2d7b,0x2d7b,0x2d7b,0x2d7b,0x2d7b,0x2d7b,0x2d7b,0x2d7b,0x2d7b,0x2d7b,0x2d7b,
	0x2d7b,0x2d7b,0x2d7c,0x2d7c,0x317b,0x2d9a,0x04af,0x04af,0x2999,0x2db9,0x008e,0x08cc,0x73ff,0x77ff,0x7bff,0x7bfe,
	0x7fff,0x7fff,0x7fff,0x7fff,0x7fff,0x7fff,0x7fff,0x7fff,0x7fff,0x7fff,0x7fff,0x7fff,0x7fff,0x7fff,0x7fff,0x7fff,
	0x7fff,0x7fff,0x7fff,0x7fff,0x7fff,0x7fff,0x7fff,0x7fff,0x7fff,0x7fff,0x7fff,0x7fff,0x7fff,0x7fff,0x7fff,0x7fff,
	0x7fff,0x7fff,0x7fff,0x7fff,0x7fff,0x7fff,0x7fff,0x7fff,0x7fff,0x7fff,0x7fff,0x7fff,0x7fff,0x7fff,0x7fff,0x7fff,
	0x7bff,0x7bff,0x7fff,0x7fff,0x7fff,0x7fff,0x7bfe,0x7bff,0x7bff,0x73df,0x0ccc,0x048e,0x2dba,0x2d99,0x04b0,0x008f,
	0x2d9a,0x2d7b,0x2d7b,0x2d7b,0x2d7b,0x2d7b,0x2d7b,0x2d7b,0x2d7b,0x2d7b,0x2d7b,0x2d7b,0x2d7b,0x2d7b,0x2d7b,0x2d7b,
	0x2d7b,0x2d7b,0x2d7b,0x2d7b,0x2d7b,0x2d7b,0x2d7b,0x2d7b,0x2d7b,0x2d7b,0x2d7b,0x2d7b,0x2d7b,0x2d7b,0x2d7b,0x2d7b,
	0x2d7b,0x2d7b,0x2d7b,0x2d7b,0x2d7b,0x2d7b,0x2d7b,0x2d7b,0x2d7b,0x2d7b,0x2d7b,0x2d7b,0x2d7b,0x2d7b,0x2d7b,0x2d7b,
	0x2d7b,0x2d7b,0x2d7b,0x317c,0x317c,0x317b,0x2d7b,0x2d9a,0x2db9,0x08b0,0x008e,0x25b7,0x2dd8,0x08ad,0x08ca,0x73df,
	0x7bff,0x7fff,0x7fff,0x7fff,0x7fff,0x7fff,0x7fff,0x7fff,0x7fff,0x7fff,0x7fff,0x7fff,0x7fff,0x7fff,0x7fff,0x7fff,
	0x7fff,0x7fff,0x7fff,0x7fff,0x7fff,0x7fff,0x7fff,0x7fff,0x7fff,0x7fff,0x7fff,0x7fff,0x7fff,0x7fff,0x7fff,0x7fff,
	0x7fff,0x7fff,0x7fff,0x7fff,0x7fff,0x7fff,0x7fff,0x7fff,0x7fff,0x7fff,0x7fff,0x7fff,0x7fff,0x7fff,0x7fff,0x7fff,
	0x7fff,0x7fff,0x7fff,0x7fff,0x7fff,0x7fff,0x7fff,0x7fff,0x7fff,0x7fff,0x7bff,0x77ff,0x6fdf,0x08ab,0x08ae,0x29b8,
	0x29d9,0x04b0,0x0490,0x2999,0x297a,0x2d9c,0x2d7b,0x2d7b,0x317b,0x2d7b,0x2d7c,0x2d7b,0x2d7b,0x2d7b,0x2d7b,0x2d7b,
	0x2d7b,0x2d7b,0x2d7b,0x2d7b,0x2d7b,0x2d7b,0x2d7b,0x2d7b,0x2d7b,0x2d7b,0x2d7b,0x2d7b,0x2d7b,0x2d7b,0x2d7b,0x2d7b,
	0x317b,0x2d7b,0x2d7b,0x2d7c,0x317c,0x2d7a,0x04af,0x04af,0x299a,0x2999,0x04af,0x0ced,0x73df,0x7bff,0x7fff,0x7fff,
	0x7fff,0x7fff,0x7fff,0x7fff,0x7fff,0x7fff,0x7fff,0x7fff,0x7fff,0x7fff,0x7fff,0x7fff,0x7fff,0x7fff,0x7fff,0x7fff,
	0x7fff,0x7fff,0x7fff,0x7fff,0x7fff,0x7fff,0x7fff,0x7fff,0x7fff,0x7fff,0x7fff,0x7fff,0x7fff,0x7fff,0x7fff,0x7fff,
	0x7fff,0x7fff,0x7fff,0x7fff,0x7fff,0x7fff,0x7fff,0x7fff,0x7fff,0x7fff,0x7fff,0x7fff,0x7fff,0x7fff,0x7fff,0x7fff,
	0x7fff,0x7fff,0x7fff,0x7fff,0x7fff,0x7fff,0x7fff,0x7bff,0x7fff,0x77df,0x0ccd,0x04af,0x2d9a,0x2d9a,0x008f,0x04b0,
	0x299a,0x2d7b,0x2d7b,0x2d7b,0x2d7b,0x2d7b,0x2d7b,0x2d7b,0x2d7b,0x2d7b,0x2d7b,0x2d7b,0x2d7b,0x2d7b,0x2d7b,0x2d7b,
	0x2d7b,0x2d7b,0x2d7b,0x2d7b,0x2d7b,0x2d7b,0x2d7b,0x2d7b,0x2d7b,0x2d7b,0x2d7b,0x2d7b,0x2d7b,0x2d7b,0x2d7b,0x2d7b,
	0x2d7b,0x2d7b,0x2d7b,0x2d7b,0x2d7b,0x2d7b,0x2d7b,0x2d7b,0x2d7b,0x2d7b,0x2d7b,0x2d7b,0x2d7b,0x2d7b,0x2d7b,0x2d7b,
	0x2d7b,0x2d7b,0x2d7b,0x317c,0x317c,0x317c,0x2d7b,0x2d9a,0x2598,0x04af,0x04b0,0x25b7,0x29b7,0x08ae,0x10ec,0x73ff,
	0x7bff,0x7fff,0x7fff,0x7fff,0x7fff,0x7fff,0x7fff,0x7fff,0x7fff,0x7fff,0x7fff,0x7fff,0x7fff,0x7fff,0x7fff,0x7fff,
	0x7fff,0x7fff,0x7fff,0x7fff,0x7fff,0x7fff,0x7fff,0x7fff,0x7fff,0x7fff,0x7fff,0x7fff,0x7fff,0x7fff,0x7fff,0x7fff,
	0x7fff,0x7fff,0x7fff,0x7fff,0x7fff,0x7fff,0x7fff,0x7fff,0x7fff,0x7fff,0x7fff,0x7fff,0x7fff,0x7fff,0x7fff,0x7fff,
	0x7fff,0x7fff,0x7fff,0x7fff,0x7fff,0x7fff,0x7fff,0x7fff,0x7fff,0x7fff,0x7bff,0x73df,0x6fdf,0x10ec,0x08ae,0x29b8,
	0x25b8,0x048f,0x048f,0x29b9,0x2d9b,0x2d7b,0x317b,0x2d7b,0x317b,0x317b,0x2d7b,0x2d7b,0x2d7b,0x2d7b,0x2d7b,0x2d7c,
	0x2d7b,0x2d7b,0x2d7b,0x2d7b,0x2d7b,0x2d7b,0x2d7b,0x2d7b,0x2d7b,0x2d7b,0x2d7b,0x2d7b,0x2d7b,0x2d7b,0x2d7b,0x2d7b,
	0x317b,0x2d7b,0x2d7b,0x2d7c,0x317c,0x2d7a,0x04af,0x00af,0x299a,0x2d9a,0x04af,0x08cc,0x73df,0x7bff,0x7fff,0x7fff,
	0x7fff,0x7fff,0x7fff,0x7fff,0x7fff,0x7fff,0x7fff,0x7fff,0x7fff,0x7fff,0x7fff,0x7fff,0x7fff,0x7fff,0x7fff,0x7fff,
	0x7fff,0x7fff,0x7fff,0x7fff,0x7fff,0x7fff,0x7fff,0x7fff,0x7fff,0x7fff,0x7fff,0x7fff,0x7fff,0x7fff,0x7fff,0x7fff,
	0x7fff,0x7fff,0x7fff,0x7fff,0x7fff,0x7fff,0x7fff,0x7fff,0x7fff,0x7fff,0x7fff,0x7fff,0x7fff,0x7fff,0x7fff,0x7fff,
	0x7fff,0x7fff,0x7fff,0x7fff,0x7fff,0x7fff,0x7fff,0x7fff,0x7bff,0x77df,0x08ac,0x08b0,0x2d9a,0x2d9a,0x00af,0x00af,
	0x299a,0x2d7b,0x2d7b,0x2d7b,0x2d7b,0x2d7b,0x2d7b,0x2d7b,0x2d7b,0x2d7b,0x2d7b,0x2d7b,0x2d7b,0x2d7b,0x2d7b,0x2d7b,
	0x2d7b,0x2d7b,0x2d7b,0x2d7b,0x2d7b,0x2d7b,0x2d7b,0x2d7b,0x2d7b,0x2d7b,0x2d7b,0x2d7b,0x2d7b,0x2d7b,0x2d7b,0x2d7b,
	0x2d7b,0x2d7b,0x2d7b,0x2d7b,0x2d7b,0x2d7b,0x2d7b,0x2d7b,0x2d7b,0x2d7b,0x2d7b,0x2d7b,0x2d7b,0x2d7b,0x2d7b,0x2d7b,
	0x2d7b,0x2d7b,0x317b,0x317c,0x317c,0x317c,0x2d7b,0x2d9a,0x29b9,0x04b0,0x04b0,0x29b8,0x2db9,0x08ae,0x08cb,0x6fdf,
	0x7fff,0x7fff,0x7fff,0x7fff,0x7fff,0x7fff,0x7fff,0x7fff,0x7fff,0x7fff,0x7fff,0x7fff,0x7fff,0x7fff,0x7fff,0x7fff,
	0x7fff,0x7fff,0x7fff,0x7fff,0x7fff,0x7fff,0x7fff,0x7fff,0x7fff,0x7fff,0x7fff,0x7fff,0x7fff,0x7fff,0x7fff,0x7fff,
	0x7fff,0x7fff,0x7fff,0x7fff,0x7fff,0x7fff,0x7fff,0x7fff,0x7fff,0x7fff,0x7fff,0x7fff,0x7fff,0x7fff,0x7fff,0x7fff,
	0x7fff,0x7fff,0x7fff,0x7fff,0x7fff,0x7fff,0x7fff,0x7fff,0x7fff,0x7fff,0x7fff,0x7bff,0x6fdf,0x10ec,0x08ae,0x29b8,
	0x29b8,0x08b0,0x048f,0x2d99,0x2d9a,0x2d7a,0x317b,0x319b,0x317b,0x317b,0x2d7b,0x2d7b,0x2d7b,0x2d7b,0x2d7c,0x2d7c,
	0x2d7b,0x2d7b,0x2d7b,0x2d7b,0x2d7b,0x2d7b,0x2d7b,0x2d7b,0x2d7b,0x2d7b,0x2d7b,0x2d7b,0x2d7b,0x2d7b,0x2d7b,0x2d7b,
	0x317b,0x317b,0x2d7b,0x2d7c,0x317c,0x2d7a,0x04af,0x00ae,0x299a,0x2d9a,0x04ae,0x08cc,0x77ff,0x7fff,0x7fff,0x7ffe,
	0x7fff,0x7fff,0x7fff,0x7fff,0x7fff,0x7fff,0x7fff,0x7fff,0x7fff,0x7fff,0x7fff,0x7fff,0x7fff,0x7fff,0x7fff,0x7fff,
	0x7fff,0x7fff,0x7fff,0x7fff,0x7fff,0x7fff,0x7fff,0x7fff,0x7fff,0x7fff,0x7fff,0x7fff,0x7fff,0x7fff,0x7fff,0x7fff,
	0x7fff,0x7fff,0x7fff,0x7fff,0x7fff,0x7fff,0x7fff,0x7fff,0x7fff,0x7fff,0x7fff,0x7fff,0x7fff,0x7fff,0x7fff,0x7fff,
	0x7fff,0x7fff,0x7fff,0x7fff,0x7fff,0x7fff,0x7fff,0x7fff,0x7fff,0x7bff,0x04ac,0x048f,0x31bb,0x299a,0x00af,0x00af,
	0x299a,0x2d7b,0x2d7b,0x2d7b,0x2d7b,0x2d7b,0x2d7b,0x2d7b,0x2d7b,0x2d7b,0x2d7b,0x2d7b,0x2d7b,0x2d7b,0x2d7b,0x2d7b,
	0x2d7b,0x2d7b,0x2d7b,0x2d7b,0x2d7b,0x2d7b,0x2d7b,0x2d7b,0x2d7b,0x2d7b,0x2d7b,0x2d7b,0x2d7b,0x2d7b,0x2d7b,0x2d7b,
	0x2d7b,0x2d7b,0x2d7b,0x2d7b,0x2d7b,0x2d7b,0x2d7b,0x2d7b,0x2d7b,0x2d7b,0x2d7b,0x2d7b,0x2d7b,0x2d7b,0x2d7b,0x2d7b,
	0x2d7b,0x2d7b,0x317b,0x317b,0x317c,0x317c,0x317b,0x2d9a,0x29b9,0x048f,0x0490,0x29b9,0x2598,0x08af,0x0ccc,0x73df,
	0x7fff,0x7fff,0x7fff,0x7fff,0x7fff,0x7fff,0x7fff,0x7fff,0x7fff,0x7fff,0x7fff,0x7fff,0x7fff,0x7fff,0x7fff,0x7fff,
	0x7fff,0x7fff,0x7fff,0x7fff,0x7fff,0x7fff,0x7fff,0x7fff,0x7fff,0x7fff,0x7fff,0x7fff,0x7fff,0x7fff,0x7fff,0x7fff,
	0x7fff,0x7fff,0x7fff,0x7fff,0x7fff,0x7fff,0x7fff,0x7fff,0x7fff,0x7fff,0x7fff,0x7fff,0x7fff,0x7fff,0x7fff,0x7fff,
	0x7fff,0x7fff,0x7fff,0x7fff,0x7fff,0x7fff,0x7fff,0x7fff,0x7fff,0x7fff,0x7fff,0x7bff,0x73df,0x0ccb,0x0cae,0x29b8,
	0x25b7,0x08b0,0x048f,0x2999,0x2d9a,0x2d7b,0x319b,0x2d7a,0x317b,0x317b,0x2d7b,0x2d7b,0x2d7b,0x2d7b,0x2d7b,0x2d7b,
	0x2d7b,0x2d7b,0x2d7b,0x2d7b,0x2d7b,0x2d7b,0x2d7b,0x2d7b,0x2d7b,0x2d7b,0x2d7b,0x2d7b,0x2d7b,0x2d7b,0x2d7b,0x2d7b,
	0x317b,0x317b,0x2d7b,0x2d7b,0x317c,0x2d7a,0x04af,0x04ae,0x299a,0x299a,0x04ae,0x0cec,0x73df,0x7fff,0x7fff,0x7ffe,
	0x7fff,0x7fff,0x7fff,0x7fff,0x7fff,0x7fff,0x7fff,0x7fff,0x7fff,0x7fff,0x7fff,0x7fff,0x7fff,0x7fff,0x7fff,0x7fff,
	0x7fff,0x7fff,0x7fff,0x7fff,0x7fff,0x7fff,0x7fff,0x7fff,0x7fff,0x7fff,0x7fff,0x7fff,0x7fff,0x7fff,0x7fff,0x7fff,
	0x7fff,0x7fff,0x7fff,0x7fff,0x7fff,0x7fff,0x7fff,0x7fff,0x7fff,0x7fff,0x7fff,0x7fff,0x7fff,0x7fff,0x7fff,0x7fff,
	0x7fff,0x7fff,0x7fff,0x7fff,0x7fff,0x7fff,0x7fff,0x7fff,0x7fff,0x73df,0x08cc,0x08d0,0x2979,0x299a,0x00af,0x00af,
	0x299a,0x2d7b,0x2d7b,0x2d7b,0x2d7b,0x2d7b,0x2d7b,0x2d7b,0x2d7b,0x2d7b,0x2d7b,0x2d7b,0x2d7b,0x2d7b,0x2d7b,0x2d7b,
	0x2d7b,0x2d7b,0x2d7b,0x2d7b,0x2d7b,0x2d7b,0x2d7b,0x2d7b,0x2d7b,0x2d7b,0x2d7b,0x2d7b,0x2d7b,0x2d7b,0x2d7b,0x2d7b,
	0x2d7b,0x2d7b,0x2d7b,0x2d7b,0x2d7b,0x2d7b,0x2d7b,0x2d7b,0x2d7b,0x2d7b,0x2d7b,0x2d7b,0x2d7b,0x2d7b,0x2d7b,0x2d7b,
	0x2d7b,0x2d7b,0x317b,0x317b,0x2d7b,0x2d7b,0x317b,0x2d9a,0x2999,0x04b0,0x04b0,0x25b8,0x29b8,0x08ae,0x0ccb,0x73df,
	0x7bff,0x7fff,0x7fff,0x7fff,0x7fff,0x7fff,0x7fff,0x7fff,0x7fff,0x7fff,0x7fff,0x7fff,0x7fff,0x7fff,0x7fff,0x7fff,
	0x7fff,0x7fff,0x7fff,0x7fff,0x7fff,0x7fff,0x7fff,0x7fff,0x7fff,0x7fff,0x7fff,0x7fff,0x7fff,0x7fff,0x7fff,0x7fff,
	0x7fff,0x7fff,0x7fff,0x7fff,0x7fff,0x7fff,0x7fff,0x7fff,0x7fff,0x7fff,0x7fff,0x7fff,0x7fff,0x7fff,0x7fff,0x7fff,
	0x7fff,0x7fff,0x7fff,0x7fff,0x7fff,0x7fff,0x7fff,0x7fff,0x7fff,0x7fff,0x7fff,0x7bff,0x73df,0x10cb,0x08ae,0x29b8,
	0x29b8,0x04af,0x048f,0x2db9,0x2d9a,0x2d7b,0x317b,0x317b,0x317b,0x317b,0x2d7b,0x2d7b,0x2d7b,0x2d7b,0x2d7b,0x2d7b,
	0x2d7b,0x2d7b,0x2d7b,0x2d7b,0x2d7b,0x2d7b,0x2d7b,0x2d7b,0x2d7b,0x2d7b,0x2d7b,0x2d7b,0x2d7b,0x2d7b,0x2d7b,0x2d7b,
	0x2d7b,0x2d7b,0x317b,0x2d7b,0x317b,0x2d9a,0x04af,0x04af,0x299a,0x299a,0x04af,0x08cc,0x77ff,0x7fff,0x7fff,0x7fff,
	0x7fff,0x7fff,0x7fff,0x7fff,0x7fff,0x7fff,0x7fff,0x7fff,0x7fff,0x7fff,0x7fff,0x7fff,0x7fff,0x7fff,0x7fff,0x7fff,
	0x7fff,0x7fff,0x7fff,0x7fff,0x7fff,0x7fff,0x7fff,0x7fff,0x7fff,0x7fff,0x7fff,0x7fff,0x7fff,0x7fff,0x7fff,0x7fff,
	0x7fff,0x7fff,0x7fff,0x7fff,0x7fff,0x7fff,0x7fff,0x7fff,0x7fff,0x7fff,0x7fff,0x7fff,0x7fff,0x7fff,0x7fff,0x7fff,
	0x7fff,0x7fff,0x7fff,0x7fff,0x7fff,0x7fff,0x7fff,0x7fff,0x7fff,0x77ff,0x08cc,0x04af,0x2d9a,0x2d9a,0x00af,0x00af,
	0x299a,0x2d7b,0x2d7b,0x2d7b,0x2d7b,0x2d7b,0x2d7b,0x2d7b,0x2d7b,0x2d7b,0x2d7b,0x2d7b,0x2d7b,0x2d7b,0x2d7b,0x2d7b,
	0x2d7b,0x2d7b,0x2d7b,0x2d7b,0x2d7b,0x2d7b,0x2d7b,0x2d7b,0x2d7b,0x2d7b,0x2d7b,0x2d7b,0x2d7b,0x2d7b,0x2d7b,0x2d7b,
	0x2d7b,0x2d7b,0x2d7b,0x2d7b,0x2d7b,0x2d7b,0x2d7b,0x2d7b,0x2d7b,0x2d7b,0x2d7b,0x2d7b,0x2d7b,0x2d7b,0x2d7b,0x2d7b,
	0x2d7b,0x2d7b,0x317b,0x2d7b,0x2d7b,0x2d7b,0x317b,0x2d9a,0x2999,0x04b0,0x04b0,0x25b8,0x29b8,0x08ae,0x0ccb,0x73df,
	0x7bff,0x7fff,0x7fff,0x7fff,0x7fff,0x7fff,0x7fff,0x7fff,0x7fff,0x7fff,0x7fff,0x7fff,0x7fff,0x7fff,0x7fff,0x7fff,
	0x7fff,0x7fff,0x7fff,0x7fff,0x7fff,0x7fff,0x7fff,0x7fff,0x7fff,0x7fff,0x7fff,0x7fff,0x7fff,0x7fff,0x7fff,0x7fff,
	0x7fff,0x7fff,0x7fff,0x7fff,0x7fff,0x7fff,0x7fff,0x7fff,0x7fff,0x7fff,0x7fff,0x7fff,0x7fff,0x7fff,0x7fff,0x7fff,
	0x7fff,0x7fff,0x7fff,0x7fff,0x7fff,0x7fff,0x7fff,0x7fff,0x7fff,0x7fff,0x7fff,0x7bff,0x73df,0x10cb,0x08ae,0x29b8,
	0x29b8,0x04af,0x04af,0x2db8,0x2d7a,0x2d7b,0x317b,0x317b,0x317b,0x317b,0x2d7b,0x2d7b,0x2d7b,0x2d7b,0x2d7b,0x2d7b,
	0x2d7b,0x2d7b,0x2d7b,0x2d7b,0x2d7b,0x2d7b,0x2d7b,0x2d7b,0x2d7b,0x2d7b,0x2d7b,0x2d7b,0x2d7b,0x2d7b,0x2d7b,0x2d7b,
	0x2d7b,0x2d7b,0x317b,0x2d7b,0x2d7b,0x2d9a,0x04af,0x04af,0x299a,0x299a,0x04af,0x08cc,0x77ff,0x7fff,0x7fff,0x7fff,
	0x7fff,0x7fff,0x7fff,0x7fff,0x7fff,0x7fff,0x7fff,0x7fff,0x7fff,0x7fff,0x7fff,0x7fff,0x7fff,0x7fff,0x7fff,0x7fff,
	0x7fff,0x7fff,0x7fff,0x7fff,0x7fff,0x7fff,0x7fff,0x7fff,0x7fff,0x7fff,0x7fff,0x7fff,0x7fff,0x7fff,0x7fff,0x7fff,
	0x7fff,0x7fff,0x7fff,0x7fff,0x7fff,0x7fff,0x7fff,0x7fff,0x7fff,0x7fff,0x7fff,0x7fff,0x7fff,0x7fff,0x7fff,0x7fff,
	0x7fff,0x7fff,0x7fff,0x7fff,0x7fff,0x7fff,0x7fff,0x7fff,0x7fff,0x77ff,0x08cc,0x04af,0x2d9a,0x2d9a,0x00af,0x00af,
	0x299a,0x2d7b,0x2d7b,0x2d7b,0x2d7b,0x2d7b,0x2d7b,0x2d7b,0x2d7b,0x2d7b,0x2d7b,0x2d7b,0x2d7b,0x2d7b,0x2d7b,0x2d7b,
	0x2d7b,0x2d7b,0x2d7b,0x2d7b,0x2d7b,0x2d7b,0x2d7b,0x2d7b,0x2d7b,0x2d7b,0x2d7b,0x2d7b,0x2d7b,0x2d7b,0x2d7b,0x2d7b,
	0x2d7b,0x2d7b,0x2d7b,0x2d7b,0x2d7b,0x2d7b,0x2d7b,0x2d7b,0x2d7b,0x2d7b,0x2d7b,0x2d7b,0x2d7b,0x2d7b,0x2d7b,0x2d7b,
	0x2d7b,0x2d7b,0x317b,0x2d7b,0x2d7b,0x2d7b,0x317b,0x2d9a,0x2999,0x04b0,0x04b0,0x25b8,0x29b8,0x08ae,0x0ccb,0x73df,
	0x7bff,0x7fff,0x7fff,0x7fff,0x7fff,0x7fff,0x7fff,0x7fff,0x7fff,0x7fff,0x7fff,0x7fff,0x7fff,0x7fff,0x7fff,0x7fff,
	0x7fff,0x7fff,0x7fff,0x7fff,0x7fff,0x7fff,0x7fff,0x7fff,0x7fff,0x7fff,0x7fff,0x7fff,0x7fff,0x7fff,0x7fff,0x7fff,
	0x7fff,0x7fff,0x7fff,0x7fff,0x7fff,0x7fff,0x7fff,0x7fff,0x7fff,0x7fff,0x7fff,0x7fff,0x7fff,0x7fff,0x7fff,0x7fff,
	0x7fff,0x7fff,0x7fff,0x7fff,0x7fff,0x7fff,0x7fff,0x7fff,0x7fff,0x7fff,0x7fff,0x7bff,0x73df,0x10cb,0x08ae,0x29b8,
	0x29b8,0x04af,0x04af,0x2db8,0x2d7a,0x2d7b,0x317b,0x317b,0x317b,0x317b,0x2d7b,0x2d7b,0x2d7b,0x2d7b,0x2d7b,0x2d7b,
	0x2d7b,0x2d7b,0x2d7b,0x2d7b,0x2d7b,0x2d7b,0x2d7b,0x2d7b,0x2d7b,0x2d7b,0x2d7b,0x2d7b,0x2d7b,0x2d7b,0x2d7b,0x2d7b,
	0x2d7b,0x2d7b,0x317b,0x2d7b,0x2d7b,0x2d9a,0x04af,0x04af,0x299a,0x299a,0x04af,0x08cc,0x77ff,0x7fff,0x7fff,0x7fff,
	0x7fff,0x7fff,0x7fff,0x7fff,0x7fff,0x7fff,0x7fff,0x7fff,0x7fff,0x7fff,0x7fff,0x7fff,0x7fff,0x7fff,0x7fff,0x7fff,
	0x7fff,0x7fff,0x7fff,0x7fff,0x7fff,0x7fff,0x7fff,0x7fff,0x7fff,0x7fff,0x7fff,0x7fff,0x7fff,0x7fff,0x7fff,0x7fff,
	0x7fff,0x7fff,0x7fff,0x7fff,0x7fff,0x7fff,0x7fff,0x7fff,0x7fff,0x7fff,0x7fff,0x7fff,0x7fff,0x7fff,0x7fff,0x7fff,
	0x7fff,0x7fff,0x7fff,0x7fff,0x7fff,0x7fff,0x7fff,0x7fff,0x7fff,0x77ff,0x08cc,0x04af,0x2d9a,0x2d9a,0x00af,0x00af,
	0x299a,0x2d7b,0x2d7b,0x2d7b,0x2d7b,0x2d7b,0x2d7b,0x2d7b,0x2d7b,0x2d7b,0x2d7b,0x2d7b,0x2d7b,0x2d7b,0x2d7b,0x2d7b,
	0x2d7b,0x2d7b,0x2d7b,0x2d7b,0x2d7b,0x2d7b,0x2d7b,0x2d7b,0x2d7b,0x2d7b,0x2d7b,0x2d7b,0x2d7b,0x2d7b,0x2d7b,0x2d7b,
	0x2d7b,0x2d7b,0x2d7b,0x2d7b,0x2d7b,0x2d7b,0x2d7b,0x2d7b,0x2d7b,0x2d7b,0x2d7b,0x2d7b,0x2d7b,0x2d7b,0x2d7b,0x2d7b,
	0x2d7b,0x2d7b,0x317b,0x2d7b,0x2d7b,0x2d7b,0x317b,0x2d9a,0x2999,0x04b0,0x04b0,0x25b8,0x29b8,0x08ae,0x0ccb,0x73df,
	0x7bff,0x7fff,0x7fff,0x7fff,0x7fff,0x7fff,0x7fff,0x7fff,0x7fff,0x7fff,0x7fff,0x7fff,0x7fff,0x7fff,0x7fff,0x7fff,
	0x7fff,0x7fff,0x7fff,0x7fff,0x7fff,0x7fff,0x7fff,0x7fff,0x7fff,0x7fff,0x7fff,0x7fff,0x7fff,0x7fff,0x7fff,0x7fff,
	0x7fff,0x7fff,0x7fff,0x7fff,0x7fff,0x7fff,0x7fff,0x7fff,0x7fff,0x7fff,0x7fff,0x7fff,0x7fff,0x7fff,0x7fff,0x7fff,
	0x7fff,0x7fff,0x7fff,0x7fff,0x7fff,0x7fff,0x7fff,0x7fff,0x7fff,0x7fff,0x7fff,0x7bff,0x73df,0x10cb,0x08ae,0x29b8,
	0x29b8,0x04af,0x04af,0x2db8,0x2d7a,0x2d7b,0x317b,0x317b,0x317b,0x317b,0x2d7b,0x2d7b,0x2d7b,0x2d7b,0x2d7b,0x2d7b,
	0x2d7b,0x2d7b,0x2d7b,0x2d7b,0x2d7b,0x2d7b,0x2d7b,0x2d7b,0x2d7b,0x2d7b,0x2d7b,0x2d7b,0x2d7b,0x2d7b,0x2d7b,0x2d7b,
	0x2d7b,0x2d7b,0x317b,0x2d7b,0x2d7b,0x2d9a,0x04af,0x04af,0x299a,0x299a,0x04af,0x08cc,0x77ff,0x7fff,0x7fff,0x7fff,
	0x7fff,0x7fff,0x7fff,0x7fff,0x7fff,0x7fff,0x7fff,0x7fff,0x7fff,0x7fff,0x7fff,0x7fff,0x7fff,0x7fff,0x7fff,0x7fff,
	0x7fff,0x7fff,0x7fff,0x7fff,0x7fff,0x7fff,0x7fff,0x7fff,0x7fff,0x7fff,0x7fff,0x7fff,0x7fff,0x7fff,0x7fff,0x7fff,
	0x7fff,0x7fff,0x7fff,0x7fff,0x7fff,0x7fff,0x7fff,0x7fff,0x7fff,0x7fff,0x7fff,0x7fff,0x7fff,0x7fff,0x7fff,0x7fff,
	0x7fff,0x7fff,0x7fff,0x7fff,0x7fff,0x7fff,0x7fff,0x7fff,0x7fff,0x77ff,0x08cc,0x04af,0x2d9a,0x2d9a,0x00af,0x00af,
	0x299a,0x2d7b,0x2d7b,0x2d7b,0x2d7b,0x2d7b,0x2d7b,0x2d7b,0x2d7b,0x2d7b,0x2d7b,0x2d7b,0x2d7b,0x2d7b,0x2d7b,0x2d7b,
	0x2d7b,0x2d7b,0x2d7b,0x2d7b,0x2d7b,0x2d7b,0x2d7b,0x2d7b,0x2d7b,0x2d7b,0x2d7b,0x2d7b,0x2d7b,0x2d7b,0x2d7b,0x2d7b,
	0x2d7b,0x2d7b,0x2d7b,0x2d7b,0x2d7b,0x2d7b,0x2d7b,0x2d7b,0x2d7b,0x2d7b,0x2d7b,0x2d7b,0x2d7b,0x2d7b,0x2d7b,0x2d7b,
	0x2d7b,0x2d7b,0x317b,0x2d7b,0x2d7b,0x2d7b,0x317b,0x2d9a,0x2999,0x04b0,0x04b0,0x25b8,0x29b8,0x08ae,0x0ccb,0x73df,
	0x7bff,0x7fff,0x7fff,0x7fff,0x7fff,0x7fff,0x7fff,0x7fff,0x7fff,0x7fff,0x7fff,0x7fff,0x7fff,0x7fff,0x7fff,0x7fff,
	0x7fff,0x7fff,0x7fff,0x7fff,0x7fff,0x7fff,0x7fff,0x7fff,0x7fff,0x7fff,0x7fff,0x7fff,0x7fff,0x7fff,0x7fff,0x7fff,
	0x7fff,0x7fff,0x7fff,0x7fff,0x7fff,0x7fff,0x7fff,0x7fff,0x7fff,0x7fff,0x7fff,0x7fff,0x7fff,0x7fff,0x7fff,0x7fff,
	0x7fff,0x7fff,0x7fff,0x7fff,0x7fff,0x7fff,0x7fff,0x7fff,0x7fff,0x7fff,0x7fff,0x7bff,0x73df,0x10cb,0x08ae,0x29b8,
	0x29b8,0x04af,0x04af,0x2db8,0x2d7a,0x2d7b,0x317b,0x317b,0x317b,0x317b,0x2d7b,0x2d7b,0x2d7b,0x2d7b,0x2d7b,0x2d7b,
	0x2d7b,0x2d7b,0x2d7b,0x2d7b,0x2d7b,0x2d7b,0x2d7b,0x2d7b,0x2d7b,0x2d7b,0x2d7b,0x2d7b,0x2d7b,0x2d7b,0x2d7b,0x2d7b,
	0x2d7b,0x2d7b,0x317b,0x2d7b,0x2d7b,0x2d9a,0x04af,0x04af,0x299a,0x299a,0x04af,0x08cc,0x77ff,0x7fff,0x7fff,0x7fff,
	0x7fff,0x7fff,0x7fff,0x7fff,0x7fff,0x7fff,0x7fff,0x7fff,0x7fff,0x7fff,0x7fff,0x7fff,0x7fff,0x7fff,0x7fff,0x7fff,
	0x7fff,0x7fff,0x7fff,0x7fff,0x7fff,0x7fff,0x7fff,0x7fff,0x7fff,0x7fff,0x7fff,0x7fff,0x7fff,0x7fff,0x7fff,0x7fff,
	0x7fff,0x7fff,0x7fff,0x7fff,0x7fff,0x7fff,0x7fff,0x7fff,0x7fff,0x7fff,0x7fff,0x7fff,0x7fff,0x7fff,0x7fff,0x7fff,
	0x7fff,0x7fff,0x7fff,0x7fff,0x7fff,0x7fff,0x7fff,0x7fff,0x7fff,0x77ff,0x08cc,0x04af,0x2d9a,0x2d9a,0x00af,0x00af,
	0x299a,0x2d7b,0x2d7b,0x2d7b,0x2d7b,0x2d7b,0x2d7b,0x2d7b,0x2d7b,0x2d7b,0x2d7b,0x2d7b,0x2d7b,0x2d7b,0x2d7b,0x2d7b,
	0x2d7b,0x2d7b,0x2d7b,0x2d7b,0x2d7b,0x2d7b,0x2d7b,0x2d7b,0x2d7b,0x2d7b,0x2d7b,0x2d7b,0x2d7b,0x2d7b,0x2d7b,0x2d7b,
	0x2d7b,0x2d7b,0x2d7b,0x2d7b,0x2d7b,0x2d7b,0x2d7b,0x2d7b,0x2d7b,0x2d7b,0x2d7b,0x2d7b,0x2d7b,0x2d7b,0x2d7b,0x2d7b,
	0x2d7b,0x2d7b,0x317b,0x2d7b,0x2d7b,0x2d7b,0x317b,0x2d9a,0x2999,0x04b0,0x04b0,0x25b8,0x29b8,0x08ae,0x0ccb,0x73df,
	0x7bff,0x7fff,0x7fff,0x7fff,0x7fff,0x7fff,0x7fff,0x7fff,0x7fff,0x7fff,0x7fff,0x7fff,0x7fff,0x7fff,0x7fff,0x7fff,
	0x7fff,0x7fff,0x7fff,0x7fff,0x7fff,0x7fff,0x7fff,0x7fff,0x7fff,0x7fff,0x7fff,0x7fff,0x7fff,0x7fff,0x7fff,0x7fff,
	0x7fff,0x7fff,0x7fff,0x7fff,0x7fff,0x7fff,0x7fff,0x7fff,0x7fff,0x7fff,0x7fff,0x7fff,0x7fff,0x7fff,0x7fff,0x7fff,
	0x7fff,0x7fff,0x7fff,0x7fff,0x7fff,0x7fff,0x7fff,0x7fff,0x7fff,0x7fff,0x7fff,0x7bff,0x73df,0x10cb,0x08ae,0x29b8,
	0x29b8,0x04af,0x04af,0x2db8,0x2d7a,0x2d7b,0x317b,0x317b,0x317b,0x317b,0x2d7b,0x2d7b,0x2d7b,0x2d7b,0x2d7b,0x2d7b,
	0x2d7b,0x2d7b,0x2d7b,0x2d7b,0x2d7b,0x2d7b,0x2d7b,0x2d7b,0x2d7b,0x2d7b,0x2d7b,0x2d7b,0x2d7b,0x2d7b,0x2d7b,0x2d7b,
	0x2d7b,0x2d7b,0x317b,0x2d7b,0x2d7b,0x2d9a,0x04af,0x04af,0x299a,0x299a,0x04af,0x08cc,0x77ff,0x7fff,0x7fff,0x7fff,
	0x7fff,0x7fff,0x7fff,0x7fff,0x7fff,0x7fff,0x7fff,0x7fff,0x7fff,0x7fff,0x7fff,0x7fff,0x7fff,0x7fff,0x7fff,0x7fff,
	0x7fff,0x7fff,0x7fff,0x7fff,0x7fff,0x7fff,0x7fff,0x7fff,0x7fff,0x7fff,0x7fff,0x7fff,0x7fff,0x7fff,0x7fff,0x7fff,
	0x7fff,0x7fff,0x7fff,0x7fff,0x7fff,0x7fff,0x7fff,0x7fff,0x7fff,0x7fff,0x7fff,0x7fff,0x7fff,0x7fff,0x7fff,0x7fff,
	0x7fff,0x7fff,0x7fff,0x7fff,0x7fff,0x7fff,0x7fff,0x7fff,0x7fff,0x77ff,0x08cc,0x04af,0x2d9a,0x2d9a,0x00af,0x00af,
	0x299a,0x2d7b,0x2d7b,0x2d7b,0x2d7b,0x2d7b,0x2d7b,0x2d7b,0x2d7b,0x2d7b,0x2d7b,0x2d7b,0x2d7b,0x2d7b,0x2d7b,0x2d7b,
	0x2d7b,0x2d7b,0x2d7b,0x2d7b,0x2d7b,0x2d7b,0x2d7b,0x2d7b,0x2d7b,0x2d7b,0x2d7b,0x2d7b,0x2d7b,0x2d7b,0x2d7b,0x2d7b,
	0x2d7b,0x2d7b,0x2d7b,0x2d7b,0x2d7b,0x2d7b,0x2d7b,0x2d7b,0x2d7b,0x2d7b,0x2d7b,0x2d7b,0x2d7b,0x2d7b,0x2d7b,0x2d7b,
	0x2d7b,0x2d7b,0x317b,0x2d7b,0x2d7b,0x2d7b,0x317b,0x2d9a,0x2999,0x04b0,0x04b0,0x25b8,0x29b8,0x08ae,0x0ccb,0x73df,
	0x7bff,0x7fff,0x7fff,0x7fff,0x7fff,0x7fff,0x7fff,0x7fff,0x7fff,0x7fff,0x7fff,0x7fff,0x7fff,0x7fff,0x7fff,0x7fff,
	0x7fff,0x7fff,0x7fff,0x7fff,0x7fff,0x7fff,0x7fff,0x7fff,0x7fff,0x7fff,0x7fff,0x7fff,0x7fff,0x7fff,0x7fff,0x7fff,
	0x7fff,0x7fff,0x7fff,0x7fff,0x7fff,0x7fff,0x7fff,0x7fff,0x7fff,0x7fff,0x7fff,0x7fff,0x7fff,0x7fff,0x7fff,0x7fff,
	0x7fff,0x7fff,0x7fff,0x7fff,0x7fff,0x7fff,0x7fff,0x7fff,0x7fff,0x7fff,0x7fff,0x7bff,0x73df,0x10cb,0x08ae,0x29b8,
	0x29b8,0x04af,0x04af,0x2db8,0x2d7a,0x2d7b,0x317b,0x317b,0x317b,0x317b,0x2d7b,0x2d7b,0x2d7b,0x2d7b,0x2d7b,0x2d7b,
	0x2d7b,0x2d7b,0x2d7b,0x2d7b,0x2d7b,0x2d7b,0x2d7b,0x2d7b,0x2d7b,0x2d7b,0x2d7b,0x2d7b,0x2d7b,0x2d7b,0x2d7b,0x2d7b,
	0x2d7b,0x2d7b,0x317b,0x2d7b,0x2d7b,0x2d9a,0x04af,0x04af,0x299a,0x299a,0x04af,0x08cc,0x77ff,0x7fff,0x7fff,0x7fff,
	0x7fff,0x7fff,0x7fff,0x7fff,0x7fff,0x7fff,0x7fff,0x7fff,0x7fff,0x7fff,0x7fff,0x7fff,0x7fff,0x7fff,0x7fff,0x7fff,
	0x7fff,0x7fff,0x7fff,0x7fff,0x7fff,0x7fff,0x7fff,0x7fff,0x7fff,0x7fff,0x7fff,0x7fff,0x7fff,0x7fff,0x7fff,0x7fff,
	0x7fff,0x7fff,0x7fff,0x7fff,0x7fff,0x7fff,0x7fff,0x7fff,0x7fff,0x7fff,0x7fff,0x7fff,0x7fff,0x7fff,0x7fff,0x7fff,
	0x7fff,0x7fff,0x7fff,0x7fff,0x7fff,0x7fff,0x7fff,0x7fff,0x7fff,0x77ff,0x08cc,0x04af,0x2d9a,0x2d9a,0x00af,0x00af,
	0x299a,0x2d7b,0x2d7b,0x2d7b,0x2d7b,0x2d7b,0x2d7b,0x2d7b,0x2d7b,0x2d7b,0x2d7b,0x2d7b,0x2d7b,0x2d7b,0x2d7b,0x2d7b,
	0x2d7b,0x2d7b,0x2d7b,0x2d7b,0x2d7b,0x2d7b,0x2d7b,0x2d7b,0x2d7b,0x2d7b,0x2d7b,0x2d7b,0x2d7b,0x2d7b,0x2d7b,0x2d7b,
	0x2d7b,0x2d7b,0x2d7b,0x2d7b,0x2d7b,0x2d7b,0x2d7b,0x2d7b,0x2d7b,0x2d7b,0x2d7b,0x2d7b,0x2d7b,0x2d7b,0x2d7b,0x2d7b,
	0x2d7b,0x2d7b,0x317b,0x2d7b,0x2d7b,0x2d7b,0x317b,0x2d9a,0x2999,0x04b0,0x04b0,0x25b8,0x29b8,0x08ae,0x0ccb,0x73df,
	0x7bff,0x7fff,0x7fff,0x7fff,0x7fff,0x7fff,0x7fff,0x7fff,0x7fff,0x7fff,0x7fff,0x7fff,0x7fff,0x7fff,0x7fff,0x7fff,
	0x7fff,0x7fff,0x7fff,0x7fff,0x7fff,0x7fff,0x7fff,0x7fff,0x7fff,0x7fff,0x7fff,0x7fff,0x7fff,0x7fff,0x7fff,0x7fff,
	0x7fff,0x7fff,0x7fff,0x7fff,0x7fff,0x7fff,0x7fff,0x7fff,0x7fff,0x7fff,0x7fff,0x7fff,0x7fff,0x7fff,0x7fff,0x7fff,
	0x7fff,0x7fff,0x7fff,0x7fff,0x7fff,0x7fff,0x7fff,0x7fff,0x7fff,0x7fff,0x7fff,0x7bff,0x73df,0x10cb,0x08ae,0x29b8,
	0x29b8,0x04af,0x04af,0x2db8,0x2d7a,0x2d7b,0x317b,0x317b,0x317b,0x317b,0x2d7b,0x2d7b,0x2d7b,0x2d7b,0x2d7b,0x2d7b,
	0x2d7b,0x2d7b,0x2d7b,0x2d7b,0x2d7b,0x2d7b,0x2d7b,0x2d7b,0x2d7b,0x2d7b,0x2d7b,0x2d7b,0x2d7b,0x2d7b,0x2d7b,0x2d7b,
	0x2d7b,0x2d7b,0x317b,0x2d7b,0x2d7b,0x2d9a,0x04af,0x04af,0x299a,0x299a,0x04af,0x08cc,0x77ff,0x7fff,0x7fff,0x7fff,
	0x7fff,0x7fff,0x7fff,0x7fff,0x7fff,0x7fff,0x7fff,0x7fff,0x7fff,0x7fff,0x7fff,0x7fff,0x7fff,0x7fff,0x7fff,0x7fff,
	0x7fff,0x7fff,0x7fff,0x7fff,0x7fff,0x7fff,0x7fff,0x7fff,0x7fff,0x7fff,0x7fff,0x7fff,0x7fff,0x7fff,0x7fff,0x7fff,
	0x7fff,0x7fff,0x7fff,0x7fff,0x7fff,0x7fff,0x7fff,0x7fff,0x7fff,0x7fff,0x7fff,0x7fff,0x7fff,0x7fff,0x7fff,0x7fff,
	0x7fff,0x7fff,0x7fff,0x7fff,0x7fff,0x7fff,0x7fff,0x7fff,0x7fff,0x77ff,0x08cc,0x04af,0x2d9a,0x2d9a,0x00af,0x00af,
	0x299a,0x2d7b,0x2d7b,0x2d7b,0x2d7b,0x2d7b,0x2d7b,0x2d7b,0x2d7b,0x2d7b,0x2d7b,0x2d7b,0x2d7b,0x2d7b,0x2d7b,0x2d7b,
	0x2d7b,0x2d7b,0x2d7b,0x2d7b,0x2d7b,0x2d7b,0x2d7b,0x2d7b,0x2d7b,0x2d7b,0x2d7b,0x2d7b,0x2d7b,0x2d7b,0x2d7b,0x2d7b,
	0x2d7b,0x2d7b,0x2d7b,0x2d7b,0x2d7b,0x2d7b,0x2d7b,0x2d7b,0x2d7b,0x2d7b,0x2d7b,0x2d7b,0x2d7b,0x2d7b,0x2d7b,0x2d7b,
	0x2d7b,0x2d7b,0x317b,0x2d7b,0x2d7b,0x2d7b,0x317b,0x2d9a,0x2999,0x04b0,0x04b0,0x25b8,0x29b8,0x08ae,0x0ccb,0x73df,
	0x7bff,0x7fff,0x7fff,0x7fff,0x7fff,0x7fff,0x7fff,0x7fff,0x7fff,0x7fff,0x7fff,0x7fff,0x7fff,0x7fff,0x7fff,0x7fff,
	0x7fff,0x7fff,0x7fff,0x7fff,0x7fff,0x7fff,0x7fff,0x7fff,0x7fff,0x7fff,0x7fff,0x7fff,0x7fff,0x7fff,0x7fff,0x7fff,
	0x7fff,0x7fff,0x7fff,0x7fff,0x7fff,0x7fff,0x7fff,0x7fff,0x7fff,0x7fff,0x7fff,0x7fff,0x7fff,0x7fff,0x7fff,0x7fff,
	0x7fff,0x7fff,0x7fff,0x7fff,0x7fff,0x7fff,0x7fff,0x7fff,0x7fff,0x7fff,0x7fff,0x7bff,0x73df,0x10cb,0x08ae,0x29b8,
	0x29b8,0x04af,0x04af,0x2db8,0x2d7a,0x2d7b,0x317b,0x317b,0x317b,0x317b,0x2d7b,0x2d7b,0x2d7b,0x2d7b,0x2d7b,0x2d7b,
	0x2d7b,0x2d7b,0x2d7b,0x2d7b,0x2d7b,0x2d7b,0x2d7b,0x2d7b,0x2d7b,0x2d7b,0x2d7b,0x2d7b,0x2d7b,0x2d7b,0x2d7b,0x2d7b,
	0x2d7b,0x2d7b,0x317b,0x2d7b,0x2d7b,0x2d9a,0x04af,0x04af,0x299a,0x299a,0x04af,0x08cc,0x77ff,0x7fff,0x7fff,0x7fff,
	0x7fff,0x7fff,0x7fff,0x7fff,0x7fff,0x7fff,0x7fff,0x7fff,0x7fff,0x7fff,0x7fff,0x7fff,0x7fff,0x7fff,0x7fff,0x7fff,
	0x7fff,0x7fff,0x7fff,0x7fff,0x7fff,0x7fff,0x7fff,0x7fff,0x7fff,0x7fff,0x7fff,0x7fff,0x7fff,0x7fff,0x7fff,0x7fff,
	0x7fff,0x7fff,0x7fff,0x7fff,0x7fff,0x7fff,0x7fff,0x7fff,0x7fff,0x7fff,0x7fff,0x7fff,0x7fff,0x7fff,0x7fff,0x7fff,
	0x7fff,0x7fff,0x7fff,0x7fff,0x7fff,0x7fff,0x7fff,0x7fff,0x7fff,0x77ff,0x08cc,0x04af,0x2d9a,0x2d9a,0x00af,0x00af,
	0x299a,0x2d7b,0x2d7b,0x2d7b,0x2d7b,0x2d7b,0x2d7b,0x2d7b,0x2d7b,0x2d7b,0x2d7b,0x2d7b,0x2d7b,0x2d7b,0x2d7b,0x2d7b,
	0x2d7b,0x2d7b,0x2d7b,0x2d7b,0x2d7b,0x2d7b,0x2d7b,0x2d7b,0x2d7b,0x2d7b,0x2d7b,0x2d7b,0x2d7b,0x2d7b,0x2d7b,0x2d7b,
	0x2d7b,0x2d7b,0x2d7b,0x2d7b,0x2d7b,0x2d7b,0x2d7b,0x2d7b,0x2d7b,0x2d7b,0x2d7b,0x2d7b,0x2d7b,0x2d7b,0x2d7b,0x2d7b,
	0x2d7b,0x2d7b,0x317b,0x2d7b,0x2d7b,0x2d7b,0x317b,0x2d9a,0x2999,0x04b0,0x04b0,0x25b8,0x29b8,0x08ae,0x0ccb,0x73df,
	0x7bff,0x7fff,0x7fff,0x7fff,0x7fff,0x7fff,0x7fff,0x7fff,0x7fff,0x7fff,0x7fff,0x7fff,0x7fff,0x7fff,0x7fff,0x7fff,
	0x7fff,0x7fff,0x7fff,0x7fff,0x7fff,0x7fff,0x7fff,0x7fff,0x7fff,0x7fff,0x7fff,0x7fff,0x7fff,0x7fff,0x7fff,0x7fff,
	0x7fff,0x7fff,0x7fff,0x7fff,0x7fff,0x7fff,0x7fff,0x7fff,0x7fff,0x7fff,0x7fff,0x7fff,0x7fff,0x7fff,0x7fff,0x7fff,
	0x7fff,0x7fff,0x7fff,0x7fff,0x7fff,0x7fff,0x7fff,0x7fff,0x7fff,0x7fff,0x7fff,0x7bff,0x73df,0x10cb,0x08ae,0x29b8,
	0x29b8,0x04af,0x04af,0x2db8,0x2d7a,0x2d7b,0x317b,0x317b,0x317b,0x317b,0x2d7b,0x2d7b,0x2d7b,0x2d7b,0x2d7b,0x2d7b,
	0x2d7b,0x2d7b,0x2d7b,0x2d7b,0x2d7b,0x2d7b,0x2d7b,0x2d7b,0x2d7b,0x2d7b,0x2d7b,0x2d7b,0x2d7b,0x2d7b,0x2d7b,0x2d7b,
	0x2d7b,0x2d7b,0x317b,0x2d7b,0x2d7b,0x2d9a,0x04af,0x04af,0x299a,0x299a,0x04af,0x08cc,0x77ff,0x7fff,0x7fff,0x7fff,
	0x7fff,0x7fff,0x7fff,0x7fff,0x7fff,0x7fff,0x7fff,0x7fff,0x7fff,0x7fff,0x7fff,0x7fff,0x7fff,0x7fff,0x7fff,0x7fff,
	0x7fff,0x7fff,0x7fff,0x7fff,0x7fff,0x7fff,0x7fff,0x7fff,0x7fff,0x7fff,0x7fff,0x7fff,0x7fff,0x7fff,0x7fff,0x7fff,
	0x7fff,0x7fff,0x7fff,0x7fff,0x7fff,0x7fff,0x7fff,0x7fff,0x7fff,0x7fff,0x7fff,0x7fff,0x7fff,0x7fff,0x7fff,0x7fff,
	0x7fff,0x7fff,0x7fff,0x7fff,0x7fff,0x7fff,0x7fff,0x7fff,0x7fff,0x77ff,0x08cc,0x04af,0x2d9a,0x2d9a,0x00af,0x00af,
	0x299a,0x2d7b,0x2d7b,0x2d7b,0x2d7b,0x2d7b,0x2d7b,0x2d7b,0x2d7b,0x2d7b,0x2d7b,0x2d7b,0x2d7b,0x2d7b,0x2d7b,0x2d7b,
	0x2d7b,0x2d7b,0x2d7b,0x2d7b,0x2d7b,0x2d7b,0x2d7b,0x2d7b,0x2d7b,0x2d7b,0x2d7b,0x2d7b,0x2d7b,0x2d7b,0x2d7b,0x2d7b,
	0x2d7b,0x2d7b,0x2d7b,0x2d7b,0x2d7b,0x2d7b,0x2d7b,0x2d7b,0x2d7b,0x2d7b,0x2d7b,0x2d7b,0x2d7b,0x2d7b,0x2d7b,0x2d7b,
	0x2d7b,0x2d7b,0x317b,0x2d7b,0x2d7b,0x2d7b,0x317b,0x2d9a,0x2999,0x04b0,0x04b0,0x25b8,0x29b8,0x08ae,0x0ccb,0x73df,
	0x7bff,0x7fff,0x7fff,0x7fff,0x7fff,0x7fff,0x7fff,0x7fff,0x7fff,0x7fff,0x7fff,0x7fff,0x7fff,0x7fff,0x7fff,0x7fff,
	0x7fff,0x7fff,0x7fff,0x7fff,0x7fff,0x7fff,0x7fff,0x7fff,0x7fff,0x7fff,0x7fff,0x7fff,0x7fff,0x7fff,0x7fff,0x7fff,
	0x7fff,0x7fff,0x7fff,0x7fff,0x7fff,0x7fff,0x7fff,0x7fff,0x7fff,0x7fff,0x7fff,0x7fff,0x7fff,0x7fff,0x7fff,0x7fff,
	0x7fff,0x7fff,0x7fff,0x7fff,0x7fff,0x7fff,0x7fff,0x7fff,0x7fff,0x7fff,0x7fff,0x7bff,0x73df,0x10cb,0x08ae,0x29b8,
	0x29b8,0x04af,0x04af,0x2db8,0x2d7a,0x2d7b,0x317b,0x317b,0x317b,0x317b,0x2d7b,0x2d7b,0x2d7b,0x2d7b,0x2d7b,0x2d7b,
	0x2d7b,0x2d7b,0x2d7b,0x2d7b,0x2d7b,0x2d7b,0x2d7b,0x2d7b,0x2d7b,0x2d7b,0x2d7b,0x2d7b,0x2d7b,0x2d7b,0x2d7b,0x2d7b,
	0x2d7b,0x2d7b,0x317b,0x2d7b,0x2d7b,0x2d9a,0x04af,0x04af,0x299a,0x299a,0x04af,0x08cc,0x77ff,0x7fff,0x7fff,0x7fff,
	0x7fff,0x7fff,0x7fff,0x7fff,0x7fff,0x7fff,0x7fff,0x7fff,0x7fff,0x7fff,0x7fff,0x7fff,0x7fff,0x7fff,0x7fff,0x7fff,
	0x7fff,0x7fff,0x7fff,0x7fff,0x7fff,0x7fff,0x7fff,0x7fff,0x7fff,0x7fff,0x7fff,0x7fff,0x7fff,0x7fff,0x7fff,0x7fff,
	0x7fff,0x7fff,0x7fff,0x7fff,0x7fff,0x7fff,0x7fff,0x7fff,0x7fff,0x7fff,0x7fff,0x7fff,0x7fff,0x7fff,0x7fff,0x7fff,
	0x7fff,0x7fff,0x7fff,0x7fff,0x7fff,0x7fff,0x7fff,0x7fff,0x7fff,0x77ff,0x08cc,0x04af,0x2d9a,0x2d9a,0x00af,0x00af,
	0x299a,0x2d7b,0x2d7b,0x2d7b,0x2d7b,0x2d7b,0x2d7b,0x2d7b,0x2d7b,0x2d7b,0x2d7b,0x2d7b,0x2d7b,0x2d7b,0x2d7b,0x2d7b,
	0x2d7b,0x2d7b,0x2d7b,0x2d7b,0x2d7b,0x2d7b,0x2d7b,0x2d7b,0x2d7b,0x2d7b,0x2d7b,0x2d7b,0x2d7b,0x2d7b,0x2d7b,0x2d7b,
	0x2d7b,0x2d7b,0x2d7b,0x2d7b,0x2d7b,0x2d7b,0x2d7b,0x2d7b,0x2d7b,0x2d7b,0x2d7b,0x2d7b,0x2d7b,0x2d7b,0x2d7b,0x2d7b,
	0x2d7b,0x2d7b,0x317b,0x2d7b,0x2d7b,0x2d7b,0x317b,0x2d9a,0x2999,0x04b0,0x04b0,0x25b8,0x29b8,0x08ae,0x0ccb,0x73df,
	0x7bff,0x7fff,0x7fff,0x7fff,0x7fff,0x7fff,0x7fff,0x7fff,0x7fff,0x7fff,0x7fff,0x7fff,0x7fff,0x7fff,0x7fff,0x7fff,
	0x7fff,0x7fff,0x7fff,0x7fff,0x7fff,0x7fff,0x7fff,0x7fff,0x7fff,0x7fff,0x7fff,0x7fff,0x7fff,0x7fff,0x7fff,0x7fff,
	0x7fff,0x7fff,0x7fff,0x7fff,0x7fff,0x7fff,0x7fff,0x7fff,0x7fff,0x7fff,0x7fff,0x7fff,0x7fff,0x7fff,0x7fff,0x7fff,
	0x7fff,0x7fff,0x7fff,0x7fff,0x7fff,0x7fff,0x7fff,0x7fff,0x7fff,0x7fff,0x7fff,0x7bff,0x73df,0x10cb,0x08ae,0x29b8,
	0x29b8,0x04af,0x04af,0x2db8,0x2d7a,0x2d7b,0x317b,0x317b,0x317b,0x317b,0x2d7b,0x2d7b,0x2d7b,0x2d7b,0x2d7b,0x2d7b,
	0x2d7b,0x2d7b,0x2d7b,0x2d7b,0x2d7b,0x2d7b,0x2d7b,0x2d7b,0x2d7b,0x2d7b,0x2d7b,0x2d7b,0x2d7b,0x2d7b,0x2d7b,0x2d7b,
	0x2d7b,0x2d7b,0x317b,0x2d7b,0x2d7b,0x2d9a,0x04af,0x04af,0x299a,0x299a,0x04af,0x08cc,0x77ff,0x7fff,0x7fff,0x7fff,
	0x7fff,0x7fff,0x7fff,0x7fff,0x7fff,0x7fff,0x7fff,0x7fff,0x7fff,0x7fff,0x7fff,0x7fff,0x7fff,0x7fff,0x7fff,0x7fff,
	0x7fff,0x7fff,0x7fff,0x7fff,0x7fff,0x7fff,0x7fff,0x7fff,0x7fff,0x7fff,0x7fff,0x7fff,0x7fff,0x7fff,0x7fff,0x7fff,
	0x7fff,0x7fff,0x7fff,0x7fff,0x7fff,0x7fff,0x7fff,0x7fff,0x7fff,0x7fff,0x7fff,0x7fff,0x7fff,0x7fff,0x7fff,0x7fff,
	0x7fff,0x7fff,0x7fff,0x7fff,0x7fff,0x7fff,0x7fff,0x7fff,0x7fff,0x77ff,0x08cc,0x04af,0x2d9a,0x2d9a,0x00af,0x00af,
	0x299a,0x2d7b,0x2d7b,0x2d7b,0x2d7b,0x2d7b,0x2d7b,0x2d7b,0x2d7b,0x2d7b,0x2d7b,0x2d7b,0x2d7b,0x2d7b,0x2d7b,0x2d7b,
	0x2d7b,0x2d7b,0x2d7b,0x2d7b,0x2d7b,0x2d7b,0x2d7b,0x2d7b,0x2d7b,0x2d7b,0x2d7b,0x2d7b,0x2d7b,0x2d7b,0x2d7b,0x2d7b,
	0x2d7b,0x2d7b,0x2d7b,0x2d7b,0x2d7b,0x2d7b,0x2d7b,0x2d7b,0x2d7b,0x2d7b,0x2d7b,0x2d7b,0x2d7b,0x2d7b,0x2d7b,0x2d7b,
	0x2d7b,0x2d7b,0x317b,0x2d7b,0x2d7b,0x2d7b,0x317b,0x2d9a,0x2999,0x04b0,0x04b0,0x25b8,0x29b8,0x08ae,0x0ccb,0x73df,
	0x7bff,0x7fff,0x7fff,0x7fff,0x7fff,0x7fff,0x7fff,0x7fff,0x7fff,0x7fff,0x7fff,0x7fff,0x7fff,0x7fff,0x7fff,0x7fff,
	0x7fff,0x7fff,0x7fff,0x7fff,0x7fff,0x7fff,0x7fff,0x7fff,0x7fff,0x7fff,0x7fff,0x7fff,0x7fff,0x7fff,0x7fff,0x7fff,
	0x7fff,0x7fff,0x7fff,0x7fff,0x7fff,0x7fff,0x7fff,0x7fff,0x7fff,0x7fff,0x7fff,0x7fff,0x7fff,0x7fff,0x7fff,0x7fff,
	0x7fff,0x7fff,0x7fff,0x7fff,0x7fff,0x7fff,0x7fff,0x7fff,0x7fff,0x7fff,0x7fff,0x7bff,0x73df,0x10cb,0x08ae,0x29b8,
	0x29b8,0x04af,0x04af,0x2db8,0x2d7a,0x2d7b,0x317b,0x317b,0x317b,0x317b,0x2d7b,0x2d7b,0x2d7b,0x2d7b,0x2d7b,0x2d7b,
	0x2d7b,0x2d7b,0x2d7b,0x2d7b,0x2d7b,0x2d7b,0x2d7b,0x2d7b,0x2d7b,0x2d7b,0x2d7b,0x2d7b,0x2d7b,0x2d7b,0x2d7b,0x2d7b,
	0x2d7b,0x2d7b,0x317b,0x2d7b,0x2d7b,0x2d9a,0x04af,0x04af,0x299a,0x299a,0x04af,0x08cc,0x77ff,0x7fff,0x7fff,0x7fff,
	0x7fff,0x7fff,0x7fff,0x7fff,0x7fff,0x7fff,0x7fff,0x7fff,0x7fff,0x7fff,0x7fff,0x7fff,0x7fff,0x7fff,0x7fff,0x7fff,
	0x7fff,0x7fff,0x7fff,0x7fff,0x7fff,0x7fff,0x7fff,0x7fff,0x7fff,0x7fff,0x7fff,0x7fff,0x7fff,0x7fff,0x7fff,0x7fff,
	0x7fff,0x7fff,0x7fff,0x7fff,0x7fff,0x7fff,0x7fff,0x7fff,0x7fff,0x7fff,0x7fff,0x7fff,0x7fff,0x7fff,0x7fff,0x7fff,
	0x7fff,0x7fff,0x7fff,0x7fff,0x7fff,0x7fff,0x7fff,0x7fff,0x7fff,0x77ff,0x08cc,0x04af,0x2d9a,0x2d9a,0x00af,0x00af,
	0x299a,0x2d7b,0x2d7b,0x2d7b,0x2d7b,0x2d7b,0x2d7b,0x2d7b,0x2d7b,0x2d7b,0x2d7b,0x2d7b,0x2d7b,0x2d7b,0x2d7b,0x2d7b,
	0x2d7b,0x2d7b,0x2d7b,0x2d7b,0x2d7b,0x2d7b,0x2d7b,0x2d7b,0x2d7b,0x2d7b,0x2d7b,0x2d7b,0x2d7b,0x2d7b,0x2d7b,0x2d7b,
	0x2d7b,0x2d7b,0x2d7b,0x2d7b,0x2d7b,0x2d7b,0x2d7b,0x2d7b,0x2d7b,0x2d7b,0x2d7b,0x2d7b,0x2d7b,0x2d7b,0x2d7b,0x2d7b,
	0x2d7b,0x2d7b,0x317b,0x2d7b,0x2d7b,0x2d7b,0x317b,0x2d9a,0x2999,0x04b0,0x04b0,0x25b8,0x29b8,0x08ae,0x0ccb,0x73df,
	0x7bff,0x7fff,0x7fff,0x7fff,0x7fff,0x7fff,0x7fff,0x7fff,0x7fff,0x7fff,0x7fff,0x7fff,0x7fff,0x7fff,0x7fff,0x7fff,
	0x7fff,0x7fff,0x7fff,0x7fff,0x7fff,0x7fff,0x7fff,0x7fff,0x7fff,0x7fff,0x7fff,0x7fff,0x7fff,0x7fff,0x7fff,0x7fff,
	0x7fff,0x7fff,0x7fff,0x7fff,0x7fff,0x7fff,0x7fff,0x7fff,0x7fff,0x7fff,0x7fff,0x7fff,0x7fff,0x7fff,0x7fff,0x7fff,
	0x7fff,0x7fff,0x7fff,0x7fff,0x7fff,0x7fff,0x7fff,0x7fff,0x7fff,0x7fff,0x7fff,0x7bff,0x73df,0x10cb,0x08ae,0x29b8,
	0x29b8,0x04af,0x04af,0x2db8,0x2d7a,0x2d7b,0x317b,0x317b,0x317b,0x317b,0x2d7b,0x2d7b,0x2d7b,0x2d7b,0x2d7b,0x2d7b,
	0x2d7b,0x2d7b,0x2d7b,0x2d7b,0x2d7b,0x2d7b,0x2d7b,0x2d7b,0x2d7b,0x2d7b,0x2d7b,0x2d7b,0x2d7b,0x2d7b,0x2d7b,0x2d7b,
	0x2d7b,0x2d7b,0x317b,0x2d7b,0x2d7b,0x2d9a,0x04af,0x04af,0x299a,0x299a,0x04af,0x08cc,0x77ff,0x7fff,0x7fff,0x7fff,
	0x7fff,0x7fff,0x7fff,0x7fff,0x7fff,0x7fff,0x7fff,0x7fff,0x7fff,0x7fff,0x7fff,0x7fff,0x7fff,0x7fff,0x7fff,0x7fff,
	0x7fff,0x7fff,0x7fff,0x7fff,0x7fff,0x7fff,0x7fff,0x7fff,0x7fff,0x7fff,0x7fff,0x7fff,0x7fff,0x7fff,0x7fff,0x7fff,
	0x7fff,0x7fff,0x7fff,0x7fff,0x7fff,0x7fff,0x7fff,0x7fff,0x7fff,0x7fff,0x7fff,0x7fff,0x7fff,0x7fff,0x7fff,0x7fff,
	0x7fff,0x7fff,0x7fff,0x7fff,0x7fff,0x7fff,0x7fff,0x7fff,0x7fff,0x77ff,0x08cc,0x04af,0x2d9a,0x2d9a,0x00af,0x00af,
	0x299a,0x2d7b,0x2d7b,0x2d7b,0x2d7b,0x2d7b,0x2d7b,0x2d7b,0x2d7b,0x2d7b,0x2d7b,0x2d7b,0x2d7b,0x2d7b,0x2d7b,0x2d7b,
	0x2d7b,0x2d7b,0x2d7b,0x2d7b,0x2d7b,0x2d7b,0x2d7b,0x2d7b,0x2d7b,0x2d7b,0x2d7b,0x2d7b,0x2d7b,0x2d7b,0x2d7b,0x2d7b,
	0x2d7b,0x2d7b,0x2d7b,0x2d7b,0x2d7b,0x2d7b,0x2d7b,0x2d7b,0x2d7b,0x2d7b,0x2d7b,0x2d7b,0x2d7b,0x2d7b,0x2d7b,0x2d7b,
	0x2d7b,0x2d7b,0x317b,0x2d7b,0x2d7b,0x2d7b,0x317b,0x2d9a,0x2999,0x04b0,0x04b0,0x25b8,0x29b8,0x08ae,0x0ccb,0x73df,
	0x7bff,0x7fff,0x7fff,0x7fff,0x7fff,0x7fff,0x7fff,0x7fff,0x7fff,0x7fff,0x7fff,0x7fff,0x7fff,0x7fff,0x7fff,0x7fff,
	0x7fff,0x7fff,0x7fff,0x7fff,0x7fff,0x7fff,0x7fff,0x7fff,0x7fff,0x7fff,0x7fff,0x7fff,0x7fff,0x7fff,0x7fff,0x7fff,
	0x7fff,0x7fff,0x7fff,0x7fff,0x7fff,0x7fff,0x7fff,0x7fff,0x7fff,0x7fff,0x7fff,0x7fff,0x7fff,0x7fff,0x7fff,0x7fff,
	0x7fff,0x7fff,0x7fff,0x7fff,0x7fff,0x7fff,0x7fff,0x7fff,0x7fff,0x7fff,0x7fff,0x7bff,0x73df,0x10cb,0x08ae,0x29b8,
	0x29b8,0x04af,0x04af,0x2db8,0x2d7a,0x2d7b,0x317b,0x317b,0x317b,0x317b,0x2d7b,0x2d7b,0x2d7b,0x2d7b,0x2d7b,0x2d7b,
	0x2d7b,0x2d7b,0x2d7b,0x2d7b,0x2d7b,0x2d7b,0x2d7b,0x2d7b,0x2d7b,0x2d7b,0x2d7b,0x2d7b,0x2d7b,0x2d7b,0x2d7b,0x2d7b,
	0x2d7b,0x2d7b,0x317b,0x2d7b,0x2d7b,0x2d9a,0x04af,0x04af,0x299a,0x299a,0x04af,0x08cc,0x77ff,0x7fff,0x7fff,0x7fff,
	0x7fff,0x7fff,0x7fff,0x7fff,0x7fff,0x7fff,0x7fff,0x7fff,0x7fff,0x7fff,0x7fff,0x7fff,0x7fff,0x7fff,0x7fff,0x7fff,
	0x7fff,0x7fff,0x7fff,0x7fff,0x7fff,0x7fff,0x7fff,0x7fff,0x7fff,0x7fff,0x7fff,0x7fff,0x7fff,0x7fff,0x7fff,0x7fff,
	0x7fff,0x7fff,0x7fff,0x7fff,0x7fff,0x7fff,0x7fff,0x7fff,0x7fff,0x7fff,0x7fff,0x7fff,0x7fff,0x7fff,0x7fff,0x7fff,
	0x7fff,0x7fff,0x7fff,0x7fff,0x7fff,0x7fff,0x7fff,0x7fff,0x7fff,0x77ff,0x08cc,0x04af,0x2d9a,0x2d9a,0x00af,0x00af,
	0x299a,0x2d7b,0x2d7b,0x2d7b,0x2d7b,0x2d7b,0x2d7b,0x2d7b,0x2d7b,0x2d7b,0x2d7b,0x2d7b,0x2d7b,0x2d7b,0x2d7b,0x2d7b,
	0x2d7b,0x2d7b,0x2d7b,0x2d7b,0x2d7b,0x2d7b,0x2d7b,0x2d7b,0x2d7b,0x2d7b,0x2d7b,0x2d7b,0x2d7b,0x2d7b,0x2d7b,0x2d7b,
	0x2d7b,0x2d7b,0x2d7b,0x2d7b,0x2d7b,0x2d7b,0x2d7b,0x2d7b,0x2d7b,0x2d7b,0x2d7b,0x2d7b,0x2d7b,0x2d7b,0x2d7b,0x2d7b,
	0x2d7b,0x2d7b,0x317b,0x2d7b,0x2d7b,0x2d7b,0x317b,0x2d9a,0x2999,0x04b0,0x04b0,0x25b8,0x29b8,0x08ae,0x0ccb,0x73df,
	0x7bff,0x7fff,0x7fff,0x7fff,0x7fff,0x7fff,0x7fff,0x7fff,0x7fff,0x7fff,0x7fff,0x7fff,0x7fff,0x7fff,0x7fff,0x7fff,
	0x7fff,0x7fff,0x7fff,0x7fff,0x7fff,0x7fff,0x7fff,0x7fff,0x7fff,0x7fff,0x7fff,0x7fff,0x7fff,0x7fff,0x7fff,0x7fff,
	0x7fff,0x7fff,0x7fff,0x7fff,0x7fff,0x7fff,0x7fff,0x7fff,0x7fff,0x7fff,0x7fff,0x7fff,0x7fff,0x7fff,0x7fff,0x7fff,
	0x7fff,0x7fff,0x7fff,0x7fff,0x7fff,0x7fff,0x7fff,0x7fff,0x7fff,0x7fff,0x7fff,0x7bff,0x73df,0x10cb,0x08ae,0x29b8,
	0x29b8,0x04af,0x04af,0x2db8,0x2d7a,0x2d7b,0x317b,0x317b,0x317b,0x317b,0x2d7b,0x2d7b,0x2d7b,0x2d7b,0x2d7b,0x2d7b,
	0x2d7b,0x2d7b,0x2d7b,0x2d7b,0x2d7b,0x2d7b,0x2d7b,0x2d7b,0x2d7b,0x2d7b,0x2d7b,0x2d7b,0x2d7b,0x2d7b,0x2d7b,0x2d7b,
	0x2d7b,0x2d7b,0x317b,0x2d7b,0x2d7b,0x2d9a,0x04af,0x04af,0x299a,0x299a,0x04af,0x08cc,0x77ff,0x7fff,0x7fff,0x7fff,
	0x7fff,0x7fff,0x7fff,0x7fff,0x7fff,0x7fff,0x7fff,0x7fff,0x7fff,0x7fff,0x7fff,0x7fff,0x7fff,0x7fff,0x7fff,0x7fff,
	0x7fff,0x7fff,0x7fff,0x7fff,0x7fff,0x7fff,0x7fff,0x7fff,0x7fff,0x7fff,0x7fff,0x7fff,0x7fff,0x7fff,0x7fff,0x7fff,
	0x7fff,0x7fff,0x7fff,0x7fff,0x7fff,0x7fff,0x7fff,0x7fff,0x7fff,0x7fff,0x7fff,0x7fff,0x7fff,0x7fff,0x7fff,0x7fff,
	0x7fff,0x7fff,0x7fff,0x7fff,0x7fff,0x7fff,0x7fff,0x7fff,0x7fff,0x77ff,0x08cc,0x04af,0x2d9a,0x2d9a,0x00af,0x00af,
	0x299a,0x2d7b,0x2d7b,0x2d7b,0x2d7b,0x2d7b,0x2d7b,0x2d7b,0x2d7b,0x2d7b,0x2d7b,0x2d7b,0x2d7b,0x2d7b,0x2d7b,0x2d7b,
	0x2d7b,0x2d7b,0x2d7b,0x2d7b,0x2d7b,0x2d7b,0x2d7b,0x2d7b,0x2d7b,0x2d7b,0x2d7b,0x2d7b,0x2d7b,0x2d7b,0x2d7b,0x2d7b,
	0x2d7b,0x2d7b,0x2d7b,0x2d7b,0x2d7b,0x2d7b,0x2d7b,0x2d7b,0x2d7b,0x2d7b,0x2d7b,0x2d7b,0x2d7b,0x2d7b,0x2d7b,0x2d7b,
	0x2d7b,0x2d7b,0x317b,0x2d7b,0x2d7b,0x2d7b,0x317b,0x2d9a,0x2999,0x04b0,0x04b0,0x25b8,0x29b8,0x08ae,0x0ccb,0x73df,
	0x7bff,0x7fff,0x7fff,0x7fff,0x7fff,0x7fff,0x7fff,0x7fff,0x7fff,0x7fff,0x7fff,0x7fff,0x7fff,0x7fff,0x7fff,0x7fff,
	0x7fff,0x7fff,0x7fff,0x7fff,0x7fff,0x7fff,0x7fff,0x7fff,0x7fff,0x7fff,0x7fff,0x7fff,0x7fff,0x7fff,0x7fff,0x7fff,
	0x7fff,0x7fff,0x7fff,0x7fff,0x7fff,0x7fff,0x7fff,0x7fff,0x7fff,0x7fff,0x7fff,0x7fff,0x7fff,0x7fff,0x7fff,0x7fff,
	0x7fff,0x7fff,0x7fff,0x7fff,0x7fff,0x7fff,0x7fff,0x7fff,0x7fff,0x7fff,0x7fff,0x7bff,0x73df,0x10cb,0x08ae,0x29b8,
	0x29b8,0x04af,0x04af,0x2db8,0x2d7a,0x2d7b,0x317b,0x317b,0x317b,0x317b,0x2d7b,0x2d7b,0x2d7b,0x2d7b,0x2d7b,0x2d7b,
	0x2d7b,0x2d7b,0x2d7b,0x2d7b,0x2d7b,0x2d7b,0x2d7b,0x2d7b,0x2d7b,0x2d7b,0x2d7b,0x2d7b,0x2d7b,0x2d7b,0x2d7b,0x2d7b,
	0x2d7b,0x2d7b,0x317b,0x2d7b,0x2d7b,0x299a,0x04af,0x04af,0x299a,0x299a,0x04af,0x08cc,0x73ff,0x7fff,0x7fff,0x7fff,
	0x7fff,0x7fff,0x7fff,0x7fff,0x7fff,0x7fff,0x7fff,0x7fff,0x7fff,0x7fff,0x7fff,0x7fff,0x7fff,0x7fff,0x7fff,0x7fff,
	0x7fff,0x7fff,0x7fff,0x7fff,0x7fff,0x7fff,0x7fff,0x7fff,0x7fff,0x7fff,0x7fff,0x7fff,0x7fff,0x7fff,0x7fff,0x7fff,
	0x7fff,0x7fff,0x7fff,0x7fff,0x7fff,0x7fff,0x7fff,0x7fff,0x7fff,0x7fff,0x7fff,0x7fff,0x7fff,0x7fff,0x7fff,0x7fff,
	0x7fff,0x7fff,0x7fff,0x7fff,0x7fff,0x7fff,0x7fff,0x7fff,0x7fff,0x77ff,0x08cc,0x04af,0x2d9a,0x2d9a,0x00af,0x00af,
	0x299a,0x2d7b,0x2d7b,0x2d7b,0x2d7b,0x2d7b,0x2d7b,0x2d7b,0x2d7b,0x2d7b,0x2d7b,0x2d7b,0x2d7b,0x2d7b,0x2d7b,0x2d7b,
	0x2d7b,0x2d7b,0x2d7b,0x2d7b,0x2d7b,0x2d7b,0x2d7b,0x2d7b,0x2d7b,0x2d7b,0x2d7b,0x2d7b,0x2d7b,0x2d7b,0x2d7b,0x2d7b,
	0x2d7b,0x2d7b,0x2d7b,0x2d7b,0x2d7b,0x2d7b,0x2d7b,0x2d7b,0x2d7b,0x2d7b,0x2d7b,0x2d7b,0x2d7b,0x2d7b,0x2d7b,0x2d7b,
	0x2d7b,0x2d7b,0x317b,0x2d7b,0x2d7b,0x2d7b,0x317b,0x2d9a,0x2999,0x04b0,0x04b0,0x25b8,0x29b8,0x08ae,0x0ccb,0x73df,
	0x7bff,0x7fff,0x7fff,0x7fff,0x7fff,0x7fff,0x7fff,0x7fff,0x7fff,0x7fff,0x7fff,0x7fff,0x7fff,0x7fff,0x7fff,0x7fff,
	0x7fff,0x7fff,0x7fff,0x7fff,0x7fff,0x7fff,0x7fff,0x7fff,0x7fff,0x7fff,0x7fff,0x7fff,0x7fff,0x7fff,0x7fff,0x7fff,
	0x7fff,0x7fff,0x7fff,0x7fff,0x7fff,0x7fff,0x7fff,0x7fff,0x7fff,0x7fff,0x7fff,0x7fff,0x7fff,0x7fff,0x7fff,0x7fff,
	0x7fff,0x7fff,0x7fff,0x7fff,0x7fff,0x7fff,0x7fff,0x7fff,0x7fff,0x7fff,0x7fff,0x7bff,0x73df,0x10cb,0x08ae,0x29b8,
	0x29b8,0x04af,0x04af,0x2db8,0x2d7a,0x2d7b,0x317b,0x317b,0x317b,0x317b,0x2d7b,0x2d7b,0x2d7b,0x2d7b,0x2d7b,0x2d7b,
	0x2d7b,0x2d7b,0x2d7b,0x2d7b,0x2d7b,0x2d7b,0x2d7b,0x2d7b,0x2d7b,0x2d7b,0x2d7b,0x2d7b,0x2d7b,0x2d7b,0x2d7b,0x2d7b,
	0x2d7b,0x2d7b,0x317b,0x2d7b,0x2d7b,0x299a,0x00af,0x00af,0x2d9a,0x2d9a,0x04af,0x08cc,0x73ff,0x7fff,0x7fff,0x7fff,
	0x7fff,0x7fff,0x7fff,0x7fff,0x7fff,0x7fff,0x7fff,0x7fff,0x7fff,0x7fff,0x7fff,0x7fff,0x7fff,0x7fff,0x7fff,0x7fff,
	0x7fff,0x7fff,0x7fff,0x7fff,0x7fff,0x7fff,0x7fff,0x7fff,0x7fff,0x7fff,0x7fff,0x7fff,0x7fff,0x7fff,0x7fff,0x7fff,
	0x7fff,0x7fff,0x7fff,0x7fff,0x7fff,0x7fff,0x7fff,0x7fff,0x7fff,0x7fff,0x7fff,0x7fff,0x7fff,0x7fff,0x7fff,0x7fff,
	0x7fff,0x7fff,0x7fff,0x7fff,0x7fff,0x7fff,0x7fff,0x7fff,0x7fff,0x77ff,0x08cc,0x04af,0x2d9a,0x2d9a,0x00af,0x00af,
	0x299a,0x2d7b,0x2d7b,0x2d7b,0x2d7b,0x2d7b,0x2d7b,0x2d7b,0x2d7b,0x2d7b,0x2d7b,0x2d7b,0x2d7b,0x2d7b,0x2d7b,0x2d7b,
	0x2d7b,0x2d7b,0x2d7b,0x2d7b,0x2d7b,0x2d7b,0x2d7b,0x2d7b,0x2d7b,0x2d7b,0x2d7b,0x2d7b,0x2d7b,0x2d7b,0x2d7b,0x2d7b,
	0x2d7b,0x2d7b,0x2d7b,0x2d7b,0x2d7b,0x2d7b,0x2d7b,0x2d7b,0x2d7b,0x2d7b,0x2d7b,0x2d7b,0x2d7b,0x2d7b,0x2d7b,0x2d7b,
	0x2d7b,0x2d7b,0x317b,0x2d7b,0x2d7b,0x2d7b,0x317b,0x2d9a,0x2999,0x04b0,0x04b0,0x25b8,0x29b8,0x08ae,0x0ccb,0x73df,
	0x7bff,0x7fff,0x7fff,0x7fff,0x7fff,0x7fff,0x7fff,0x7fff,0x7fff,0x7fff,0x7fff,0x7fff,0x7fff,0x7fff,0x7fff,0x7fff,
	0x7fff,0x7fff,0x7fff,0x7fff,0x7fff,0x7fff,0x7fff,0x7fff,0x7fff,0x7fff,0x7fff,0x7fff,0x7fff,0x7fff,0x7fff,0x7fff,
	0x7fff,0x7fff,0x7fff,0x7fff,0x7fff,0x7fff,0x7fff,0x7fff,0x7fff,0x7fff,0x7fff,0x7fff,0x7fff,0x7fff,0x7fff,0x7fff,
	0x7fff,0x7fff,0x7fff,0x7fff,0x7fff,0x7fff,0x7fff,0x7fff,0x7fff,0x7fff,0x7fff,0x7bff,0x73df,0x10cb,0x08ae,0x29b8,
	0x29b8,0x04af,0x04af,0x2db8,0x2d7a,0x2d7b,0x317b,0x317b,0x317b,0x317b,0x2d7b,0x2d7b,0x2d7b,0x2d7b,0x2d7b,0x2d7b,
	0x2d7b,0x2d7b,0x2d7b,0x2d7b,0x2d7b,0x2d7b,0x2d7b,0x2d7b,0x2d7b,0x2d7b,0x2d7b,0x2d7b,0x2d7b,0x2d7b,0x2d7b,0x2d7b,
	0x2d7b,0x2d7b,0x317b,0x2d7b,0x2d7b,0x299a,0x00af,0x00af,0x2d9a,0x2d9a,0x04af,0x08cc,0x73ff,0x7fff,0x7fff,0x7fff,
	0x7fff,0x7fff,0x7fff,0x7fff,0x7fff,0x7fff,0x7fff,0x7fff,0x7fff,0x7fff,0x7fff,0x7fff,0x7fff,0x7fff,0x7fff,0x7fff,
	0x7fff,0x7fff,0x7fff,0x7fff,0x7fff,0x7fff,0x7fff,0x7fff,0x7fff,0x7fff,0x7fff,0x7fff,0x7fff,0x7fff,0x7fff,0x7fff,
	0x7fff,0x7fff,0x7fff,0x7fff,0x7fff,0x7fff,0x7fff,0x7fff,0x7fff,0x7fff,0x7fff,0x7fff,0x7fff,0x7fff,0x7fff,0x7fff,
	0x7fff,0x7fff,0x7fff,0x7fff,0x7fff,0x7fff,0x7fff,0x7fff,0x7fff,0x77ff,0x08cc,0x04af,0x2d9a,0x2d9a,0x00af,0x00af,
	0x299a,0x2d7b,0x2d7b,0x2d7b,0x2d7b,0x2d7b,0x2d7b,0x2d7b,0x2d7b,0x2d7b,0x2d7b,0x2d7b,0x2d7b,0x2d7b,0x2d7b,0x2d7b,
	0x2d7b,0x2d7b,0x2d7b,0x2d7b,0x2d7b,0x2d7b,0x2d7b,0x2d7b,0x2d7b,0x2d7b,0x2d7b,0x2d7b,0x2d7b,0x2d7b,0x2d7b,0x2d7b,
	0x2d7b,0x2d7b,0x2d7b,0x2d7b,0x2d7b,0x2d7b,0x2d7b,0x2d7b,0x2d7b,0x2d7b,0x2d7b,0x2d7b,0x2d7b,0x2d7b,0x2d7b,0x2d7b,
	0x2d7b,0x2d7b,0x317b,0x2d7b,0x2d7b,0x2d7b,0x317b,0x2d9a,0x2999,0x04b0,0x04b0,0x25b8,0x29b8,0x08ae,0x0ccb,0x73df,
	0x7bff,0x7fff,0x7fff,0x7fff,0x7fff,0x7fff,0x7fff,0x7fff,0x7fff,0x7fff,0x7fff,0x7fff,0x7fff,0x7fff,0x7fff,0x7fff,
	0x7fff,0x7fff,0x7fff,0x7fff,0x7fff,0x7fff,0x7fff,0x7fff,0x7fff,0x7fff,0x7fff,0x7fff,0x7fff,0x7fff,0x7fff,0x7fff,
	0x7fff,0x7fff,0x7fff,0x7fff,0x7fff,0x7fff,0x7fff,0x7fff,0x7fff,0x7fff,0x7fff,0x7fff,0x7fff,0x7fff,0x7fff,0x7fff,
	0x7fff,0x7fff,0x7fff,0x7fff,0x7fff,0x7fff,0x7fff,0x7fff,0x7fff,0x7fff,0x7fff,0x7bff,0x73df,0x10cb,0x08ae,0x29b8,
	0x29b8,0x04af,0x04af,0x2db8,0x2d7a,0x2d7b,0x317b,0x317b,0x317b,0x317b,0x2d7b,0x2d7b,0x2d7b,0x2d7b,0x2d7b,0x2d7b,
	0x2d7b,0x2d7b,0x2d7b,0x2d7b,0x2d7b,0x2d7b,0x2d7b,0x2d7b,0x2d7b,0x2d7b,0x2d7b,0x2d7b,0x2d7b,0x2d7b,0x2d7b,0x2d7b,
	0x2d7b,0x2d7b,0x317b,0x2d7b,0x2d7b,0x299a,0x00af,0x00af,0x2d9a,0x2d9a,0x04af,0x08cc,0x73ff,0x7fff,0x7fff,0x7fff,
	0x7fff,0x7fff,0x7fff,0x7fff,0x7fff,0x7fff,0x7fff,0x7fff,0x7fff,0x7fff,0x7fff,0x7fff,0x7fff,0x7fff,0x7fff,0x7fff,
	0x7fff,0x7fff,0x7fff,0x7fff,0x7fff,0x7fff,0x7fff,0x7fff,0x7fff,0x7fff,0x7fff,0x7fff,0x7fff,0x7fff,0x7fff,0x7fff,
	0x7fff,0x7fff,0x7fff,0x7fff,0x7fff,0x7fff,0x7fff,0x7fff,0x7fff,0x7fff,0x7fff,0x7fff,0x7fff,0x7fff,0x7fff,0x7fff,
	0x7fff,0x7fff,0x7fff,0x7fff,0x7fff,0x7fff,0x7fff,0x7fff,0x7fff,0x77ff,0x08cc,0x04af,0x2d9a,0x2d9a,0x00af,0x00af,
	0x299a,0x2d7b,0x2d7b,0x2d7b,0x2d7b,0x2d7b,0x2d7b,0x2d7b,0x2d7b,0x2d7b,0x2d7b,0x2d7b,0x2d7b,0x2d7b,0x2d7b,0x2d7b,
	0x2d7b,0x2d7b,0x2d7b,0x2d7b,0x2d7b,0x2d7b,0x2d7b,0x2d7b,0x2d7b,0x2d7b,0x2d7b,0x2d7b,0x2d7b,0x2d7b,0x2d7b,0x2d7b,
	0x2d7b,0x2d7b,0x2d7b,0x2d7b,0x2d7b,0x2d7b,0x2d7b,0x2d7b,0x2d7b,0x2d7b,0x2d7b,0x2d7b,0x2d7b,0x2d7b,0x2d7b,0x2d7b,
	0x2d7b,0x2d7b,0x317b,0x2d7b,0x2d7b,0x2d7b,0x317b,0x2d9a,0x2999,0x04b0,0x04b0,0x25b8,0x29b8,0x08ae,0x0ccb,0x73df,
	0x7bff,0x7fff,0x7fff,0x7fff,0x7fff,0x7fff,0x7fff,0x7fff,0x7fff,0x7fff,0x7fff,0x7fff,0x7fff,0x7fff,0x7fff,0x7fff,
	0x7fff,0x7fff,0x7fff,0x7fff,0x7fff,0x7fff,0x7fff,0x7fff,0x7fff,0x7fff,0x7fff,0x7fff,0x7fff,0x7fff,0x7fff,0x7fff,
	0x7fff,0x7fff,0x7fff,0x7fff,0x7fff,0x7fff,0x7fff,0x7fff,0x7fff,0x7fff,0x7fff,0x7fff,0x7fff,0x7fff,0x7fff,0x7fff,
	0x7fff,0x7fff,0x7fff,0x7fff,0x7fff,0x7fff,0x7fff,0x7fff,0x7fff,0x7fff,0x7fff,0x7bff,0x73df,0x10cb,0x08ae,0x29b8,
	0x29b8,0x04af,0x04af,0x2db8,0x2d7a,0x2d7b,0x317b,0x317b,0x317b,0x317b,0x2d7b,0x2d7b,0x2d7b,0x2d7b,0x2d7b,0x2d7b,
	0x2d7b,0x2d7b,0x2d7b,0x2d7b,0x2d7b,0x2d7b,0x2d7b,0x2d7b,0x2d7b,0x2d7b,0x2d7b,0x2d7b,0x2d7b,0x2d7b,0x2d7b,0x2d7b,
	0x2d7b,0x2d7b,0x317b,0x2d7b,0x2d7b,0x299a,0x00af,0x00af,0x2d9a,0x2d9a,0x04af,0x08cc,0x73ff,0x7fff,0x7fff,0x7fff,
	0x7fff,0x7fff,0x7fff,0x7fff,0x7fff,0x7fff,0x7fff,0x7fff,0x7fff,0x7fff,0x7fff,0x7fff,0x7fff,0x7fff,0x7fff,0x7fff,
	0x7fff,0x7fff,0x7fff,0x7fff,0x7fff,0x7fff,0x7fff,0x7fff,0x7fff,0x7fff,0x7fff,0x7fff,0x7fff,0x7fff,0x7fff,0x7fff,
	0x7fff,0x7fff,0x7fff,0x7fff,0x7fff,0x7fff,0x7fff,0x7fff,0x7fff,0x7fff,0x7fff,0x7fff,0x7fff,0x7fff,0x7fff,0x7fff,
	0x7fff,0x7fff,0x7fff,0x7fff,0x7fff,0x7fff,0x7fff,0x7fff,0x7fff,0x77ff,0x08cc,0x04af,0x2d9a,0x2d9a,0x00af,0x00af,
	0x299a,0x2d7b,0x2d7b,0x2d7b,0x2d7b,0x2d7b,0x2d7b,0x2d7b,0x2d7b,0x2d7b,0x2d7b,0x2d7b,0x2d7b,0x2d7b,0x2d7b,0x2d7b,
	0x2d7b,0x2d7b,0x2d7b,0x2d7b,0x2d7b,0x2d7b,0x2d7b,0x2d7b,0x2d7b,0x2d7b,0x2d7b,0x2d7b,0x2d7b,0x2d7b,0x2d7b,0x2d7b,
	0x2d7b,0x2d7b,0x2d7b,0x2d7b,0x2d7b,0x2d7b,0x2d7b,0x2d7b,0x2d7b,0x2d7b,0x2d7b,0x2d7b,0x2d7b,0x2d7b,0x2d7b,0x2d7b,
	0x2d7b,0x2d7b,0x317b,0x2d7b,0x2d7b,0x2d7b,0x317b,0x2d9a,0x2999,0x04b0,0x04b0,0x25b8,0x29b8,0x08ae,0x0ccb,0x73df,
	0x7bff,0x7fff,0x7fff,0x7fff,0x7fff,0x7fff,0x7fff,0x7fff,0x7fff,0x7fff,0x7fff,0x7fff,0x7fff,0x7fff,0x7fff,0x7fff,
	0x7fff,0x7fff,0x7fff,0x7fff,0x7fff,0x7fff,0x7fff,0x7fff,0x7fff,0x7fff,0x7fff,0x7fff,0x7fff,0x7fff,0x7fff,0x7fff,
	0x7fff,0x7fff,0x7fff,0x7fff,0x7fff,0x7fff,0x7fff,0x7fff,0x7fff,0x7fff,0x7fff,0x7fff,0x7fff,0x7fff,0x7fff,0x7fff,
	0x7fff,0x7fff,0x7fff,0x7fff,0x7fff,0x7fff,0x7fff,0x7fff,0x7fff,0x7fff,0x7fff,0x7bff,0x73df,0x10cb,0x08ae,0x29b8,
	0x29b8,0x04af,0x04af,0x2db8,0x2d7a,0x2d7b,0x317b,0x317b,0x317b,0x317b,0x2d7b,0x2d7b,0x2d7b,0x2d7b,0x2d7b,0x2d7b,
	0x2d7b,0x2d7b,0x2d7b,0x2d7b,0x2d7b,0x2d7b,0x2d7b,0x2d7b,0x2d7b,0x2d7b,0x2d7b,0x2d7b,0x2d7b,0x2d7b,0x2d7b,0x2d7b,
	0x2d7b,0x2d7b,0x317b,0x2d7b,0x2d7b,0x299a,0x00af,0x00af,0x2d9a,0x2d9a,0x04af,0x08cc,0x73ff,0x7fff,0x7fff,0x7fff,
	0x7fff,0x7fff,0x7fff,0x7fff,0x7fff,0x7fff,0x7fff,0x7fff,0x7fff,0x7fff,0x7fff,0x7fff,0x7fff,0x7fff,0x7fff,0x7fff,
	0x7fff,0x7fff,0x7fff,0x7fff,0x7fff,0x7fff,0x7fff,0x7fff,0x7fff,0x7fff,0x7fff,0x7fff,0x7fff,0x7fff,0x7fff,0x7fff,
	0x7fff,0x7fff,0x7fff,0x7fff,0x7fff,0x7fff,0x7fff,0x7fff,0x7fff,0x7fff,0x7fff,0x7fff,0x7fff,0x7fff,0x7fff,0x7fff,
	0x7fff,0x7fff,0x7fff,0x7fff,0x7fff,0x7fff,0x7fff,0x7fff,0x7fff,0x77ff,0x08cc,0x04af,0x2d9a,0x2d9a,0x00af,0x00af,
	0x299a,0x2d7b,0x2d7b,0x2d7b,0x2d7b,0x2d7b,0x2d7b,0x2d7b,0x2d7b,0x2d7b,0x2d7b,0x2d7b,0x2d7b,0x2d7b,0x2d7b,0x2d7b,
	0x2d7b,0x2d7b,0x2d7b,0x2d7b,0x2d7b,0x2d7b,0x2d7b,0x2d7b,0x2d7b,0x2d7b,0x2d7b,0x2d7b,0x2d7b,0x2d7b,0x2d7b,0x2d7b,
	0x2d7b,0x2d7b,0x2d7b,0x2d7b,0x2d7b,0x2d7b,0x2d7b,0x2d7b,0x2d7b,0x2d7b,0x2d7b,0x2d7b,0x2d7b,0x2d7b,0x2d7b,0x2d7b,
	0x2d7b,0x2d7b,0x317b,0x2d7b,0x2d7b,0x2d7b,0x317b,0x2d9a,0x2999,0x04b0,0x04b0,0x25b8,0x29b8,0x08ae,0x0ccb,0x73df,
	0x7bff,0x7fff,0x7fff,0x7fff,0x7fff,0x7fff,0x7fff,0x7fff,0x7fff,0x7fff,0x7fff,0x7fff,0x7fff,0x7fff,0x7fff,0x7fff,
	0x7fff,0x7fff,0x7fff,0x7fff,0x7fff,0x7fff,0x7fff,0x7fff,0x7fff,0x7fff,0x7fff,0x7fff,0x7fff,0x7fff,0x7fff,0x7fff,
	0x7fff,0x7fff,0x7fff,0x7fff,0x7fff,0x7fff,0x7fff,0x7fff,0x7fff,0x7fff,0x7fff,0x7fff,0x7fff,0x7fff,0x7fff,0x7fff,
	0x7fff,0x7fff,0x7fff,0x7fff,0x7fff,0x7fff,0x7fff,0x7fff,0x7fff,0x7fff,0x7fff,0x7bff,0x73df,0x10cb,0x08ae,0x29b8,
	0x29b8,0x04af,0x04af,0x2db8,0x2d7a,0x2d7b,0x317b,0x317b,0x317b,0x317b,0x2d7b,0x2d7b,0x2d7b,0x2d7b,0x2d7b,0x2d7b,
	0x2d7b,0x2d7b,0x2d7b,0x2d7b,0x2d7b,0x2d7b,0x2d7b,0x2d7b,0x2d7b,0x2d7b,0x2d7b,0x2d7b,0x2d7b,0x2d7b,0x2d7b,0x2d7b,
	0x2d7b,0x2d7b,0x317b,0x2d7b,0x2d7b,0x299a,0x00af,0x00af,0x2d9a,0x2d9a,0x04af,0x08cc,0x73ff,0x7fff,0x7fff,0x7fff,
	0x7fff,0x7fff,0x7fff,0x7fff,0x7fff,0x7fff,0x7fff,0x7fff,0x7fff,0x7fff,0x7fff,0x7fff,0x7fff,0x7fff,0x7fff,0x7fff,
	0x7fff,0x7fff,0x7fff,0x7fff,0x7fff,0x7fff,0x7fff,0x7fff,0x7fff,0x7fff,0x7fff,0x7fff,0x7fff,0x7fff,0x7fff,0x7fff,
	0x7fff,0x7fff,0x7fff,0x7fff,0x7fff,0x7fff,0x7fff,0x7fff,0x7fff,0x7fff,0x7fff,0x7fff,0x7fff,0x7fff,0x7fff,0x7fff,
	0x7fff,0x7fff,0x7fff,0x7fff,0x7fff,0x7fff,0x7fff,0x7fff,0x7fff,0x77ff,0x08cc,0x04af,0x2d9a,0x2d9a,0x00af,0x00af,
	0x299a,0x2d7b,0x2d7b,0x2d7b,0x2d7b,0x2d7b,0x2d7b,0x2d7b,0x2d7b,0x2d7b,0x2d7b,0x2d7b,0x2d7b,0x2d7b,0x2d7b,0x2d7b,
	0x2d7b,0x2d7b,0x2d7b,0x2d7b,0x2d7b,0x2d7b,0x2d7b,0x2d7b,0x2d7b,0x2d7b,0x2d7b,0x2d7b,0x2d7b,0x2d7b,0x2d7b,0x2d7b,
	0x2d7b,0x2d7b,0x2d7b,0x2d7b,0x2d7b,0x2d7b,0x2d7b,0x2d7b,0x2d7b,0x2d7b,0x2d7b,0x2d7b,0x2d7b,0x2d7b,0x2d7b,0x2d7b,
	0x2d7b,0x2d7b,0x317b,0x2d7b,0x2d7b,0x2d7b,0x317b,0x2d9a,0x2999,0x04b0,0x04b0,0x25b8,0x29b8,0x08ae,0x0ccb,0x73df,
	0x7bff,0x7fff,0x7fff,0x7fff,0x7fff,0x7fff,0x7fff,0x7fff,0x7fff,0x7fff,0x7fff,0x7fff,0x7fff,0x7fff,0x7fff,0x7fff,
	0x7fff,0x7fff,0x7fff,0x7fff,0x7fff,0x7fff,0x7fff,0x7fff,0x7fff,0x7fff,0x7fff,0x7fff,0x7fff,0x7fff,0x7fff,0x7fff,
	0x7fff,0x7fff,0x7fff,0x7fff,0x7fff,0x7fff,0x7fff,0x7fff,0x7fff,0x7fff,0x7fff,0x7fff,0x7fff,0x7fff,0x7fff,0x7fff,
	0x7fff,0x7fff,0x7fff,0x7fff,0x7fff,0x7fff,0x7fff,0x7fff,0x7fff,0x7fff,0x7fff,0x7bff,0x73df,0x10cb,0x08ae,0x29b8,
	0x29b8,0x04af,0x04af,0x2db8,0x2d7a,0x2d7b,0x317b,0x317b,0x317b,0x317b,0x2d7b,0x2d7b,0x2d7b,0x2d7b,0x2d7b,0x2d7b,
	0x2d7b,0x2d7b,0x2d7b,0x2d7b,0x2d7b,0x2d7b,0x2d7b,0x2d7b,0x2d7b,0x2d7b,0x2d7b,0x2d7b,0x2d7b,0x2d7b,0x2d7b,0x2d7b,
	0x2d7b,0x2d7b,0x317b,0x2d7b,0x2d7b,0x299a,0x00af,0x00af,0x2d9a,0x2d9a,0x04af,0x08cc,0x73ff,0x7fff,0x7fff,0x7fff,
	0x7fff,0x7fff,0x7fff,0x7fff,0x7fff,0x7fff,0x7fff,0x7fff,0x7fff,0x7fff,0x7fff,0x7fff,0x7fff,0x7fff,0x7fff,0x7fff,
	0x7fff,0x7fff,0x7fff,0x7fff,0x7fff,0x7fff,0x7fff,0x7fff,0x7fff,0x7fff,0x7fff,0x7fff,0x7fff,0x7fff,0x7fff,0x7fff,
	0x7fff,0x7fff,0x7fff,0x7fff,0x7fff,0x7fff,0x7fff,0x7fff,0x7fff,0x7fff,0x7fff,0x7fff,0x7fff,0x7fff,0x7fff,0x7fff,
	0x7fff,0x7fff,0x7fff,0x7fff,0x7fff,0x7fff,0x7fff,0x7fff,0x7fff,0x77ff,0x08cc,0x04af,0x2d9a,0x2d9a,0x00af,0x00af,
	0x299a,0x2d7b,0x2d7b,0x2d7b,0x2d7b,0x2d7b,0x2d7b,0x2d7b,0x2d7b,0x2d7b,0x2d7b,0x2d7b,0x2d7b,0x2d7b,0x2d7b,0x2d7b,
	0x2d7b,0x2d7b,0x2d7b,0x2d7b,0x2d7b,0x2d7b,0x2d7b,0x2d7b,0x2d7b,0x2d7b,0x2d7b,0x2d7b,0x2d7b,0x2d7b,0x2d7b,0x2d7b,
	0x2d7b,0x2d7b,0x2d7b,0x2d7b,0x2d7b,0x2d7b,0x2d7b,0x2d7b,0x2d7b,0x2d7b,0x2d7b,0x2d7b,0x2d7b,0x2d7b,0x2d7b,0x2d7b,
	0x2d7b,0x2d7b,0x317b,0x2d7b,0x2d7b,0x2d7b,0x317b,0x2d9a,0x2999,0x04b0,0x04b0,0x25b8,0x29b8,0x08ae,0x0ccb,0x73df,
	0x7bff,0x7fff,0x7fff,0x7fff,0x7fff,0x7fff,0x7fff,0x7fff,0x7fff,0x7fff,0x7fff,0x7fff,0x7fff,0x7fff,0x7fff,0x7fff,
	0x7fff,0x7fff,0x7fff,0x7fff,0x7fff,0x7fff,0x7fff,0x7fff,0x7fff,0x7fff,0x7fff,0x7fff,0x7fff,0x7fff,0x7fff,0x7fff,
	0x7fff,0x7fff,0x7fff,0x7fff,0x7fff,0x7fff,0x7fff,0x7fff,0x7fff,0x7fff,0x7fff,0x7fff,0x7fff,0x7fff,0x7fff,0x7fff,
	0x7fff,0x7fff,0x7fff,0x7fff,0x7fff,0x7fff,0x7fff,0x7fff,0x7fff,0x7fff,0x7fff,0x7bff,0x73df,0x10cb,0x08ae,0x29b8,
	0x29b8,0x04af,0x04af,0x2db8,0x2d7a,0x2d7b,0x317b,0x317b,0x317b,0x317b,0x2d7b,0x2d7b,0x2d7b,0x2d7b,0x2d7b,0x2d7b,
	0x2d7b,0x2d7b,0x2d7b,0x2d7b,0x2d7b,0x2d7b,0x2d7b,0x2d7b,0x2d7b,0x2d7b,0x2d7b,0x2d7b,0x2d7b,0x2d7b,0x2d7b,0x2d7b,
	0x2d7b,0x2d7b,0x317b,0x2d7b,0x2d7b,0x299a,0x00af,0x00af,0x2d9a,0x2d9a,0x04af,0x08cc,0x73ff,0x7fff,0x7fff,0x7fff,
	0x7fff,0x7fff,0x7fff,0x7fff,0x7fff,0x7fff,0x7fff,0x7fff,0x7fff,0x7fff,0x7fff,0x7fff,0x7fff,0x7fff,0x7fff,0x7fff,
	0x7fff,0x7fff,0x7fff,0x7fff,0x7fff,0x7fff,0x7fff,0x7fff,0x7fff,0x7fff,0x7fff,0x7fff,0x7fff,0x7fff,0x7fff,0x7fff,
	0x7fff,0x7fff,0x7fff,0x7fff,0x7fff,0x7fff,0x7fff,0x7fff,0x7fff,0x7fff,0x7fff,0x7fff,0x7fff,0x7fff,0x7fff,0x7fff,
	0x7fff,0x7fff,0x7fff,0x7fff,0x7fff,0x7fff,0x7fff,0x7fff,0x7fff,0x77ff,0x08cc,0x04af,0x2d9a,0x2d9a,0x00af,0x00af,
	0x299a,0x2d7b,0x2d7b,0x2d7b,0x2d7b,0x2d7b,0x2d7b,0x2d7b,0x2d7b,0x2d7b,0x2d7b,0x2d7b,0x2d7b,0x2d7b,0x2d7b,0x2d7b,
	0x2d7b,0x2d7b,0x2d7b,0x2d7b,0x2d7b,0x2d7b,0x2d7b,0x2d7b,0x2d7b,0x2d7b,0x2d7b,0x2d7b,0x2d7b,0x2d7b,0x2d7b,0x2d7b,
	0x2d7b,0x2d7b,0x2d7b,0x2d7b,0x2d7b,0x2d7b,0x2d7b,0x2d7b,0x2d7b,0x2d7b,0x2d7b,0x2d7b,0x2d7b,0x2d7b,0x2d7b,0x2d7b,
	0x2d7b,0x2d7b,0x317b,0x2d7b,0x2d7b,0x2d7b,0x317b,0x2d9a,0x2999,0x04b0,0x04b0,0x25b8,0x29b8,0x08ae,0x0ccb,0x73df,
	0x7bff,0x7fff,0x7fff,0x7fff,0x7fff,0x7fff,0x7fff,0x7fff,0x7fff,0x7fff,0x7fff,0x7fff,0x7fff,0x7fff,0x7fff,0x7fff,
	0x7fff,0x7fff,0x7fff,0x7fff,0x7fff,0x7fff,0x7fff,0x7fff,0x7fff,0x7fff,0x7fff,0x7fff,0x7fff,0x7fff,0x7fff,0x7fff,
	0x7fff,0x7fff,0x7fff,0x7fff,0x7fff,0x7fff,0x7fff,0x7fff,0x7fff,0x7fff,0x7fff,0x7fff,0x7fff,0x7fff,0x7fff,0x7fff,
	0x7fff,0x7fff,0x7fff,0x7fff,0x7fff,0x7fff,0x7fff,0x7fff,0x7fff,0x7fff,0x7fff,0x7bff,0x73df,0x10cb,0x08ae,0x29b8,
	0x29b8,0x04af,0x04af,0x2db8,0x2d7a,0x2d7b,0x317b,0x317b,0x317b,0x317b,0x2d7b,0x2d7b,0x2d7b,0x2d7b,0x2d7b,0x2d7b,
	0x2d7b,0x2d7b,0x2d7b,0x2d7b,0x2d7b,0x2d7b,0x2d7b,0x2d7b,0x2d7b,0x2d7b,0x2d7b,0x2d7b,0x2d7b,0x2d7b,0x2d7b,0x2d7b,
	0x2d7b,0x2d7b,0x317b,0x2d7b,0x2d7b,0x299a,0x00af,0x00af,0x2d9a,0x2d9a,0x04af,0x08cc,0x73ff,0x7fff,0x7fff,0x7fff,
	0x7fff,0x7fff,0x7fff,0x7fff,0x7fff,0x7fff,0x7fff,0x7fff,0x7fff,0x7fff,0x7fff,0x7fff,0x7fff,0x7fff,0x7fff,0x7fff,
	0x7fff,0x7fff,0x7fff,0x7fff,0x7fff,0x7fff,0x7fff,0x7fff,0x7fff,0x7fff,0x7fff,0x7fff,0x7fff,0x7fff,0x7fff,0x7fff,
	0x7fff,0x7fff,0x7fff,0x7fff,0x7fff,0x7fff,0x7fff,0x7fff,0x7fff,0x7fff,0x7fff,0x7fff,0x7fff,0x7fff,0x7fff,0x7fff,
	0x7fff,0x7fff,0x7fff,0x7fff,0x7fff,0x7fff,0x7fff,0x7fff,0x7fff,0x77ff,0x08cc,0x04af,0x2d9a,0x2d9a,0x00af,0x00af,
	0x299a,0x2d7b,0x2d7b,0x2d7b,0x2d7b,0x2d7b,0x2d7b,0x2d7b,0x2d7b,0x2d7b,0x2d7b,0x2d7b,0x2d7b,0x2d7b,0x2d7b,0x2d7b,
	0x2d7b,0x2d7b,0x2d7b,0x2d7b,0x2d7b,0x2d7b,0x2d7b,0x2d7b,0x2d7b,0x2d7b,0x2d7b,0x2d7b,0x2d7b,0x2d7b,0x2d7b,0x2d7b,
	0x2d7b,0x2d7b,0x2d7b,0x2d7b,0x2d7b,0x2d7b,0x2d7b,0x2d7b,0x2d7b,0x2d7b,0x2d7b,0x2d7b,0x2d7b,0x2d7b,0x2d7b,0x2d7b,
	0x2d7b,0x2d7b,0x317b,0x2d7b,0x2d7b,0x2d7b,0x317b,0x2d9a,0x2999,0x04b0,0x04b0,0x25b8,0x29b8,0x08ae,0x0ccb,0x73df,
	0x7bff,0x7fff,0x7fff,0x7fff,0x7fff,0x7fff,0x7fff,0x7fff,0x7fff,0x7fff,0x7fff,0x7fff,0x7fff,0x7fff,0x7fff,0x7fff,
	0x7fff,0x7fff,0x7fff,0x7fff,0x7fff,0x7fff,0x7fff,0x7fff,0x7fff,0x7fff,0x7fff,0x7fff,0x7fff,0x7fff,0x7fff,0x7fff,
	0x7fff,0x7fff,0x7fff,0x7fff,0x7fff,0x7fff,0x7fff,0x7fff,0x7fff,0x7fff,0x7fff,0x7fff,0x7fff,0x7fff,0x7fff,0x7fff,
	0x7fff,0x7fff,0x7fff,0x7fff,0x7fff,0x7fff,0x7fff,0x7fff,0x7fff,0x7fff,0x7fff,0x7bff,0x73df,0x10cb,0x08ae,0x29b8,
	0x29b8,0x04af,0x04af,0x2db8,0x2d7a,0x2d7b,0x317b,0x317b,0x317b,0x317b,0x2d7b,0x2d7b,0x2d7b,0x2d7b,0x2d7b,0x2d7b,
	0x2d7b,0x2d7b,0x2d7b,0x2d7b,0x2d7b,0x2d7b,0x2d7b,0x2d7b,0x2d7b,0x2d7b,0x2d7b,0x2d7b,0x2d7b,0x2d7b,0x2d7b,0x2d7b,
	0x2d7b,0x2d7b,0x317b,0x2d7b,0x2d7b,0x299a,0x00af,0x00af,0x2d9a,0x2d9a,0x04af,0x08cc,0x73ff,0x7fff,0x7fff,0x7fff,
	0x7fff,0x7fff,0x7fff,0x7fff,0x7fff,0x7fff,0x7fff,0x7fff,0x7fff,0x7fff,0x7fff,0x7fff,0x7fff,0x7fff,0x7fff,0x7fff,
	0x7fff,0x7fff,0x7fff,0x7fff,0x7fff,0x7fff,0x7fff,0x7fff,0x7fff,0x7fff,0x7fff,0x7fff,0x7fff,0x7fff,0x7fff,0x7fff,
	0x7fff,0x7fff,0x7fff,0x7fff,0x7fff,0x7fff,0x7fff,0x7fff,0x7fff,0x7fff,0x7fff,0x7fff,0x7fff,0x7fff,0x7fff,0x7fff,
	0x7fff,0x7fff,0x7fff,0x7fff,0x7fff,0x7fff,0x7fff,0x7fff,0x7fff,0x77ff,0x08cc,0x04af,0x2d9a,0x2d9a,0x00af,0x00af,
	0x299a,0x2d7b,0x2d7b,0x2d7b,0x2d7b,0x2d7b,0x2d7b,0x2d7b,0x2d7b,0x2d7b,0x2d7b,0x2d7b,0x2d7b,0x2d7b,0x2d7b,0x2d7b,
	0x2d7b,0x2d7b,0x2d7b,0x2d7b,0x2d7b,0x2d7b,0x2d7b,0x2d7b,0x2d7b,0x2d7b,0x2d7b,0x2d7b,0x2d7b,0x2d7b,0x2d7b,0x2d7b,
	0x2d7b,0x2d7b,0x2d7b,0x2d7b,0x2d7b,0x2d7b,0x2d7b,0x2d7b,0x2d7b,0x2d7b,0x2d7b,0x2d7b,0x2d7b,0x2d7b,0x2d7b,0x2d7b,
	0x2d7b,0x2d7b,0x317b,0x2d7b,0x2d7b,0x2d7b,0x317b,0x2d9a,0x2999,0x04b0,0x04b0,0x25b8,0x29b8,0x08ae,0x0ccb,0x73df,
	0x7bff,0x7fff,0x7fff,0x7fff,0x7fff,0x7fff,0x7fff,0x7fff,0x7fff,0x7fff,0x7fff,0x7fff,0x7fff,0x7fff,0x7fff,0x7fff,
	0x7fff,0x7fff,0x7fff,0x7fff,0x7fff,0x7fff,0x7fff,0x7fff,0x7fff,0x7fff,0x7fff,0x7fff,0x7fff,0x7fff,0x7fff,0x7fff,
	0x7fff,0x7fff,0x7fff,0x7fff,0x7fff,0x7fff,0x7fff,0x7fff,0x7fff,0x7fff,0x7fff,0x7fff,0x7fff,0x7fff,0x7fff,0x7fff,
	0x7fff,0x7fff,0x7fff,0x7fff,0x7fff,0x7fff,0x7fff,0x7fff,0x7fff,0x7fff,0x7fff,0x7bff,0x73df,0x10cb,0x08ae,0x29b8,
	0x29b8,0x04af,0x04af,0x2db8,0x2d7a,0x2d7b,0x317b,0x317b,0x317b,0x317b,0x2d7b,0x2d7b,0x2d7b,0x2d7b,0x2d7b,0x2d7b,
	0x2d7b,0x2d7b,0x2d7b,0x2d7b,0x2d7b,0x2d7b,0x2d7b,0x2d7b,0x2d7b,0x2d7b,0x2d7b,0x2d7b,0x2d7b,0x2d7b,0x2d7b,0x2d7b,
	0x2d7b,0x2d7b,0x317b,0x2d7b,0x2d7b,0x299a,0x00af,0x00af,0x2d9a,0x2d9a,0x04af,0x08cc,0x73ff,0x7fff,0x7fff,0x7fff,
	0x7fff,0x7fff,0x7fff,0x7fff,0x7fff,0x7fff,0x7fff,0x7fff,0x7fff,0x7fff,0x7fff,0x7fff,0x7fff,0x7fff,0x7fff,0x7fff,
	0x7fff,0x7fff,0x7fff,0x7fff,0x7fff,0x7fff,0x7fff,0x7fff,0x7fff,0x7fff,0x7fff,0x7fff,0x7fff,0x7fff,0x7fff,0x7fff,
	0x7fff,0x7fff,0x7fff,0x7fff,0x7fff,0x7fff,0x7fff,0x7fff,0x7fff,0x7fff,0x7fff,0x7fff,0x7fff,0x7fff,0x7fff,0x7fff,
	0x7fff,0x7fff,0x7fff,0x7fff,0x7fff,0x7fff,0x7fff,0x7fff,0x7fff,0x77ff,0x08cc,0x04af,0x2d9a,0x2d9a,0x00af,0x00af,
	0x299a,0x2d7b,0x2d7b,0x2d7b,0x2d7b,0x2d7b,0x2d7b,0x2d7b,0x2d7b,0x2d7b,0x2d7b,0x2d7b,0x2d7b,0x2d7b,0x2d7b,0x2d7b,
	0x2d7b,0x2d7b,0x2d7b,0x2d7b,0x2d7b,0x2d7b,0x2d7b,0x2d7b,0x2d7b,0x2d7b,0x2d7b,0x2d7b,0x2d7b,0x2d7b,0x2d7b,0x2d7b,
	0x2d7b,0x2d7b,0x2d7b,0x2d7b,0x2d7b,0x2d7b,0x2d7b,0x2d7b,0x2d7b,0x2d7b,0x2d7b,0x2d7b,0x2d7b,0x2d7b,0x2d7b,0x2d7b,
	0x2d7b,0x2d7b,0x317b,0x2d7b,0x2d7b,0x2d7b,0x317b,0x2d9a,0x2999,0x04b0,0x04b0,0x25b8,0x29b8,0x08ae,0x0ccb,0x73df,
	0x7bff,0x7fff,0x7fff,0x7fff,0x7fff,0x7fff,0x7fff,0x7fff,0x7fff,0x7fff,0x7fff,0x7fff,0x7fff,0x7fff,0x7fff,0x7fff,
	0x7fff,0x7fff,0x7fff,0x7fff,0x7fff,0x7fff,0x7fff,0x7fff,0x7fff,0x7fff,0x7fff,0x7fff,0x7fff,0x7fff,0x7fff,0x7fff,
	0x7fff,0x7fff,0x7fff,0x7fff,0x7fff,0x7fff,0x7fff,0x7fff,0x7fff,0x7fff,0x7fff,0x7fff,0x7fff,0x7fff,0x7fff,0x7fff,
	0x7fff,0x7fff,0x7fff,0x7fff,0x7fff,0x7fff,0x7fff,0x7fff,0x7fff,0x7fff,0x7fff,0x7bff,0x73df,0x10cb,0x08ae,0x29b8,
	0x29b8,0x04af,0x04af,0x2db8,0x2d7a,0x2d7b,0x317b,0x317b,0x317b,0x317b,0x2d7b,0x2d7b,0x2d7b,0x2d7b,0x2d7b,0x2d7b,
	0x2d7b,0x2d7b,0x2d7b,0x2d7b,0x2d7b,0x2d7b,0x2d7b,0x2d7b,0x2d7b,0x2d7b,0x2d7b,0x2d7b,0x2d7b,0x2d7b,0x2d7b,0x2d7b,
	0x2d7b,0x2d7b,0x317b,0x2d7b,0x2d7b,0x299a,0x00af,0x00af,0x2d9a,0x2d9a,0x04af,0x08cc,0x73ff,0x7fff,0x7fff,0x7fff,
	0x7fff,0x7fff,0x7fff,0x7fff,0x7fff,0x7fff,0x7fff,0x7fff,0x7fff,0x7fff,0x7fff,0x7fff,0x7fff,0x7fff,0x7fff,0x7fff,
	0x7fff,0x7fff,0x7fff,0x7fff,0x7fff,0x7fff,0x7fff,0x7fff,0x7fff,0x7fff,0x7fff,0x7fff,0x7fff,0x7fff,0x7fff,0x7fff,
	0x7fff,0x7fff,0x7fff,0x7fff,0x7fff,0x7fff,0x7fff,0x7fff,0x7fff,0x7fff,0x7fff,0x7fff,0x7fff,0x7fff,0x7fff,0x7fff,
	0x7fff,0x7fff,0x7fff,0x7fff,0x7fff,0x7fff,0x7fff,0x7fff,0x7fff,0x77ff,0x08cc,0x04af,0x2d9a,0x2d9a,0x00af,0x00af,
	0x299a,0x2d7b,0x2d7b,0x2d7b,0x2d7b,0x2d7b,0x2d7b,0x2d7b,0x2d7b,0x2d7b,0x2d7b,0x2d7b,0x2d7b,0x2d7b,0x2d7b,0x2d7b,
	0x2d7b,0x2d7b,0x2d7b,0x2d7b,0x2d7b,0x2d7b,0x2d7b,0x2d7b,0x2d7b,0x2d7b,0x2d7b,0x2d7b,0x2d7b,0x2d7b,0x2d7b,0x2d7b,
	0x2d7b,0x2d7b,0x2d7b,0x2d7b,0x2d7b,0x2d7b,0x2d7b,0x2d7b,0x2d7b,0x2d7b,0x2d7b,0x2d7b,0x2d7b,0x2d7b,0x2d7b,0x2d7b,
	0x2d7b,0x2d7b,0x317b,0x2d7b,0x2d7b,0x2d7b,0x317b,0x2d9a,0x2999,0x04b0,0x04b0,0x25b8,0x29b8,0x08ae,0x0ccb,0x73df,
	0x7bff,0x7fff,0x7fff,0x7fff,0x7fff,0x7fff,0x7fff,0x7fff,0x7fff,0x7fff,0x7fff,0x7fff,0x7fff,0x7fff,0x7fff,0x7fff,
	0x7fff,0x7fff,0x7fff,0x7fff,0x7fff,0x7fff,0x7fff,0x7fff,0x7fff,0x7fff,0x7fff,0x7fff,0x7fff,0x7fff,0x7fff,0x7fff,
	0x7fff,0x7fff,0x7fff,0x7fff,0x7fff,0x7fff,0x7fff,0x7fff,0x7fff,0x7fff,0x7fff,0x7fff,0x7fff,0x7fff,0x7fff,0x7fff,
	0x7fff,0x7fff,0x7fff,0x7fff,0x7fff,0x7fff,0x7fff,0x7fff,0x7fff,0x7fff,0x7fff,0x7bff,0x73df,0x10cb,0x08ae,0x29b8,
	0x29b8,0x04af,0x04af,0x2db8,0x2d7a,0x2d7b,0x317b,0x317b,0x317b,0x317b,0x2d7b,0x2d7b,0x2d7b,0x2d7b,0x2d7b,0x2d7b,
	0x2d7b,0x2d7b,0x2d7b,0x2d7b,0x2d7b,0x2d7b,0x2d7b,0x2d7b,0x2d7b,0x2d7b,0x2d7b,0x2d7b,0x2d7b,0x2d7b,0x2d7b,0x2d7b,
	0x2d7b,0x2d7b,0x317b,0x2d7b,0x2d7b,0x299a,0x00af,0x00af,0x2d9a,0x2d9a,0x04af,0x08cc,0x73ff,0x7fff,0x7fff,0x7fff,
	0x7fff,0x7fff,0x7fff,0x7fff,0x7fff,0x7fff,0x7fff,0x7fff,0x7fff,0x7fff,0x7fff,0x7fff,0x7fff,0x7fff,0x7fff,0x7fff,
	0x7fff,0x7fff,0x7fff,0x7fff,0x7fff,0x7fff,0x7fff,0x7fff,0x7fff,0x7fff,0x7fff,0x7fff,0x7fff,0x7fff,0x7fff,0x7fff,
	0x7fff,0x7fff,0x7fff,0x7fff,0x7fff,0x7fff,0x7fff,0x7fff,0x7fff,0x7fff,0x7fff,0x7fff,0x7fff,0x7fff,0x7fff,0x7fff,
	0x7fff,0x7fff,0x7fff,0x7fff,0x7fff,0x7fff,0x7fff,0x7fff,0x7fff,0x77ff,0x08cc,0x04af,0x2d9a,0x2d9a,0x00af,0x00af,
	0x299a,0x2d7b,0x2d7b,0x2d7b,0x2d7b,0x2d7b,0x2d7b,0x2d7b,0x2d7b,0x2d7b,0x2d7b,0x2d7b,0x2d7b,0x2d7b,0x2d7b,0x2d7b,
	0x2d7b,0x2d7b,0x2d7b,0x2d7b,0x2d7b,0x2d7b,0x2d7b,0x2d7b,0x2d7b,0x2d7b,0x2d7b,0x2d7b,0x2d7b,0x2d7b,0x2d7b,0x2d7b,
	0x2d7b,0x2d7b,0x2d7b,0x2d7b,0x2d7b,0x2d7b,0x2d7b,0x2d7b,0x2d7b,0x2d7b,0x2d7b,0x2d7b,0x2d7b,0x2d7b,0x2d7b,0x2d7b,
	0x2d7b,0x2d7b,0x317b,0x2d7b,0x2d7b,0x2d7b,0x317b,0x2d9a,0x2999,0x04b0,0x04b0,0x25b8,0x29b8,0x08ae,0x0ccb,0x73df,
	0x7bff,0x7fff,0x7fff,0x7fff,0x7fff,0x7fff,0x7fff,0x7fff,0x7fff,0x7fff,0x7fff,0x7fff,0x7fff,0x7fff,0x7fff,0x7fff,
	0x7fff,0x7fff,0x7fff,0x7fff,0x7fff,0x7fff,0x7fff,0x7fff,0x7fff,0x7fff,0x7fff,0x7fff,0x7fff,0x7fff,0x7fff,0x7fff,
	0x7fff,0x7fff,0x7fff,0x7fff,0x7fff,0x7fff,0x7fff,0x7fff,0x7fff,0x7fff,0x7fff,0x7fff,0x7fff,0x7fff,0x7fff,0x7fff,
	0x7fff,0x7fff,0x7fff,0x7fff,0x7fff,0x7fff,0x7fff,0x7fff,0x7fff,0x7fff,0x7fff,0x7bff,0x73df,0x10cb,0x08ae,0x29b8,
	0x29b8,0x04af,0x04af,0x2db8,0x2d7a,0x2d7b,0x317b,0x317b,0x317b,0x317b,0x2d7b,0x2d7b,0x2d7b,0x2d7b,0x2d7b,0x2d7b,
	0x2d7b,0x2d7b,0x2d7b,0x2d7b,0x2d7b,0x2d7b,0x2d7b,0x2d7b,0x2d7b,0x2d7b,0x2d7b,0x2d7b,0x2d7b,0x2d7b,0x2d7b,0x2d7b,
	0x2d7b,0x2d7b,0x317b,0x2d7b,0x2d7b,0x299a,0x00af,0x00af,0x2d9a,0x2d9a,0x04af,0x08cc,0x73ff,0x7fff,0x7fff,0x7fff,
	0x7fff,0x7fff,0x7fff,0x7fff,0x7fff,0x7fff,0x7fff,0x7fff,0x7fff,0x7fff,0x7fff,0x7fff,0x7fff,0x7fff,0x7fff,0x7fff,
	0x7fff,0x7fff,0x7fff,0x7fff,0x7fff,0x7fff,0x7fff,0x7fff,0x7fff,0x7fff,0x7fff,0x7fff,0x7fff,0x7fff,0x7fff,0x7fff,
	0x7fff,0x7fff,0x7fff,0x7fff,0x7fff,0x7fff,0x7fff,0x7fff,0x7fff,0x7fff,0x7fff,0x7fff,0x7fff,0x7fff,0x7fff,0x7fff,
	0x7fff,0x7fff,0x7fff,0x7fff,0x7fff,0x7fff,0x7fff,0x7fff,0x7fff,0x77ff,0x08cc,0x04af,0x2d9a,0x2d9a,0x00af,0x00af,
	0x299a,0x2d7b,0x2d7b,0x2d7b,0x2d7b,0x2d7b,0x2d7b,0x2d7b,0x2d7b,0x2d7b,0x2d7b,0x2d7b,0x2d7b,0x2d7b,0x2d7b,0x2d7b,
	0x2d7b,0x2d7b,0x2d7b,0x2d7b,0x2d7b,0x2d7b,0x2d7b,0x2d7b,0x2d7b,0x2d7b,0x2d7b,0x2d7b,0x2d7b,0x2d7b,0x2d7b,0x2d7b,
	0x2d7b,0x2d7b,0x2d7b,0x2d7b,0x2d7b,0x2d7b,0x2d7b,0x2d7b,0x2d7b,0x2d7b,0x2d7b,0x2d7b,0x2d7b,0x2d7b,0x2d7b,0x2d7b,
	0x2d7b,0x2d7b,0x317b,0x2d7b,0x2d7b,0x2d7b,0x317b,0x2d9a,0x2999,0x04b0,0x04b0,0x25b8,0x29b8,0x08ae,0x0ccb,0x73df,
	0x7bff,0x7fff,0x7fff,0x7fff,0x7fff,0x7fff,0x7fff,0x7fff,0x7fff,0x7fff,0x7fff,0x7fff,0x7fff,0x7fff,0x7fff,0x7fff,
	0x7fff,0x7fff,0x7fff,0x7fff,0x7fff,0x7fff,0x7fff,0x7fff,0x7fff,0x7fff,0x7fff,0x7fff,0x7fff,0x7fff,0x7fff,0x7fff,
	0x7fff,0x7fff,0x7fff,0x7fff,0x7fff,0x7fff,0x7fff,0x7fff,0x7fff,0x7fff,0x7fff,0x7fff,0x7fff,0x7fff,0x7fff,0x7fff,
	0x7fff,0x7fff,0x7fff,0x7fff,0x7fff,0x7fff,0x7fff,0x7fff,0x7fff,0x7fff,0x7fff,0x7bff,0x73df,0x10cb,0x08ae,0x29b8,
	0x29b8,0x04af,0x04af,0x2db8,0x2d7a,0x2d7b,0x317b,0x317b,0x317b,0x317b,0x2d7b,0x2d7b,0x2d7b,0x2d7b,0x2d7b,0x2d7b,
	0x2d7b,0x2d7b,0x2d7b,0x2d7b,0x2d7b,0x2d7b,0x2d7b,0x2d7b,0x2d7b,0x2d7b,0x2d7b,0x2d7b,0x2d7b,0x2d7b,0x2d7b,0x2d7b,
	0x2d7b,0x2d7b,0x317b,0x2d7b,0x2d7b,0x299a,0x00af,0x00af,0x2d9a,0x2d9a,0x04af,0x08cc,0x73ff,0x7fff,0x7fff,0x7fff,
	0x7fff,0x7fff,0x7fff,0x7fff,0x7fff,0x7fff,0x7fff,0x7fff,0x7fff,0x7fff,0x7fff,0x7fff,0x7fff,0x7fff,0x7fff,0x7fff,
	0x7fff,0x7fff,0x7fff,0x7fff,0x7fff,0x7fff,0x7fff,0x7fff,0x7fff,0x7fff,0x7fff,0x7fff,0x7fff,0x7fff,0x7fff,0x7fff,
	0x7fff,0x7fff,0x7fff,0x7fff,0x7fff,0x7fff,0x7fff,0x7fff,0x7fff,0x7fff,0x7fff,0x7fff,0x7fff,0x7fff,0x7fff,0x7fff,
	0x7fff,0x7fff,0x7fff,0x7fff,0x7fff,0x7fff,0x7fff,0x7fff,0x7fff,0x77ff,0x08cc,0x04af,0x2d9a,0x2d9a,0x00af,0x00af,
	0x299a,0x2d7b,0x2d7b,0x2d7b,0x2d7b,0x2d7b,0x2d7b,0x2d7b,0x2d7b,0x2d7b,0x2d7b,0x2d7b,0x2d7b,0x2d7b,0x2d7b,0x2d7b,
	0x2d7b,0x2d7b,0x2d7b,0x2d7b,0x2d7b,0x2d7b,0x2d7b,0x2d7b,0x2d7b,0x2d7b,0x2d7b,0x2d7b,0x2d7b,0x2d7b,0x2d7b,0x2d7b,
	0x2d7b,0x2d7b,0x2d7b,0x2d7b,0x2d7b,0x2d7b,0x2d7b,0x2d7b,0x2d7b,0x2d7b,0x2d7b,0x2d7b,0x2d7b,0x2d7b,0x2d7b,0x2d7b,
	0x2d7b,0x2d7b,0x317b,0x2d7b,0x2d7b,0x2d7b,0x317b,0x2d9a,0x2999,0x04b0,0x04b0,0x25b8,0x29b8,0x08ae,0x0ccb,0x73df,
	0x7bff,0x7fff,0x7fff,0x7fff,0x7fff,0x7fff,0x7fff,0x7fff,0x7fff,0x7fff,0x7fff,0x7fff,0x7fff,0x7fff,0x7fff,0x7fff,
	0x7fff,0x7fff,0x7fff,0x7fff,0x7fff,0x7fff,0x7fff,0x7fff,0x7fff,0x7fff,0x7fff,0x7fff,0x7fff,0x7fff,0x7fff,0x7fff,
	0x7fff,0x7fff,0x7fff,0x7fff,0x7fff,0x7fff,0x7fff,0x7fff,0x7fff,0x7fff,0x7fff,0x7fff,0x7fff,0x7fff,0x7fff,0x7fff,
	0x7fff,0x7fff,0x7fff,0x7fff,0x7fff,0x7fff,0x7fff,0x7fff,0x7fff,0x7fff,0x7fff,0x7bff,0x73df,0x10cb,0x08ae,0x29b8,
	0x29b8,0x04af,0x04af,0x2db8,0x2d7a,0x2d7b,0x317b,0x317b,0x317b,0x317b,0x2d7b,0x2d7b,0x2d7b,0x2d7b,0x2d7b,0x2d7b,
	0x2d7b,0x2d7b,0x2d7b,0x2d7b,0x2d7b,0x2d7b,0x2d7b,0x2d7b,0x2d7b,0x2d7b,0x2d7b,0x2d7b,0x2d7b,0x2d7b,0x2d7b,0x2d7b,
	0x2d7b,0x2d7b,0x317b,0x2d7b,0x2d7b,0x299a,0x00af,0x00af,0x2d9a,0x2d9a,0x04af,0x08cc,0x73ff,0x7fff,0x7fff,0x7fff,
	0x7fff,0x7fff,0x7fff,0x7fff,0x7fff,0x7fff,0x7fff,0x7fff,0x7fff,0x7fff,0x7fff,0x7fff,0x7fff,0x7fff,0x7fff,0x7fff,
	0x7fff,0x7fff,0x7fff,0x7fff,0x7fff,0x7fff,0x7fff,0x7fff,0x7fff,0x7fff,0x7fff,0x7fff,0x7fff,0x7fff,0x7fff,0x7fff,
	0x7fff,0x7fff,0x7fff,0x7fff,0x7fff,0x7fff,0x7fff,0x7fff,0x7fff,0x7fff,0x7fff,0x7fff,0x7fff,0x7fff,0x7fff,0x7fff,
	0x7fff,0x7fff,0x7fff,0x7fff,0x7fff,0x7fff,0x7fff,0x7fff,0x7fff,0x77ff,0x08cc,0x04af,0x2d9a,0x2d9a,0x00af,0x00af,
	0x299a,0x2d7b,0x2d7b,0x2d7b,0x2d7b,0x2d7b,0x2d7b,0x2d7b,0x2d7b,0x2d7b,0x2d7b,0x2d7b,0x2d7b,0x2d7b,0x2d7b,0x2d7b,
	0x2d7b,0x2d7b,0x2d7b,0x2d7b,0x2d7b,0x2d7b,0x2d7b,0x2d7b,0x2d7b,0x2d7b,0x2d7b,0x2d7b,0x2d7b,0x2d7b,0x2d7b,0x2d7b,
	0x2d7b,0x2d7b,0x2d7b,0x2d7b,0x2d7b,0x2d7b,0x2d7b,0x2d7b,0x2d7b,0x2d7b,0x2d7b,0x2d7b,0x2d7b,0x2d7b,0x2d7b,0x2d7b,
	0x2d7b,0x2d7b,0x317b,0x2d7b,0x2d7b,0x2d7b,0x317b,0x2d9a,0x2999,0x04b0,0x04b0,0x25b8,0x29b8,0x08ae,0x0ccb,0x73df,
	0x7bff,0x7fff,0x7fff,0x7fff,0x7fff,0x7fff,0x7fff,0x7fff,0x7fff,0x7fff,0x7fff,0x7fff,0x7fff,0x7fff,0x7fff,0x7fff,
	0x7fff,0x7fff,0x7fff,0x7fff,0x7fff,0x7fff,0x7fff,0x7fff,0x7fff,0x7fff,0x7fff,0x7fff,0x7fff,0x7fff,0x7fff,0x7fff,
	0x7fff,0x7fff,0x7fff,0x7fff,0x7fff,0x7fff,0x7fff,0x7fff,0x7fff,0x7fff,0x7fff,0x7fff,0x7fff,0x7fff,0x7fff,0x7fff,
	0x7fff,0x7fff,0x7fff,0x7fff,0x7fff,0x7fff,0x7fff,0x7fff,0x7fff,0x7fff,0x7fff,0x7bff,0x73df,0x10cb,0x08ae,0x29b8,
	0x29b8,0x04af,0x04af,0x2db8,0x2d7a,0x2d7b,0x317b,0x317b,0x317b,0x317b,0x2d7b,0x2d7b,0x2d7b,0x2d7b,0x2d7b,0x2d7b,
	0x2d7b,0x2d7b,0x2d7b,0x2d7b,0x2d7b,0x2d7b,0x2d7b,0x2d7b,0x2d7b,0x2d7b,0x2d7b,0x2d7b,0x2d7b,0x2d7b,0x2d7b,0x2d7b,
	0x2d7b,0x2d7b,0x317b,0x2d7b,0x2d7b,0x299a,0x00af,0x00af,0x2d9a,0x2d9a,0x04af,0x08cc,0x73ff,0x7fff,0x7fff,0x7fff,
	0x7fff,0x7fff,0x7fff,0x7fff,0x7fff,0x7fff,0x7fff,0x7fff,0x7fff,0x7fff,0x7fff,0x7fff,0x7fff,0x7fff,0x7fff,0x7fff,
	0x7fff,0x7fff,0x7fff,0x7fff,0x7fff,0x7fff,0x7fff,0x7fff,0x7fff,0x7fff,0x7fff,0x7fff,0x7fff,0x7fff,0x7fff,0x7fff,
	0x7fff,0x7fff,0x7fff,0x7fff,0x7fff,0x7fff,0x7fff,0x7fff,0x7fff,0x7fff,0x7fff,0x7fff,0x7fff,0x7fff,0x7fff,0x7fff,
	0x7fff,0x7fff,0x7fff,0x7fff,0x7fff,0x7fff,0x7fff,0x7fff,0x7fff,0x77ff,0x08cc,0x04af,0x2d9a,0x2d9a,0x00af,0x00af,
	0x299a,0x2d7b,0x2d7b,0x2d7b,0x2d7b,0x2d7b,0x2d7b,0x2d7b,0x2d7b,0x2d7b,0x2d7b,0x2d7b,0x2d7b,0x2d7b,0x2d7b,0x2d7b,
	0x2d7b,0x2d7b,0x2d7b,0x2d7b,0x2d7b,0x2d7b,0x2d7b,0x2d7b,0x2d7b,0x2d7b,0x2d7b,0x2d7b,0x2d7b,0x2d7b,0x2d7b,0x2d7b,
	0x2d7b,0x2d7b,0x2d7b,0x2d7b,0x2d7b,0x2d7b,0x2d7b,0x2d7b,0x2d7b,0x2d7b,0x2d7b,0x2d7b,0x2d7b,0x2d7b,0x2d7b,0x2d7b,
	0x2d7b,0x2d7b,0x317b,0x2d7b,0x2d7b,0x2d7b,0x317b,0x2d9a,0x2999,0x04b0,0x04b0,0x25b8,0x29b8,0x08ae,0x0ccb,0x73df,
	0x7bff,0x7fff,0x7fff,0x7fff,0x7fff,0x7fff,0x7fff,0x7fff,0x7fff,0x7fff,0x7fff,0x7fff,0x7fff,0x7fff,0x7fff,0x7fff,
	0x7fff,0x7fff,0x7fff,0x7fff,0x7fff,0x7fff,0x7fff,0x7fff,0x7fff,0x7fff,0x7fff,0x7fff,0x7fff,0x7fff,0x7fff,0x7fff,
	0x7fff,0x7fff,0x7fff,0x7fff,0x7fff,0x7fff,0x7fff,0x7fff,0x7fff,0x7fff,0x7fff,0x7fff,0x7fff,0x7fff,0x7fff,0x7fff,
	0x7fff,0x7fff,0x7fff,0x7fff,0x7fff,0x7fff,0x7fff,0x7fff,0x7fff,0x7fff,0x7fff,0x7bff,0x73df,0x10cb,0x08ae,0x29b8,
	0x29b8,0x04af,0x04af,0x2db8,0x2d7a,0x2d7b,0x317b,0x317b,0x317b,0x317b,0x2d7b,0x2d7b,0x2d7b,0x2d7b,0x2d7b,0x2d7b,
	0x2d7b,0x2d7b,0x2d7b,0x2d7b,0x2d7b,0x2d7b,0x2d7b,0x2d7b,0x2d7b,0x2d7b,0x2d7b,0x2d7b,0x2d7b,0x2d7b,0x2d7b,0x2d7b,
	0x2d7b,0x2d7b,0x317b,0x2d7b,0x2d7b,0x299a,0x00af,0x00af,0x2d9a,0x2d9a,0x04af,0x08cc,0x73ff,0x7fff,0x7fff,0x7fff,
	0x7fff,0x7fff,0x7fff,0x7fff,0x7fff,0x7fff,0x7fff,0x7fff,0x7fff,0x7fff,0x7fff,0x7fff,0x7fff,0x7fff,0x7fff,0x7fff,
	0x7fff,0x7fff,0x7fff,0x7fff,0x7fff,0x7fff,0x7fff,0x7fff,0x7fff,0x7fff,0x7fff,0x7fff,0x7fff,0x7fff,0x7fff,0x7fff,
	0x7fff,0x7fff,0x7fff,0x7fff,0x7fff,0x7fff,0x7fff,0x7fff,0x7fff,0x7fff,0x7fff,0x7fff,0x7fff,0x7fff,0x7fff,0x7fff,
	0x7fff,0x7fff,0x7fff,0x7fff,0x7fff,0x7fff,0x7fff,0x7fff,0x7fff,0x77ff,0x08cc,0x04af,0x2d9a,0x2d9a,0x00af,0x00af,
	0x299a,0x2d7b,0x2d7b,0x2d7b,0x2d7b,0x2d7b,0x2d7b,0x2d7b,0x2d7b,0x2d7b,0x2d7b,0x2d7b,0x2d7b,0x2d7b,0x2d7b,0x2d7b,
	0x2d7b,0x2d7b,0x2d7b,0x2d7b,0x2d7b,0x2d7b,0x2d7b,0x2d7b,0x2d7b,0x2d7b,0x2d7b,0x2d7b,0x2d7b,0x2d7b,0x2d7b,0x2d7b,
	0x2d7b,0x2d7b,0x2d7b,0x2d7b,0x2d7b,0x2d7b,0x2d7b,0x2d7b,0x2d7b,0x2d7b,0x2d7b,0x2d7b,0x2d7b,0x2d7b,0x2d7b,0x2d7b,
	0x2d7b,0x2d7b,0x317b,0x2d7b,0x2d7b,0x2d7b,0x317b,0x2d9a,0x2999,0x04b0,0x04b0,0x25b8,0x29b8,0x08ae,0x0ccb,0x73df,
	0x7bff,0x7fff,0x7fff,0x7fff,0x7fff,0x7fff,0x7fff,0x7fff,0x7fff,0x7fff,0x7fff,0x7fff,0x7fff,0x7fff,0x7fff,0x7fff,
	0x7fff,0x7fff,0x7fff,0x7fff,0x7fff,0x7fff,0x7fff,0x7fff,0x7fff,0x7fff,0x7fff,0x7fff,0x7fff,0x7fff,0x7fff,0x7fff,
	0x7fff,0x7fff,0x7fff,0x7fff,0x7fff,0x7fff,0x7fff,0x7fff,0x7fff,0x7fff,0x7fff,0x7fff,0x7fff,0x7fff,0x7fff,0x7fff,
	0x7fff,0x7fff,0x7fff,0x7fff,0x7fff,0x7fff,0x7fff,0x7fff,0x7fff,0x7fff,0x7fff,0x7bff,0x73df,0x10cb,0x08ae,0x29b8,
	0x29b8,0x04af,0x04af,0x2db8,0x2d7a,0x2d7b,0x317b,0x317b,0x317b,0x317b,0x2d7b,0x2d7b,0x2d7b,0x2d7b,0x2d7b,0x2d7b,
	0x2d7b,0x2d7b,0x2d7b,0x2d7b,0x2d7b,0x2d7b,0x2d7b,0x2d7b,0x2d7b,0x2d7b,0x2d7b,0x2d7b,0x2d7b,0x2d7b,0x2d7b,0x2d7b,
	0x2d7b,0x2d7b,0x317b,0x2d7b,0x2d7b,0x299a,0x00af,0x00af,0x2d9a,0x2d9a,0x04af,0x08cc,0x73ff,0x7fff,0x7fff,0x7fff,
	0x7fff,0x7fff,0x7fff,0x7fff,0x7fff,0x7fff,0x7fff,0x7fff,0x7fff,0x7fff,0x7fff,0x7fff,0x7fff,0x7fff,0x7fff,0x7fff,
	0x7fff,0x7fff,0x7fff,0x7fff,0x7fff,0x7fff,0x7fff,0x7fff,0x7fff,0x7fff,0x7fff,0x7fff,0x7fff,0x7fff,0x7fff,0x7fff,
	0x7fff,0x7fff,0x7fff,0x7fff,0x7fff,0x7fff,0x7fff,0x7fff,0x7fff,0x7fff,0x7fff,0x7fff,0x7fff,0x7fff,0x7fff,0x7fff,
	0x7fff,0x7fff,0x7fff,0x7fff,0x7fff,0x7fff,0x7fff,0x7fff,0x7fff,0x77ff,0x08cc,0x04af,0x2d9a,0x2d9a,0x00af,0x00af,
	0x299a,0x2d7b,0x2d7b,0x2d7b,0x2d7b,0x2d7b,0x2d7b,0x2d7b,0x2d7b,0x2d7b,0x2d7b,0x2d7b,0x2d7b,0x2d7b,0x2d7b,0x2d7b,
	0x2d7b,0x2d7b,0x2d7b,0x2d7b,0x2d7b,0x2d7b,0x2d7b,0x2d7b,0x2d7b,0x2d7b,0x2d7b,0x2d7b,0x2d7b,0x2d7b,0x2d7b,0x2d7b,
	0x2d7b,0x2d7b,0x2d7b,0x2d7b,0x2d7b,0x2d7b,0x2d7b,0x2d7b,0x2d7b,0x2d7b,0x2d7b,0x2d7b,0x2d7b,0x2d7b,0x2d7b,0x2d7b,
	0x2d7b,0x2d7b,0x317b,0x2d7b,0x2d7b,0x2d7b,0x317b,0x2d9a,0x2999,0x04b0,0x04b0,0x25b8,0x29b8,0x08ae,0x0ccb,0x73df,
	0x7bff,0x7fff,0x7fff,0x7fff,0x7fff,0x7fff,0x7fff,0x7fff,0x7fff,0x7fff,0x7fff,0x7fff,0x7fff,0x7fff,0x7fff,0x7fff,
	0x7fff,0x7fff,0x7fff,0x7fff,0x7fff,0x7fff,0x7fff,0x7fff,0x7fff,0x7fff,0x7fff,0x7fff,0x7fff,0x7fff,0x7fff,0x7fff,
	0x7fff,0x7fff,0x7fff,0x7fff,0x7fff,0x7fff,0x7fff,0x7fff,0x7fff,0x7fff,0x7fff,0x7fff,0x7fff,0x7fff,0x7fff,0x7fff,
	0x7fff,0x7fff,0x7fff,0x7fff,0x7fff,0x7fff,0x7fff,0x7fff,0x7fff,0x7fff,0x7fff,0x7bff,0x73df,0x10cb,0x08ae,0x29b8,
	0x29b8,0x04af,0x04af,0x2db8,0x2d7a,0x2d7b,0x317b,0x317b,0x317b,0x317b,0x2d7b,0x2d7b,0x2d7b,0x2d7b,0x2d7b,0x2d7b,
	0x2d7b,0x2d7b,0x2d7b,0x2d7b,0x2d7b,0x2d7b,0x2d7b,0x2d7b,0x2d7b,0x2d7b,0x2d7b,0x2d7b,0x2d7b,0x2d7b,0x2d7b,0x2d7b,
	0x2d7b,0x2d7b,0x317b,0x2d7b,0x2d7b,0x299a,0x00af,0x00af,0x2d9a,0x2d9a,0x04af,0x08cc,0x73ff,0x7fff,0x7fff,0x7fff,
	0x7fff,0x7fff,0x7fff,0x7fff,0x7fff,0x7fff,0x7fff,0x7fff,0x7fff,0x7fff,0x7fff,0x7fff,0x7fff,0x7fff,0x7fff,0x7fff,
	0x7fff,0x7fff,0x7fff,0x7fff,0x7fff,0x7fff,0x7fff,0x7fff,0x7fff,0x7fff,0x7fff,0x7fff,0x7fff,0x7fff,0x7fff,0x7fff,
	0x7fff,0x7fff,0x7fff,0x7fff,0x7fff,0x7fff,0x7fff,0x7fff,0x7fff,0x7fff,0x7fff,0x7fff,0x7fff,0x7fff,0x7fff,0x7fff,
	0x7fff,0x7fff,0x7fff,0x7fff,0x7fff,0x7fff,0x7fff,0x7fff,0x7fff,0x77ff,0x08cc,0x04af,0x2d9a,0x2d9a,0x00af,0x00af,
	0x299a,0x2d7b,0x2d7b,0x2d7b,0x2d7b,0x2d7b,0x2d7b,0x2d7b,0x2d7b,0x2d7b,0x2d7b,0x2d7b,0x2d7b,0x2d7b,0x2d7b,0x2d7b,
	0x2d7b,0x2d7b,0x2d7b,0x2d7b,0x2d7b,0x2d7b,0x2d7b,0x2d7b,0x2d7b,0x2d7b,0x2d7b,0x2d7b,0x2d7b,0x2d7b,0x2d7b,0x2d7b,
	0x2d7b,0x2d7b,0x2d7b,0x2d7b,0x2d7b,0x2d7b,0x2d7b,0x2d7b,0x2d7b,0x2d7b,0x2d7b,0x2d7b,0x2d7b,0x2d7b,0x2d7b,0x2d7b,
	0x2d7b,0x2d7b,0x317b,0x2d7b,0x2d7b,0x2d7b,0x317b,0x2d9a,0x2999,0x04b0,0x04b0,0x25b8,0x29b8,0x08ae,0x0ccb,0x73df,
	0x7bff,0x7fff,0x7fff,0x7fff,0x7fff,0x7fff,0x7fff,0x7fff,0x7fff,0x7fff,0x7fff,0x7fff,0x7fff,0x7fff,0x7fff,0x7fff,
	0x7fff,0x7fff,0x7fff,0x7fff,0x7fff,0x7fff,0x7fff,0x7fff,0x7fff,0x7fff,0x7fff,0x7fff,0x7fff,0x7fff,0x7fff,0x7fff,
	0x7fff,0x7fff,0x7fff,0x7fff,0x7fff,0x7fff,0x7fff,0x7fff,0x7fff,0x7fff,0x7fff,0x7fff,0x7fff,0x7fff,0x7fff,0x7fff,
	0x7fff,0x7fff,0x7fff,0x7fff,0x7fff,0x7fff,0x7fff,0x7fff,0x7fff,0x7fff,0x7fff,0x7bff,0x73df,0x10cb,0x08ae,0x29b8,
	0x29b8,0x04af,0x04af,0x2db8,0x2d7a,0x2d7b,0x317b,0x317b,0x317b,0x317b,0x2d7b,0x2d7b,0x2d7b,0x2d7b,0x2d7b,0x2d7b,
	0x2d7b,0x2d7b,0x2d7b,0x2d7b,0x2d7b,0x2d7b,0x2d7b,0x2d7b,0x2d7b,0x2d7b,0x2d7b,0x2d7b,0x2d7b,0x2d7b,0x2d7b,0x2d7b,
	0x2d7b,0x2d7b,0x317b,0x2d7b,0x2d7b,0x299a,0x00af,0x00af,0x2d9a,0x2d9a,0x04af,0x08cc,0x73ff,0x7fff,0x7fff,0x7fff,
	0x7fff,0x7fff,0x7fff,0x7fff,0x7fff,0x7fff,0x7fff,0x7fff,0x7fff,0x7fff,0x7fff,0x7fff,0x7fff,0x7fff,0x7fff,0x7fff,
	0x7fff,0x7fff,0x7fff,0x7fff,0x7fff,0x7fff,0x7fff,0x7fff,0x7fff,0x7fff,0x7fff,0x7fff,0x7fff,0x7fff,0x7fff,0x7fff,
	0x7fff,0x7fff,0x7fff,0x7fff,0x7fff,0x7fff,0x7fff,0x7fff,0x7fff,0x7fff,0x7fff,0x7fff,0x7fff,0x7fff,0x7fff,0x7fff,
	0x7fff,0x7fff,0x7fff,0x7fff,0x7fff,0x7fff,0x7fff,0x7fff,0x7fff,0x77ff,0x08cc,0x04af,0x2d9a,0x2d9a,0x00af,0x00af,
	0x299a,0x2d7b,0x2d7b,0x2d7b,0x2d7b,0x2d7b,0x2d7b,0x2d7b,0x2d7b,0x2d7b,0x2d7b,0x2d7b,0x2d7b,0x2d7b,0x2d7b,0x2d7b,
	0x2d7b,0x2d7b,0x2d7b,0x2d7b,0x2d7b,0x2d7b,0x2d7b,0x2d7b,0x2d7b,0x2d7b,0x2d7b,0x2d7b,0x2d7b,0x2d7b,0x2d7b,0x2d7b,
	0x2d7b,0x2d7b,0x2d7b,0x2d7b,0x2d7b,0x2d7b,0x2d7b,0x2d7b,0x2d7b,0x2d7b,0x2d7b,0x2d7b,0x2d7b,0x2d7b,0x2d7b,0x2d7b,
	0x2d7b,0x2d7b,0x317b,0x2d7b,0x2d7b,0x2d7b,0x317b,0x2d9a,0x2999,0x04b0,0x04b0,0x25b8,0x29b8,0x08ae,0x0ccb,0x73df,
	0x7bff,0x7fff,0x7fff,0x7fff,0x7fff,0x7fff,0x7fff,0x7fff,0x7fff,0x7fff,0x7fff,0x7fff,0x7fff,0x7fff,0x7fff,0x7fff,
	0x7fff,0x7fff,0x7fff,0x7fff,0x7fff,0x7fff,0x7fff,0x7fff,0x7fff,0x7fff,0x7fff,0x7fff,0x7fff,0x7fff,0x7fff,0x7fff,
	0x7fff,0x7fff,0x7fff,0x7fff,0x7fff,0x7fff,0x7fff,0x7fff,0x7fff,0x7fff,0x7fff,0x7fff,0x7fff,0x7fff,0x7fff,0x7fff,
	0x7fff,0x7fff,0x7fff,0x7fff,0x7fff,0x7fff,0x7fff,0x7fff,0x7fff,0x7fff,0x7fff,0x7bff,0x73df,0x10cb,0x08ae,0x29b8,
	0x29b8,0x04af,0x04af,0x2db8,0x2d7a,0x2d7b,0x317b,0x317b,0x317b,0x317b,0x2d7b,0x2d7b,0x2d7b,0x2d7b,0x2d7b,0x2d7b,
	0x2d7b,0x2d7b,0x2d7b,0x2d7b,0x2d7b,0x2d7b,0x2d7b,0x2d7b,0x2d7b,0x2d7b,0x2d7b,0x2d7b,0x2d7b,0x2d7b,0x2d7b,0x2d7b,
	0x2d7b,0x2d7b,0x317b,0x2d7b,0x2d7b,0x299a,0x00af,0x00af,0x2d9a,0x2d9a,0x04af,0x08cc,0x73ff,0x7fff,0x7fff,0x7fff,
	0x7fff,0x7fff,0x7fff,0x7fff,0x7fff,0x7fff,0x7fff,0x7fff,0x7fff,0x7fff,0x7fff,0x7fff,0x7fff,0x7fff,0x7fff,0x7fff,
	0x7fff,0x7fff,0x7fff,0x7fff,0x7fff,0x7fff,0x7fff,0x7fff,0x7fff,0x7fff,0x7fff,0x7fff,0x7fff,0x7fff,0x7fff,0x7fff,
	0x7fff,0x7fff,0x7fff,0x7fff,0x7fff,0x7fff,0x7fff,0x7fff,0x7fff,0x7fff,0x7fff,0x7fff,0x7fff,0x7fff,0x7fff,0x7fff,
	0x7fff,0x7fff,0x7fff,0x7fff,0x7fff,0x7fff,0x7fff,0x7fff,0x7fff,0x77ff,0x08cc,0x04af,0x2d9a,0x2d9a,0x00af,0x00af,
	0x299a,0x2d7b,0x2d7b,0x2d7b,0x2d7b,0x2d7b,0x2d7b,0x2d7b,0x2d7b,0x2d7b,0x2d7b,0x2d7b,0x2d7b,0x2d7b,0x2d7b,0x2d7b,
	0x2d7b,0x2d7b,0x2d7b,0x2d7b,0x2d7b,0x2d7b,0x2d7b,0x2d7b,0x2d7b,0x2d7b,0x2d7b,0x2d7b,0x2d7b,0x2d7b,0x2d7b,0x2d7b,
	0x2d7b,0x2d7b,0x2d7b,0x2d7b,0x2d7b,0x2d7b,0x2d7b,0x2d7b,0x2d7b,0x2d7b,0x2d7b,0x2d7b,0x2d7b,0x2d7b,0x2d7b,0x2d7b,
	0x2d7b,0x2d7b,0x317b,0x2d7b,0x2d7b,0x2d7b,0x317b,0x2d9a,0x2999,0x04b0,0x04b0,0x25b8,0x29b8,0x08ae,0x0ccb,0x73df,
	0x7bff,0x7fff,0x7fff,0x7fff,0x7fff,0x7fff,0x7fff,0x7fff,0x7fff,0x7fff,0x7fff,0x7fff,0x7fff,0x7fff,0x7fff,0x7fff,
	0x7fff,0x7fff,0x7fff,0x7fff,0x7fff,0x7fff,0x7fff,0x7fff,0x7fff,0x7fff,0x7fff,0x7fff,0x7fff,0x7fff,0x7fff,0x7fff,
	0x7fff,0x7fff,0x7fff,0x7fff,0x7fff,0x7fff,0x7fff,0x7fff,0x7fff,0x7fff,0x7fff,0x7fff,0x7fff,0x7fff,0x7fff,0x7fff,
	0x7fff,0x7fff,0x7fff,0x7fff,0x7fff,0x7fff,0x7fff,0x7fff,0x7fff,0x7fff,0x7fff,0x7bff,0x73df,0x10cb,0x08ae,0x29b8,
	0x29b8,0x04af,0x04af,0x2db8,0x2d7a,0x2d7b,0x317b,0x317b,0x317b,0x317b,0x2d7b,0x2d7b,0x2d7b,0x2d7b,0x2d7b,0x2d7b,
	0x2d7b,0x2d7b,0x2d7b,0x2d7b,0x2d7b,0x2d7b,0x2d7b,0x2d7b,0x2d7b,0x2d7b,0x2d7b,0x2d7b,0x2d7b,0x2d7b,0x2d7b,0x2d7b,
	0x2d7b,0x2d7b,0x317b,0x2d7b,0x2d7b,0x299a,0x00af,0x00af,0x2d9a,0x2d9a,0x04af,0x08cc,0x73ff,0x7fff,0x7fff,0x7fff,
	0x7fff,0x7fff,0x7fff,0x7fff,0x7fff,0x7fff,0x7fff,0x7fff,0x7fff,0x7fff,0x7fff,0x7fff,0x7fff,0x7fff,0x7fff,0x7fff,
	0x7fff,0x7fff,0x7fff,0x7fff,0x7fff,0x7fff,0x7fff,0x7fff,0x7fff,0x7fff,0x7fff,0x7fff,0x7fff,0x7fff,0x7fff,0x7fff,
	0x7fff,0x7fff,0x7fff,0x7fff,0x7fff,0x7fff,0x7fff,0x7fff,0x7fff,0x7fff,0x7fff,0x7fff,0x7fff,0x7fff,0x7fff,0x7fff,
	0x7fff,0x7fff,0x7fff,0x7fff,0x7fff,0x7fff,0x7fff,0x7fff,0x7fff,0x77ff,0x08cc,0x04af,0x2d9a,0x2d9a,0x00af,0x00af,
	0x299a,0x2d7b,0x2d7b,0x2d7b,0x2d7b,0x2d7b,0x2d7b,0x2d7b,0x2d7b,0x2d7b,0x2d7b,0x2d7b,0x2d7b,0x2d7b,0x2d7b,0x2d7b,
	0x2d7b,0x2d7b,0x2d7b,0x2d7b,0x2d7b,0x2d7b,0x2d7b,0x2d7b,0x2d7b,0x2d7b,0x2d7b,0x2d7b,0x2d7b,0x2d7b,0x2d7b,0x2d7b,
	0x2d7b,0x2d7b,0x2d7b,0x2d7b,0x2d7b,0x2d7b,0x2d7b,0x2d7b,0x2d7b,0x2d7b,0x2d7b,0x2d7b,0x2d7b,0x2d7b,0x2d7b,0x2d7b,
	0x2d7b,0x2d7b,0x317b,0x2d7b,0x2d7b,0x2d7b,0x317b,0x2d9a,0x2999,0x04b0,0x04b0,0x25b8,0x29b8,0x08ae,0x0ccb,0x73df,
	0x7bff,0x7fff,0x7fff,0x7fff,0x7fff,0x7fff,0x7fff,0x7fff,0x7fff,0x7fff,0x7fff,0x7fff,0x7fff,0x7fff,0x7fff,0x7fff,
	0x7fff,0x7fff,0x7fff,0x7fff,0x7fff,0x7fff,0x7fff,0x7fff,0x7fff,0x7fff,0x7fff,0x7fff,0x7fff,0x7fff,0x7fff,0x7fff,
	0x7fff,0x7fff,0x7fff,0x7fff,0x7fff,0x7fff,0x7fff,0x7fff,0x7fff,0x7fff,0x7fff,0x7fff,0x7fff,0x7fff,0x7fff,0x7fff,
	0x7fff,0x7fff,0x7fff,0x7fff,0x7fff,0x7fff,0x7fff,0x7fff,0x7fff,0x7fff,0x7fff,0x7bff,0x73df,0x10cb,0x08ae,0x29b8,
	0x29b8,0x04af,0x04af,0x2db8,0x2d7a,0x2d7b,0x317b,0x317b,0x317b,0x317b,0x2d7b,0x2d7b,0x2d7b,0x2d7b,0x2d7b,0x2d7b,
	0x2d7b,0x2d7b,0x2d7b,0x2d7b,0x2d7b,0x2d7b,0x2d7b,0x2d7b,0x2d7b,0x2d7b,0x2d7b,0x2d7b,0x2d7b,0x2d7b,0x2d7b,0x2d7b,
	0x2d7b,0x2d7b,0x317b,0x2d7b,0x2d7b,0x299a,0x00af,0x00af,0x2d9a,0x2d9a,0x04af,0x08cc,0x73ff,0x7fff,0x7fff,0x7fff,
	0x7fff,0x7fff,0x7fff,0x7fff,0x7fff,0x7fff,0x7fff,0x7fff,0x7fff,0x7fff,0x7fff,0x7fff,0x7fff,0x7fff,0x7fff,0x7fff,
	0x7fff,0x7fff,0x7fff,0x7fff,0x7fff,0x7fff,0x7fff,0x7fff,0x7fff,0x7fff,0x7fff,0x7fff,0x7fff,0x7fff,0x7fff,0x7fff,
	0x7fff,0x7fff,0x7fff,0x7fff,0x7fff,0x7fff,0x7fff,0x7fff,0x7fff,0x7fff,0x7fff,0x7fff,0x7fff,0x7fff,0x7fff,0x7fff,
	0x7fff,0x7fff,0x7fff,0x7fff,0x7fff,0x7fff,0x7fff,0x7fff,0x7fff,0x77ff,0x08cc,0x04af,0x2d9a,0x2d9a,0x00af,0x00af,
	0x299a,0x2d7b,0x2d7b,0x2d7b,0x2d7b,0x2d7b,0x2d7b,0x2d7b,0x2d7b,0x2d7b,0x2d7b,0x2d7b,0x2d7b,0x2d7b,0x2d7b,0x2d7b,
	0x2d7b,0x2d7b,0x2d7b,0x2d7b,0x2d7b,0x2d7b,0x2d7b,0x2d7b,0x2d7b,0x2d7b,0x2d7b,0x2d7b,0x2d7b,0x2d7b,0x2d7b,0x2d7b,
	0x2d7b,0x2d7b,0x2d7b,0x2d7b,0x2d7b,0x2d7b,0x2d7b,0x2d7b,0x2d7b,0x2d7b,0x2d7b,0x2d7b,0x2d7b,0x2d7b,0x2d7b,0x2d7b,
	0x2d7b,0x2d7b,0x317b,0x2d7b,0x2d7b,0x2d7b,0x317b,0x2d9a,0x2999,0x04b0,0x04b0,0x25b8,0x29b8,0x08ae,0x0ccb,0x73df,
	0x7bff,0x7fff,0x7fff,0x7fff,0x7fff,0x7fff,0x7fff,0x7fff,0x7fff,0x7fff,0x7fff,0x7fff,0x7fff,0x7fff,0x7fff,0x7fff,
	0x7fff,0x7fff,0x7fff,0x7fff,0x7fff,0x7fff,0x7fff,0x7fff,0x7fff,0x7fff,0x7fff,0x7fff,0x7fff,0x7fff,0x7fff,0x7fff,
	0x7fff,0x7fff,0x7fff,0x7fff,0x7fff,0x7fff,0x7fff,0x7fff,0x7fff,0x7fff,0x7fff,0x7fff,0x7fff,0x7fff,0x7fff,0x7fff,
	0x7fff,0x7fff,0x7fff,0x7fff,0x7fff,0x7fff,0x7fff,0x7fff,0x7fff,0x7fff,0x7fff,0x7bff,0x73df,0x10cb,0x08ae,0x29b8,
	0x29b8,0x04af,0x04af,0x2db8,0x2d7a,0x2d7b,0x317b,0x317b,0x317b,0x317b,0x2d7b,0x2d7b,0x2d7b,0x2d7b,0x2d7b,0x2d7b,
	0x2d7b,0x2d7b,0x2d7b,0x2d7b,0x2d7b,0x2d7b,0x2d7b,0x2d7b,0x2d7b,0x2d7b,0x2d7b,0x2d7b,0x2d7b,0x2d7b,0x2d7b,0x2d7b,
	0x2d7b,0x2d7b,0x317b,0x2d7b,0x2d7b,0x299a,0x00af,0x00af,0x2d9a,0x2d9a,0x04af,0x08cc,0x73ff,0x7fff,0x7fff,0x7fff,
	0x7fff,0x7fff,0x7fff,0x7fff,0x7fff,0x7fff,0x7fff,0x7fff,0x7fff,0x7fff,0x7fff,0x7fff,0x7fff,0x7fff,0x7fff,0x7fff,
	0x7fff,0x7fff,0x7fff,0x7fff,0x7fff,0x7fff,0x7fff,0x7fff,0x7fff,0x7fff,0x7fff,0x7fff,0x7fff,0x7fff,0x7fff,0x7fff,
	0x7fff,0x7fff,0x7fff,0x7fff,0x7fff,0x7fff,0x7fff,0x7fff,0x7fff,0x7fff,0x7fff,0x7fff,0x7fff,0x7fff,0x7fff,0x7fff,
	0x7fff,0x7fff,0x7fff,0x7fff,0x7fff,0x7fff,0x7fff,0x7fff,0x7fff,0x77ff,0x08cc,0x04af,0x2d9a,0x2d9a,0x00af,0x00af,
	0x299a,0x2d7b,0x2d7b,0x2d7b,0x2d7b,0x2d7b,0x2d7b,0x2d7b,0x2d7b,0x2d7b,0x2d7b,0x2d7b,0x2d7b,0x2d7b,0x2d7b,0x2d7b,
	0x2d7b,0x2d7b,0x2d7b,0x2d7b,0x2d7b,0x2d7b,0x2d7b,0x2d7b,0x2d7b,0x2d7b,0x2d7b,0x2d7b,0x2d7b,0x2d7b,0x2d7b,0x2d7b,
	0x2d7b,0x2d7b,0x2d7b,0x2d7b,0x2d7b,0x2d7b,0x2d7b,0x2d7b,0x2d7b,0x2d7b,0x2d7b,0x2d7b,0x2d7b,0x2d7b,0x2d7b,0x2d7b,
	0x2d7b,0x2d7b,0x317b,0x2d7b,0x2d7b,0x2d7b,0x317b,0x2d9a,0x2999,0x04b0,0x04b0,0x25b8,0x29b8,0x08ae,0x0ccb,0x73df,
	0x7bff,0x7fff,0x7fff,0x7fff,0x7fff,0x7fff,0x7fff,0x7fff,0x7fff,0x7fff,0x7fff,0x7fff,0x7fff,0x7fff,0x7fff,0x7fff,
	0x7fff,0x7fff,0x7fff,0x7fff,0x7fff,0x7fff,0x7fff,0x7fff,0x7fff,0x7fff,0x7fff,0x7fff,0x7fff,0x7fff,0x7fff,0x7fff,
	0x7fff,0x7fff,0x7fff,0x7fff,0x7fff,0x7fff,0x7fff,0x7fff,0x7fff,0x7fff,0x7fff,0x7fff,0x7fff,0x7fff,0x7fff,0x7fff,
	0x7fff,0x7fff,0x7fff,0x7fff,0x7fff,0x7fff,0x7fff,0x7fff,0x7fff,0x7fff,0x7fff,0x7bff,0x73df,0x10cb,0x08ae,0x29b8,
	0x29b8,0x04af,0x04af,0x2db8,0x2d7a,0x2d7b,0x317b,0x317b,0x317b,0x317b,0x2d7b,0x2d7b,0x2d7b,0x2d7b,0x2d7b,0x2d7b,
	0x2d7b,0x2d7b,0x2d7b,0x2d7b,0x2d7b,0x2d7b,0x2d7b,0x2d7b,0x2d7b,0x2d7b,0x2d7b,0x2d7b,0x2d7b,0x2d7b,0x2d7b,0x2d7b,
	0x2d7b,0x2d7b,0x317b,0x2d7b,0x2d7b,0x299a,0x00af,0x00af,0x2d9a,0x2d9a,0x04af,0x08cc,0x73ff,0x7fff,0x7fff,0x7fff,
	0x7fff,0x7fff,0x7fff,0x7fff,0x7fff,0x7fff,0x7fff,0x7fff,0x7fff,0x7fff,0x7fff,0x7fff,0x7fff,0x7fff,0x7fff,0x7fff,
	0x7fff,0x7fff,0x7fff,0x7fff,0x7fff,0x7fff,0x7fff,0x7fff,0x7fff,0x7fff,0x7fff,0x7fff,0x7fff,0x7fff,0x7fff,0x7fff,
	0x7fff,0x7fff,0x7fff,0x7fff,0x7fff,0x7fff,0x7fff,0x7fff,0x7fff,0x7fff,0x7fff,0x7fff,0x7fff,0x7fff,0x7fff,0x7fff,
	0x7fff,0x7fff,0x7fff,0x7fff,0x7fff,0x7fff,0x7fff,0x7fff,0x7fff,0x77ff,0x08cc,0x04af,0x2d9a,0x2d9a,0x00af,0x00af,
	0x299a,0x2d7b,0x2d7b,0x2d7b,0x2d7b,0x2d7b,0x2d7b,0x2d7b,0x2d7b,0x2d7b,0x2d7b,0x2d7b,0x2d7b,0x2d7b,0x2d7b,0x2d7b,
	0x2d7b,0x2d7b,0x2d7b,0x2d7b,0x2d7b,0x2d7b,0x2d7b,0x2d7b,0x2d7b,0x2d7b,0x2d7b,0x2d7b,0x2d7b,0x2d7b,0x2d7b,0x2d7b,
	0x2d7b,0x2d7b,0x2d7b,0x2d7b,0x2d7b,0x2d7b,0x2d7b,0x2d7b,0x2d7b,0x2d7b,0x2d7b,0x2d7b,0x2d7b,0x2d7b,0x2d7b,0x2d7b,
	0x2d7b,0x2d7b,0x317b,0x2d7b,0x2d7b,0x2d7b,0x317b,0x2d9a,0x2999,0x04b0,0x04b0,0x25b8,0x29b8,0x08ae,0x0ccb,0x73df,
	0x7bff,0x7fff,0x7fff,0x7fff,0x7fff,0x7fff,0x7fff,0x7fff,0x7fff,0x7fff,0x7fff,0x7fff,0x7fff,0x7fff,0x7fff,0x7fff,
	0x7fff,0x7fff,0x7fff,0x7fff,0x7fff,0x7fff,0x7fff,0x7fff,0x7fff,0x7fff,0x7fff,0x7fff,0x7fff,0x7fff,0x7fff,0x7fff,
	0x7fff,0x7fff,0x7fff,0x7fff,0x7fff,0x7fff,0x7fff,0x7fff,0x7fff,0x7fff,0x7fff,0x7fff,0x7fff,0x7fff,0x7fff,0x7fff,
	0x7fff,0x7fff,0x7fff,0x7fff,0x7fff,0x7fff,0x7fff,0x7fff,0x7fff,0x7fff,0x7fff,0x7bff,0x73df,0x10cb,0x08ae,0x29b8,
	0x29b8,0x04af,0x04af,0x2db8,0x2d7a,0x2d7b,0x317b,0x317b,0x317b,0x317b,0x2d7b,0x2d7b,0x2d7b,0x2d7b,0x2d7b,0x2d7b,
	0x2d7b,0x2d7b,0x2d7b,0x2d7b,0x2d7b,0x2d7b,0x2d7b,0x2d7b,0x2d7b,0x2d7b,0x2d7b,0x2d7b,0x2d7b,0x2d7b,0x2d7b,0x2d7b,
	0x2d7b,0x2d7b,0x317b,0x2d7b,0x2d7b,0x299a,0x00af,0x00af,0x2d9a,0x2d9a,0x04af,0x08cc,0x73ff,0x7fff,0x7fff,0x7fff,
	0x7fff,0x7fff,0x7fff,0x7fff,0x7fff,0x7fff,0x7fff,0x7fff,0x7fff,0x7fff,0x7fff,0x7fff,0x7fff,0x7fff,0x7fff,0x7fff,
	0x7fff,0x7fff,0x7fff,0x7fff,0x7fff,0x7fff,0x7fff,0x7fff,0x7fff,0x7fff,0x7fff,0x7fff,0x7fff,0x7fff,0x7fff,0x7fff,
	0x7fff,0x7fff,0x7fff,0x7fff,0x7fff,0x7fff,0x7fff,0x7fff,0x7fff,0x7fff,0x7fff,0x7fff,0x7fff,0x7fff,0x7fff,0x7fff,
	0x7fff,0x7fff,0x7fff,0x7fff,0x7fff,0x7fff,0x7fff,0x7fff,0x7fff,0x77ff,0x08cc,0x04af,0x2d9a,0x2d9a,0x00af,0x00af,
	0x299a,0x2d7b,0x2d7b,0x2d7b,0x2d7b,0x2d7b,0x2d7b,0x2d7b,0x2d7b,0x2d7b,0x2d7b,0x2d7b,0x2d7b,0x2d7b,0x2d7b,0x2d7b,
	0x2d7b,0x2d7b,0x2d7b,0x2d7b,0x2d7b,0x2d7b,0x2d7b,0x2d7b,0x2d7b,0x2d7b,0x2d7b,0x2d7b,0x2d7b,0x2d7b,0x2d7b,0x2d7b,
	0x2d7b,0x2d7b,0x2d7b,0x2d7b,0x2d7b,0x2d7b,0x2d7b,0x2d7b,0x2d7b,0x2d7b,0x2d7b,0x2d7b,0x2d7b,0x2d7b,0x2d7b,0x2d7b,
	0x2d7b,0x2d7b,0x317b,0x2d7b,0x2d7b,0x2d7b,0x317b,0x2d9a,0x2999,0x04b0,0x04b0,0x25b8,0x29b8,0x08ae,0x0ccb,0x73df,
	0x7bff,0x7fff,0x7fff,0x7fff,0x7fff,0x7fff,0x7fff,0x7fff,0x7fff,0x7fff,0x7fff,0x7fff,0x7fff,0x7fff,0x7fff,0x7fff,
	0x7fff,0x7fff,0x7fff,0x7fff,0x7fff,0x7fff,0x7fff,0x7fff,0x7fff,0x7fff,0x7fff,0x7fff,0x7fff,0x7fff,0x7fff,0x7fff,
	0x7fff,0x7fff,0x7fff,0x7fff,0x7fff,0x7fff,0x7fff,0x7fff,0x7fff,0x7fff,0x7fff,0x7fff,0x7fff,0x7fff,0x7fff,0x7fff,
	0x7fff,0x7fff,0x7fff,0x7fff,0x7fff,0x7fff,0x7fff,0x7fff,0x7fff,0x7fff,0x7fff,0x7bff,0x73df,0x10cb,0x08ae,0x29b8,
	0x29b8,0x04af,0x04af,0x2db8,0x2d7a,0x2d7b,0x317b,0x317b,0x317b,0x317b,0x2d7b,0x2d7b,0x2d7b,0x2d7b,0x2d7b,0x2d7b,
	0x2d7b,0x2d7b,0x2d7b,0x2d7b,0x2d7b,0x2d7b,0x2d7b,0x2d7b,0x2d7b,0x2d7b,0x2d7b,0x2d7b,0x2d7b,0x2d7b,0x2d7b,0x2d7b,
	0x2d7b,0x2d7b,0x317b,0x2d7b,0x2d7b,0x299a,0x00af,0x00af,0x2d9a,0x2d9a,0x04af,0x08cc,0x73ff,0x7fff,0x7fff,0x7fff,
	0x7fff,0x7fff,0x7fff,0x7fff,0x7fff,0x7fff,0x7fff,0x7fff,0x7fff,0x7fff,0x7fff,0x7fff,0x7fff,0x7fff,0x7fff,0x7fff,
	0x7fff,0x7fff,0x7fff,0x7fff,0x7fff,0x7fff,0x7fff,0x7fff,0x7fff,0x7fff,0x7fff,0x7fff,0x7fff,0x7fff,0x7fff,0x7fff,
	0x7fff,0x7fff,0x7fff,0x7fff,0x7fff,0x7fff,0x7fff,0x7fff,0x7fff,0x7fff,0x7fff,0x7fff,0x7fff,0x7fff,0x7fff,0x7fff,
	0x7fff,0x7fff,0x7fff,0x7fff,0x7fff,0x7fff,0x7fff,0x7fff,0x7fff,0x77ff,0x08cc,0x04af,0x2d9a,0x2d9a,0x00af,0x00af,
	0x299a,0x2d7b,0x2d7b,0x2d7b,0x2d7b,0x2d7b,0x2d7b,0x2d7b,0x2d7b,0x2d7b,0x2d7b,0x2d7b,0x2d7b,0x2d7b,0x2d7b,0x2d7b,
	0x2d7b,0x2d7b,0x2d7b,0x2d7b,0x2d7b,0x2d7b,0x2d7b,0x2d7b,0x2d7b,0x2d7b,0x2d7b,0x2d7b,0x2d7b,0x2d7b,0x2d7b,0x2d7b,
	0x2d7b,0x2d7b,0x2d7b,0x2d7b,0x2d7b,0x2d7b,0x2d7b,0x2d7b,0x2d7b,0x2d7b,0x2d7b,0x2d7b,0x2d7b,0x2d7b,0x2d7b,0x2d7b,
	0x2d7b,0x2d7b,0x317b,0x2d7b,0x2d7b,0x2d7b,0x317b,0x2d9a,0x2999,0x04b0,0x04b0,0x25b8,0x29b8,0x08ae,0x0ccb,0x73df,
	0x7bff,0x7fff,0x7fff,0x7fff,0x7fff,0x7fff,0x7fff,0x7fff,0x7fff,0x7fff,0x7fff,0x7fff,0x7fff,0x7fff,0x7fff,0x7fff,
	0x7fff,0x7fff,0x7fff,0x7fff,0x7fff,0x7fff,0x7fff,0x7fff,0x7fff,0x7fff,0x7fff,0x7fff,0x7fff,0x7fff,0x7fff,0x7fff,
	0x7fff,0x7fff,0x7fff,0x7fff,0x7fff,0x7fff,0x7fff,0x7fff,0x7fff,0x7fff,0x7fff,0x7fff,0x7fff,0x7fff,0x7fff,0x7fff,
	0x7fff,0x7fff,0x7fff,0x7fff,0x7fff,0x7fff,0x7fff,0x7fff,0x7fff,0x7fff,0x7fff,0x7bff,0x73df,0x10cb,0x08ae,0x29b8,
	0x29b8,0x04af,0x04af,0x2db8,0x2d7a,0x2d7b,0x317b,0x317b,0x317b,0x317b,0x2d7b,0x2d7b,0x2d7b,0x2d7b,0x2d7b,0x2d7b,
	0x2d7b,0x2d7b,0x2d7b,0x2d7b,0x2d7b,0x2d7b,0x2d7b,0x2d7b,0x2d7b,0x2d7b,0x2d7b,0x2d7b,0x2d7b,0x2d7b,0x2d7b,0x2d7b,
	0x2d7b,0x2d7b,0x317b,0x2d7b,0x2d7b,0x299a,0x00af,0x00af,0x2d9a,0x2d9a,0x04af,0x08cc,0x73ff,0x7fff,0x7fff,0x7fff,
	0x7fff,0x7fff,0x7fff,0x7fff,0x7fff,0x7fff,0x7fff,0x7fff,0x7fff,0x7fff,0x7fff,0x7fff,0x7fff,0x7fff,0x7fff,0x7fff,
	0x7fff,0x7fff,0x7fff,0x7fff,0x7fff,0x7fff,0x7fff,0x7fff,0x7fff,0x7fff,0x7fff,0x7fff,0x7fff,0x7fff,0x7fff,0x7fff,
	0x7fff,0x7fff,0x7fff,0x7fff,0x7fff,0x7fff,0x7fff,0x7fff,0x7fff,0x7fff,0x7fff,0x7fff,0x7fff,0x7fff,0x7fff,0x7fff,
	0x7fff,0x7fff,0x7fff,0x7fff,0x7fff,0x7fff,0x7fff,0x7fff,0x7fff,0x77ff,0x08cc,0x04af,0x2d9a,0x2d9a,0x00af,0x00af,
	0x299a,0x2d7b,0x2d7b,0x2d7b,0x2d7b,0x2d7b,0x2d7b,0x2d7b,0x2d7b,0x2d7b,0x2d7b,0x2d7b,0x2d7b,0x2d7b,0x2d7b,0x2d7b,
	0x2d7b,0x2d7b,0x2d7b,0x2d7b,0x2d7b,0x2d7b,0x2d7b,0x2d7b,0x2d7b,0x2d7b,0x2d7b,0x2d7b,0x2d7b,0x2d7b,0x2d7b,0x2d7b,
	0x2d7b,0x2d7b,0x2d7b,0x2d7b,0x2d7b,0x2d7b,0x2d7b,0x2d7b,0x2d7b,0x2d7b,0x2d7b,0x2d7b,0x2d7b,0x2d7b,0x2d7b,0x2d7b,
	0x2d7b,0x2d7b,0x317b,0x2d7b,0x2d7b,0x2d7b,0x317b,0x2d9a,0x2999,0x04b0,0x04b0,0x25b8,0x29b8,0x08ae,0x0ccb,0x73df,
	0x7bff,0x7fff,0x7fff,0x7fff,0x7fff,0x7fff,0x7fff,0x7fff,0x7fff,0x7fff,0x7fff,0x7fff,0x7fff,0x7fff,0x7fff,0x7fff,
	0x7fff,0x7fff,0x7fff,0x7fff,0x7fff,0x7fff,0x7fff,0x7fff,0x7fff,0x7fff,0x7fff,0x7fff,0x7fff,0x7fff,0x7fff,0x7fff,
	0x7fff,0x7fff,0x7fff,0x7fff,0x7fff,0x7fff,0x7fff,0x7fff,0x7fff,0x7fff,0x7fff,0x7fff,0x7fff,0x7fff,0x7fff,0x7fff,
	0x7fff,0x7fff,0x7fff,0x7fff,0x7fff,0x7fff,0x7fff,0x7fff,0x7fff,0x7fff,0x7fff,0x7bff,0x73df,0x10cb,0x08ae,0x29b8,
	0x29b8,0x04af,0x04af,0x2db8,0x2d7a,0x2d7b,0x317b,0x317b,0x317b,0x317b,0x2d7b,0x2d7b,0x2d7b,0x2d7b,0x2d7b,0x2d7b,
	0x2d7b,0x2d7b,0x2d7b,0x2d7b,0x2d7b,0x2d7b,0x2d7b,0x2d7b,0x2d7b,0x2d7b,0x2d7b,0x2d7b,0x2d7b,0x2d7b,0x2d7b,0x2d7b,
	0x2d7b,0x2d7b,0x317b,0x2d7b,0x2d7b,0x299a,0x00af,0x00af,0x2d9a,0x2d9a,0x04af,0x08cc,0x73ff,0x7fff,0x7fff,0x7fff,
	0x7fff,0x7fff,0x7fff,0x7fff,0x7fff,0x7fff,0x7fff,0x7fff,0x7fff,0x7fff,0x7fff,0x7fff,0x7fff,0x7fff,0x7fff,0x7fff,
	0x7fff,0x7fff,0x7fff,0x7fff,0x7fff,0x7fff,0x7fff,0x7fff,0x7fff,0x7fff,0x7fff,0x7fff,0x7fff,0x7fff,0x7fff,0x7fff,
	0x7fff,0x7fff,0x7fff,0x7fff,0x7fff,0x7fff,0x7fff,0x7fff,0x7fff,0x7fff,0x7fff,0x7fff,0x7fff,0x7fff,0x7fff,0x7fff,
	0x7fff,0x7fff,0x7fff,0x7fff,0x7fff,0x7fff,0x7fff,0x7fff,0x7fff,0x77ff,0x08cc,0x04af,0x2d9a,0x2d9a,0x00af,0x00af,
	0x299a,0x2d7b,0x2d7b,0x2d7b,0x2d7b,0x2d7b,0x2d7b,0x2d7b,0x2d7b,0x2d7b,0x2d7b,0x2d7b,0x2d7b,0x2d7b,0x2d7b,0x2d7b,
	0x2d7b,0x2d7b,0x2d7b,0x2d7b,0x2d7b,0x2d7b,0x2d7b,0x2d7b,0x2d7b,0x2d7b,0x2d7b,0x2d7b,0x2d7b,0x2d7b,0x2d7b,0x2d7b,
	0x2d7b,0x2d7b,0x2d7b,0x2d7b,0x2d7b,0x2d7b,0x2d7b,0x2d7b,0x2d7b,0x2d7b,0x2d7b,0x2d7b,0x2d7b,0x2d7b,0x2d7b,0x2d7b,
	0x2d7b,0x2d7b,0x317b,0x317b,0x2d7b,0x2d7b,0x317b,0x2d9a,0x2999,0x04b0,0x04b0,0x25b8,0x29b8,0x08ae,0x0ccb,0x73df,
	0x7bff,0x7fff,0x7fff,0x7fff,0x7fff,0x7fff,0x7fff,0x7fff,0x7fff,0x7fff,0x7fff,0x7fff,0x7fff,0x7fff,0x7fff,0x7fff,
	0x7fff,0x7fff,0x7fff,0x7fff,0x7fff,0x7fff,0x7fff,0x7fff,0x7fff,0x7fff,0x7fff,0x7fff,0x7fff,0x7fff,0x7fff,0x7fff,
	0x7fff,0x7fff,0x7fff,0x7fff,0x7fff,0x7fff,0x7fff,0x7fff,0x7fff,0x7fff,0x7fff,0x7fff,0x7fff,0x7fff,0x7fff,0x7fff,
	0x7fff,0x7fff,0x7fff,0x7fff,0x7fff,0x7fff,0x7fff,0x7fff,0x7fff,0x7fff,0x7fff,0x7bff,0x73df,0x10cb,0x08ae,0x29b8,
	0x29b8,0x04af,0x04af,0x2db9,0x2d9a,0x2d7b,0x317b,0x317b,0x317b,0x317b,0x2d7b,0x2d7b,0x2d7b,0x2d7b,0x2d7b,0x2d7b,
	0x2d7b,0x2d7b,0x2d7b,0x2d7b,0x2d7b,0x2d7b,0x2d7b,0x2d7b,0x2d7b,0x2d7b,0x2d7b,0x2d7b,0x2d7b,0x2d7b,0x2d7b,0x2d7b,
	0x2d7b,0x2d7b,0x317b,0x2d7b,0x2d7b,0x2d9a,0x04af,0x00af,0x299a,0x2d9a,0x04af,0x08cc,0x73ff,0x7fff,0x7fff,0x7fff,
	0x7fff,0x7fff,0x7fff,0x7fff,0x7fff,0x7fff,0x7fff,0x7fff,0x7fff,0x7fff,0x7fff,0x7fff,0x7fff,0x7fff,0x7fff,0x7fff,
	0x7fff,0x7fff,0x7fff,0x7fff,0x7fff,0x7fff,0x7fff,0x7fff,0x7fff,0x7fff,0x7fff,0x7fff,0x7fff,0x7fff,0x7fff,0x7fff,
	0x7fff,0x7fff,0x7fff,0x7fff,0x7fff,0x7fff,0x7fff,0x7fff,0x7fff,0x7fff,0x7fff,0x7fff,0x7fff,0x7fff,0x7fff,0x7fff,
	0x7fff,0x7fff,0x7fff,0x7fff,0x7fff,0x7fff,0x7fff,0x7fff,0x7fff,0x77ff,0x08cc,0x04af,0x2d9a,0x2d9a,0x00af,0x00af,
	0x299a,0x2d7b,0x2d7b,0x2d7b,0x2d7b,0x2d7b,0x2d7b,0x2d7b,0x2d7b,0x2d7b,0x2d7b,0x2d7b,0x2d7b,0x2d7b,0x2d7b,0x2d7b,
	0x2d7b,0x2d7b,0x2d7b,0x2d7b,0x2d7b,0x2d7b,0x2d7b,0x2d7b,0x2d7b,0x2d7b,0x2d7b,0x2d7b,0x2d7b,0x2d7b,0x2d7b,0x2d7b,
	0x2d7b,0x2d7b,0x2d7b,0x2d7b,0x2d7b,0x2d7b,0x2d7b,0x2d7b,0x2d7b,0x2d7b,0x2d7b,0x2d7b,0x2d7b,0x2d7b,0x2d7b,0x2d7b,
	0x2d7b,0x2d7b,0x317b,0x317b,0x317c,0x317c,0x317b,0x2d9a,0x29b9,0x048f,0x0490,0x29b9,0x2598,0x08af,0x0ccc,0x73df,
	0x7fff,0x7fff,0x7fff,0x7fff,0x7fff,0x7fff,0x7fff,0x7fff,0x7fff,0x7fff,0x7fff,0x7fff,0x7fff,0x7fff,0x7fff,0x7fff,
	0x7fff,0x7fff,0x7fff,0x7fff,0x7fff,0x7fff,0x7fff,0x7fff,0x7fff,0x7fff,0x7fff,0x7fff,0x7fff,0x7fff,0x7fff,0x7fff,
	0x7fff,0x7fff,0x7fff,0x7fff,0x7fff,0x7fff,0x7fff,0x7fff,0x7fff,0x7fff,0x7fff,0x7fff,0x7fff,0x7fff,0x7fff,0x7fff,
	0x7fff,0x7fff,0x7fff,0x7fff,0x7fff,0x7fff,0x7fff,0x7fff,0x7fff,0x7fff,0x7fff,0x7bff,0x73df,0x0ccb,0x0cae,0x29b8,
	0x25b7,0x08b0,0x048f,0x29b9,0x2d9a,0x2d7b,0x319b,0x2d7a,0x317b,0x317b,0x2d7b,0x2d7b,0x2d7b,0x2d7b,0x2d7c,0x2d7c,
	0x2d7b,0x2d7b,0x2d7b,0x2d7b,0x2d7b,0x2d7b,0x2d7b,0x2d7b,0x2d7b,0x2d7b,0x2d7b,0x2d7b,0x2d7b,0x2d7b,0x2d7b,0x2d7b,
	0x317b,0x2d7b,0x2d7b,0x2d7b,0x317c,0x2d7a,0x04af,0x00ae,0x299a,0x299a,0x008e,0x0cec,0x73df,0x7fff,0x7fff,0x7ffe,
	0x7fff,0x7fff,0x7fff,0x7fff,0x7fff,0x7fff,0x7fff,0x7fff,0x7fff,0x7fff,0x7fff,0x7fff,0x7fff,0x7fff,0x7fff,0x7fff,
	0x7fff,0x7fff,0x7fff,0x7fff,0x7fff,0x7fff,0x7fff,0x7fff,0x7fff,0x7fff,0x7fff,0x7fff,0x7fff,0x7fff,0x7fff,0x7fff,
	0x7fff,0x7fff,0x7fff,0x7fff,0x7fff,0x7fff,0x7fff,0x7fff,0x7fff,0x7fff,0x7fff,0x7fff,0x7fff,0x7fff,0x7fff,0x7fff,
	0x7fff,0x7fff,0x7fff,0x7fff,0x7fff,0x7fff,0x7fff,0x7fff,0x7fff,0x73df,0x08cc,0x08d0,0x2979,0x299a,0x00af,0x00af,
	0x299a,0x2d7b,0x2d7b,0x2d7b,0x2d7b,0x2d7b,0x2d7b,0x2d7b,0x2d7b,0x2d7b,0x2d7b,0x2d7b,0x2d7b,0x2d7b,0x2d7b,0x2d7b,
	0x2d7b,0x2d7b,0x2d7b,0x2d7b,0x2d7b,0x2d7b,0x2d7b,0x2d7b,0x2d7b,0x2d7b,0x2d7b,0x2d7b,0x2d7b,0x2d7b,0x2d7b,0x2d7b,
	0x2d7b,0x2d7b,0x2d7b,0x2d7b,0x2d7b,0x2d7b,0x2d7b,0x2d7b,0x2d7b,0x2d7b,0x2d7b,0x2d7b,0x2d7b,0x2d7b,0x2d7b,0x2d7b,
	0x2d7b,0x2d7b,0x317b,0x317c,0x317c,0x317c,0x2d7b,0x2d9a,0x29b9,0x04b0,0x04b0,0x29b8,0x2db9,0x08ae,0x08cb,0x6fdf,
	0x7fff,0x7fff,0x7fff,0x7fff,0x7fff,0x7fff,0x7fff,0x7fff,0x7fff,0x7fff,0x7fff,0x7fff,0x7fff,0x7fff,0x7fff,0x7fff,
	0x7fff,0x7fff,0x7fff,0x7fff,0x7fff,0x7fff,0x7fff,0x7fff,0x7fff,0x7fff,0x7fff,0x7fff,0x7fff,0x7fff,0x7fff,0x7fff,
	0x7fff,0x7fff,0x7fff,0x7fff,0x7fff,0x7fff,0x7fff,0x7fff,0x7fff,0x7fff,0x7fff,0x7fff,0x7fff,0x7fff,0x7fff,0x7fff,
	0x7fff,0x7fff,0x7fff,0x7fff,0x7fff,0x7fff,0x7fff,0x7fff,0x7fff,0x7fff,0x7fff,0x7bff,0x6fdf,0x10ec,0x08ae,0x29b8,
	0x29d8,0x08b0,0x048f,0x2db9,0x2d9a,0x2d7a,0x317b,0x319b,0x317b,0x317b,0x2d7b,0x2d7b,0x2d7b,0x2d7b,0x2d7c,0x2d7c,
	0x2d7b,0x2d7b,0x2d7b,0x2d7b,0x2d7b,0x2d7b,0x2d7b,0x2d7b,0x2d7b,0x2d7b,0x2d7b,0x2d7b,0x2d7b,0x2d7b,0x2d7b,0x2d7b,
	0x317b,0x317b,0x2d7b,0x2d7b,0x317c,0x2d7a,0x04af,0x00af,0x299a,0x2d9b,0x04af,0x08cb,0x73df,0x7bdf,0x7ffe,0x7fff,
	0x7fff,0x7fff,0x7fff,0x7fff,0x7fff,0x7fff,0x7fff,0x7fff,0x7fff,0x7fff,0x7fff,0x7fff,0x7fff,0x7fff,0x7fff,0x7fff,
	0x7fff,0x7fff,0x7fff,0x7fff,0x7fff,0x7fff,0x7fff,0x7fff,0x7fff,0x7fff,0x7fff,0x7fff,0x7fff,0x7fff,0x7fff,0x7fff,
	0x7fff,0x7fff,0x7fff,0x7fff,0x7fff,0x7fff,0x7fff,0x7fff,0x7fff,0x7fff,0x7fff,0x7fff,0x7fff,0x7fff,0x7fff,0x7fff,
	0x7fff,0x7fff,0x7fff,0x7fff,0x7fff,0x7fff,0x7fff,0x7fff,0x7fff,0x77ff,0x04ac,0x048f,0x31bb,0x299a,0x00af,0x00af,
	0x299a,0x2d7b,0x2d7b,0x2d7b,0x2d7b,0x2d7b,0x2d7b,0x2d7b,0x2d7b,0x2d7b,0x2d7b,0x2d7b,0x2d7b,0x2d7b,0x2d7b,0x2d7b,
	0x2d7b,0x2d7b,0x2d7b,0x2d7b,0x2d7b,0x2d7b,0x2d7b,0x2d7b,0x2d7b,0x2d7b,0x2d7b,0x2d7b,0x2d7b,0x2d7b,0x2d7b,0x2d7b,
	0x2d7b,0x2d7b,0x2d7b,0x2d7b,0x2d7b,0x2d7b,0x2d7b,0x2d7b,0x2d7b,0x2d7b,0x2d7b,0x2d7b,0x2d7b,0x2d7b,0x2d7b,0x2d7b,
	0x2d7b,0x2d7b,0x2d7b,0x317c,0x317c,0x317c,0x2d7b,0x2d9a,0x2598,0x04af,0x04b0,0x25b7,0x29b7,0x08ae,0x10ec,0x73ff,
	0x7bff,0x7fff,0x7fff,0x7fff,0x7fff,0x7fff,0x7fff,0x7fff,0x7fff,0x7fff,0x7fff,0x7fff,0x7fff,0x7fff,0x7fff,0x7fff,
	0x7fff,0x7fff,0x7fff,0x7fff,0x7fff,0x7fff,0x7fff,0x7fff,0x7fff,0x7fff,0x7fff,0x7fff,0x7fff,0x7fff,0x7fff,0x7fff,
	0x7fff,0x7fff,0x7fff,0x7fff,0x7fff,0x7fff,0x7fff,0x7fff,0x7fff,0x7fff,0x7fff,0x7fff,0x7fff,0x7fff,0x7fff,0x7fff,
	0x7fff,0x7fff,0x7fff,0x7fff,0x7fff,0x7fff,0x7fff,0x7fff,0x7fff,0x7fff,0x7bff,0x73df,0x6fdf,0x10ec,0x08ae,0x29b8,
	0x25b8,0x048f,0x048f,0x29b9,0x2d9b,0x2d7b,0x317b,0x2d7b,0x317b,0x317b,0x2d7b,0x2d7b,0x2d7b,0x2d7b,0x2d7b,0x2d7c,
	0x2d7b,0x2d7b,0x2d7b,0x2d7b,0x2d7b,0x2d7b,0x2d7b,0x2d7b,0x2d7b,0x2d7b,0x2d7b,0x2d7b,0x2d7b,0x2d7b,0x2d7b,0x2d7b,
	0x317b,0x2d7b,0x2d7b,0x2d7b,0x317c,0x2d7a,0x04af,0x00af,0x299a,0x299a,0x04af,0x08ac,0x77ff,0x7fff,0x7fff,0x7ffe,
	0x7fff,0x7fff,0x7fff,0x7fff,0x7fff,0x7fff,0x7fff,0x7fff,0x7fff,0x7fff,0x7fff,0x7fff,0x7fff,0x7fff,0x7fff,0x7fff,
	0x7fff,0x7fff,0x7fff,0x7fff,0x7fff,0x7fff,0x7fff,0x7fff,0x7fff,0x7fff,0x7fff,0x7fff,0x7fff,0x7fff,0x7fff,0x7fff,
	0x7fff,0x7fff,0x7fff,0x7fff,0x7fff,0x7fff,0x7fff,0x7fff,0x7fff,0x7fff,0x7fff,0x7fff,0x7fff,0x7fff,0x7fff,0x7fff,
	0x7fff,0x7fff,0x7fff,0x7fff,0x7fff,0x7fff,0x7fff,0x7fff,0x7bff,0x77df,0x08ac,0x08b0,0x2d9a,0x2d9a,0x00af,0x00af,
	0x299a,0x2d7b,0x2d7b,0x2d7b,0x2d7b,0x2d7b,0x2d7b,0x2d7b,0x2d7b,0x2d7b,0x2d7b,0x2d7b,0x2d7b,0x2d7b,0x2d7b,0x2d7b,
	0x2d7b,0x2d7b,0x2d7b,0x2d7b,0x2d7b,0x2d7b,0x2d7b,0x2d7b,0x2d7b,0x2d7b,0x2d7b,0x2d7b,0x2d7b,0x2d7b,0x2d7b,0x2d7b,
	0x2d7b,0x2d7b,0x2d7b,0x2d7b,0x2d7b,0x2d7b,0x2d7b,0x2d7b,0x2d7b,0x2d7b,0x2d7b,0x2d7b,0x2d7b,0x2d7b,0x2d7b,0x2d7b,
	0x2d7b,0x2d7b,0x2d7b,0x317c,0x317c,0x317b,0x2d7b,0x2d9a,0x2db9,0x08b0,0x008e,0x25b7,0x2dd8,0x08ad,0x08ca,0x73df,
	0x7bff,0x7fff,0x7fff,0x7fff,0x7fff,0x7fff,0x7fff,0x7fff,0x7fff,0x7fff,0x7fff,0x7fff,0x7fff,0x7fff,0x7fff,0x7fff,
	0x7fff,0x7fff,0x7fff,0x7fff,0x7fff,0x7fff,0x7fff,0x7fff,0x7fff,0x7fff,0x7fff,0x7fff,0x7fff,0x7fff,0x7fff,0x7fff,
	0x7fff,0x7fff,0x7fff,0x7fff,0x7fff,0x7fff,0x7fff,0x7fff,0x7fff,0x7fff,0x7fff,0x7fff,0x7fff,0x7fff,0x7fff,0x7fff,
	0x7fff,0x7fff,0x7fff,0x7fff,0x7fff,0x7fff,0x7fff,0x7fff,0x7fff,0x7fff,0x7bff,0x77ff,0x6fdf,0x08ab,0x08ae,0x29b8,
	0x29d9,0x04b0,0x0490,0x2999,0x297a,0x2d9c,0x2d7b,0x2d7b,0x317b,0x2d7b,0x2d7c,0x2d7b,0x2d7b,0x2d7b,0x2d7b,0x2d7b,
	0x2d7b,0x2d7b,0x2d7b,0x2d7b,0x2d7b,0x2d7b,0x2d7b,0x2d7b,0x2d7b,0x2d7b,0x2d7b,0x2d7b,0x2d7b,0x2d7b,0x2d7b,0x2d7b,
	0x317b,0x2d7b,0x2d7b,0x2d7c,0x317c,0x2d9a,0x04af,0x00af,0x299a,0x299a,0x04af,0x0ced,0x73df,0x7bff,0x7fff,0x7fff,
	0x7fff,0x7fff,0x7fff,0x7fff,0x7fff,0x7fff,0x7fff,0x7fff,0x7fff,0x7fff,0x7fff,0x7fff,0x7fff,0x7fff,0x7fff,0x7fff,
	0x7fff,0x7fff,0x7fff,0x7fff,0x7fff,0x7fff,0x7fff,0x7fff,0x7fff,0x7fff,0x7fff,0x7fff,0x7fff,0x7fff,0x7fff,0x7fff,
	0x7fff,0x7fff,0x7fff,0x7fff,0x7fff,0x7fff,0x7fff,0x7fff,0x7fff,0x7fff,0x7fff,0x7fff,0x7fff,0x7fff,0x7fff,0x7fff,
	0x7fff,0x7fff,0x7fff,0x7fff,0x7fff,0x7fff,0x7bff,0x7bff,0x7fff,0x77df,0x0ccd,0x04af,0x2d9a,0x2d9a,0x008f,0x04b0,
	0x299a,0x2d7b,0x2d7b,0x2d7b,0x2d7b,0x2d7b,0x2d7b,0x2d7b,0x2d7b,0x2d7b,0x2d7b,0x2d7b,0x2d7b,0x2d7b,0x2d7b,0x2d7b,
	0x2d7b,0x2d7b,0x2d7b,0x2d7b,0x2d7b,0x2d7b,0x2d7b,0x2d7b,0x2d7b,0x2d7b,0x2d7b,0x2d7b,0x2d7b,0x2d7b,0x2d7b,0x2d7b,
	0x2d7b,0x2d7b,0x2d7b,0x2d7b,0x2d7b,0x2d7b,0x2d7b,0x2d7b,0x2d7b,0x2d7b,0x2d7b,0x2d7b,0x2d7b,0x2d7b,0x2d7b,0x2d7b,
	0x2d7b,0x2d7b,0x2d7b,0x317c,0x317c,0x317b,0x2d7b,0x2d9a,0x2998,0x04af,0x04af,0x29d8,0x29b7,0x08ad,0x0ceb,0x6fdf,
	0x7bff,0x7fff,0x7fff,0x7fff,0x7fff,0x7fff,0x7fff,0x7fff,0x7fff,0x7fff,0x7fff,0x7fff,0x7fff,0x7fff,0x7fff,0x7fff,
	0x7fff,0x7fff,0x7fff,0x7fff,0x7fff,0x7fff,0x7fff,0x7fff,0x7fff,0x7fff,0x7fff,0x7fff,0x7fff,0x7fff,0x7fff,0x7fff,
	0x7fff,0x7fff,0x7fff,0x7fff,0x7fff,0x7fff,0x7fff,0x7fff,0x7fff,0x7fff,0x7fff,0x7fff,0x7fff,0x7fff,0x7fff,0x7fff,
	0x7fff,0x7fff,0x7fff,0x7fff,0x7fff,0x7fff,0x7fff,0x7fff,0x7fff,0x7fff,0x7bff,0x77ff,0x6fdf,0x10eb,0x10cf,0x29b7,
	0x25b7,0x048f,0x0490,0x2999,0x297a,0x2d7b,0x2d7b,0x317c,0x2d7b,0x2d7b,0x2d7c,0x2d7b,0x2d7b,0x2d7b,0x2d7b,0x2d7b,
	0x2d7b,0x2d7b,0x2d7b,0x2d7b,0x2d7b,0x2d7b,0x2d7b,0x2d7b,0x2d7b,0x2d7b,0x2d7b,0x2d7b,0x2d7b,0x2d7b,0x2d7b,0x2d7b,
	0x2d7b,0x2d7b,0x2d7c,0x2d7c,0x2d7b,0x2d9a,0x04af,0x00af,0x2599,0x29b9,0x008e,0x08cc,0x73ff,0x7bff,0x7bff,0x7bfe,
	0x7fff,0x7fff,0x7fff,0x7fff,0x7fff,0x7fff,0x7fff,0x7fff,0x7fff,0x7fff,0x7fff,0x7fff,0x7fff,0x7fff,0x7fff,0x7fff,
	0x7fff,0x7fff,0x7fff,0x7fff,0x7fff,0x7fff,0x7fff,0x7fff,0x7fff,0x7fff,0x7fff,0x7fff,0x7fff,0x7fff,0x7fff,0x7fff,
	0x7fff,0x7fff,0x7fff,0x7fff,0x7fff,0x7fff,0x7fff,0x7fff,0x7fff,0x7fff,0x7fff,0x7fff,0x7fff,0x7fff,0x7fff,0x7fff,
	0x7bff,0x7bff,0x7fff,0x7fff,0x7fff,0x7bff,0x7bfe,0x7bff,0x7bff,0x73df,0x08ec,0x048e,0x2dba,0x2d99,0x04b0,0x008f,
	0x2d9a,0x2d7b,0x2d7b,0x2d7b,0x2d7b,0x2d7b,0x2d7b,0x2d7b,0x2d7b,0x2d7b,0x2d7b,0x2d7b,0x2d7b,0x2d7b,0x2d7b,0x2d7b,
	0x2d7b,0x2d7b,0x2d7b,0x2d7b,0x2d7b,0x2d7b,0x2d7b,0x2d7b,0x2d7b,0x2d7b,0x2d7b,0x2d7b,0x2d7b,0x2d7b,0x2d7b,0x2d7b,
	0x2d7b,0x2d7b,0x2d7b,0x2d7b,0x2d7b,0x2d7b,0x2d7b,0x2d7b,0x2d7b,0x2d7b,0x2d7b,0x2d7b,0x2d7b,0x2d7b,0x2d7b,0x2d7b,
	0x2d7b,0x2d7b,0x2d7b,0x317c,0x317b,0x317b,0x2d7b,0x2d9a,0x29b9,0x048f,0x008e,0x29d8,0x29b7,0x08ae,0x0cec,0x6bdf,
	0x77ff,0x7bff,0x7bff,0x7bff,0x7bff,0x7bff,0x7bff,0x7bff,0x7bff,0x7bff,0x7bff,0x7bff,0x7bff,0x7bff,0x7bff,0x7bff,
	0x7bff,0x7bff,0x7bff,0x7bff,0x7bff,0x7bff,0x7bff,0x7bff,0x7bff,0x7bff,0x7bff,0x7bff,0x7bff,0x7bff,0x7bff,0x7bff,
	0x7bff,0x7bff,0x7bff,0x7bff,0x7bff,0x7bff,0x7bff,0x7bff,0x7bff,0x7bff,0x7bff,0x7bff,0x7bff,0x7bff,0x7bff,0x7bff,
	0x7bff,0x7bff,0x7bff,0x7bff,0x7bff,0x7bff,0x7bff,0x7bff,0x7bff,0x7bff,0x77ff,0x73ff,0x73ff,0x08cb,0x08ad,0x29b7,
	0x29b8,0x04b0,0x048f,0x2999,0x2d9b,0x2d7b,0x2d7b,0x2d7c,0x2d7b,0x2d7c,0x2d7c,0x2d7b,0x2d7b,0x2d7b,0x2d7b,0x2d7b,
	0x2d7b,0x2d7b,0x2d7b,0x2d7b,0x2d7b,0x2d7b,0x2d7b,0x2d7b,0x2d7b,0x2d7b,0x2d7b,0x2d7b,0x2d7b,0x2d7b,0x2d7b,0x2d7b,
	0x2d7b,0x2d7b,0x2d7c,0x2d7b,0x2d7b,0x299a,0x04af,0x00af,0x29b9,0x29b9,0x04ae,0x08cd,0x6fdf,0x77ff,0x7bff,0x7bff,
	0x7bff,0x7bff,0x7bff,0x7bff,0x7bff,0x7bff,0x7bff,0x7bff,0x7bff,0x7bff,0x7bff,0x7bff,0x7bff,0x7bff,0x7bff,0x7bff,
	0x7bff,0x7bff,0x7bff,0x7bff,0x7bff,0x7bff,0x7bff,0x7bff,0x7bff,0x7bff,0x7bff,0x7bff,0x7bff,0x7bff,0x7bff,0x7bff,
	0x7bff,0x7bff,0x7bff,0x7bff,0x7bff,0x7bff,0x7bff,0x7bff,0x7bff,0x7bff,0x7bff,0x7bff,0x7bff,0x7bff,0x7bff,0x7bff,
	0x77ff,0x77ff,0x7bff,0x7bff,0x7bff,0x77ff,0x77ff,0x77ff,0x77ff,0x73ff,0x08cc,0x04ae,0x2999,0x2999,0x04cf,0x04d0,
	0x2d9a,0x2d7b,0x2d7b,0x2d7b,0x2d7b,0x2d7b,0x2d7b,0x2d7b,0x2d7b,0x2d7b,0x2d7b,0x2d7b,0x2d7b,0x2d7b,0x2d7b,0x2d7b,
	0x2d7b,0x2d7b,0x2d7b,0x2d7b,0x2d7b,0x2d7b,0x2d7b,0x2d7b,0x2d7b,0x2d7b,0x2d7b,0x2d7b,0x2d7b,0x2d7b,0x2d7b,0x2d7b,
	0x2d7b,0x2d7b,0x2d7b,0x2d7b,0x2d7b,0x2d7b,0x2d7b,0x2d7b,0x2d7b,0x2d7b,0x2d7b,0x2d7b,0x2d7b,0x2d7b,0x2d7b,0x2d7b,
	0x2d7b,0x2d7b,0x2d7b,0x317c,0x317b,0x2d7b,0x2d7b,0x2d9a,0x2598,0x08b1,0x04b0,0x25b7,0x29b8,0x04ae,0x0cee,0x67bf,
	0x6fdf,0x73df,0x73df,0x73df,0x73df,0x73df,0x73df,0x73df,0x73df,0x73df,0x73df,0x73df,0x73df,0x73df,0x73df,0x73df,
	0x73df,0x73df,0x73df,0x73df,0x73df,0x73df,0x73df,0x73df,0x73df,0x73df,0x73df,0x73df,0x73df,0x73df,0x73df,0x73df,
	0x73df,0x73df,0x73df,0x73df,0x73df,0x73df,0x73df,0x73df,0x73df,0x73df,0x73df,0x73df,0x73df,0x73df,0x73df,0x73df,
	0x73df,0x73df,0x73df,0x73df,0x73df,0x73df,0x73df,0x73df,0x73df,0x6fbf,0x6fdf,0x6bdf,0x67bf,0x08ec,0x04ad,0x29d8,
	0x25b7,0x08d1,0x04b0,0x2999,0x2d9b,0x2d7b,0x2d7b,0x2d7b,0x2d7c,0x2d7c,0x2d7c,0x2d7b,0x2d7b,0x2d7b,0x317b,0x317b,
	0x2d7b,0x2d7b,0x2d7b,0x2d7b,0x2d7b,0x2d7b,0x2d7b,0x2d7b,0x2d7b,0x2d7b,0x2d7b,0x2d7b,0x2d7b,0x2d7b,0x2d7b,0x2d7b,
	0x317b,0x2d7b,0x2d7b,0x2d7b,0x2d7b,0x2999,0x04af,0x00ae,0x25b8,0x29b9,0x00ae,0x04cd,0x67bf,0x73ff,0x6bbf,0x73df,
	0x73df,0x73df,0x73df,0x73df,0x73df,0x73df,0x73df,0x73df,0x73df,0x73df,0x73df,0x73df,0x73df,0x73df,0x73df,0x73df,
	0x73df,0x73df,0x73df,0x73df,0x73df,0x73df,0x73df,0x73df,0x73df,0x73df,0x73df,0x73df,0x73df,0x73df,0x73df,0x73df,
	0x73df,0x73df,0x73df,0x73df,0x73df,0x73df,0x73df,0x73df,0x73df,0x73df,0x73df,0x73df,0x73df,0x73df,0x73df,0x73df,
	0x6fdf,0x6fdf,0x73df,0x73df,0x73df,0x73df,0x6fdf,0x6fdf,0x73df,0x6bbf,0x04cd,0x04ae,0x29b8,0x29b9,0x008e,0x008e,
	0x2d9a,0x2d7b,0x2d7b,0x2d7b,0x2d7b,0x2d7b,0x2d7b,0x2d7b,0x2d7b,0x2d7b,0x2d7b,0x2d7b,0x2d7b,0x2d7b,0x2d7b,0x2d7b,
	0x2d7b,0x2d7b,0x2d7b,0x2d7b,0x2d7b,0x2d7b,0x2d7b,0x2d7b,0x2d7b,0x2d7b,0x2d7b,0x2d7b,0x2d7b,0x2d7b,0x2d7b,0x2d7b,
	0x2d7b,0x2d7b,0x2d7b,0x2d7b,0x2d7b,0x2d7b,0x2d7b,0x2d7b,0x2d7b,0x2d7b,0x2d7b,0x2d7b,0x2d7b,0x2d7b,0x2d7b,0x2d7b,
	0x2d7b,0x2d7b,0x317b,0x317c,0x317b,0x2d7b,0x2d7b,0x299a,0x29ba,0x0490,0x008f,0x04b0,0x00af,0x04af,0x04ad,0x08cd,
	0x0ccc,0x0ccc,0x0ccc,0x0ccc,0x0ccc,0x0ccc,0x0ccc,0x0ccc,0x0ccc,0x0ccc,0x0ccc,0x0ccc,0x0ccc,0x0ccc,0x0ccc,0x0ccc,
	0x0ccc,0x0ccb,0x0ccc,0x0ccb,0x0ccc,0x0ccb,0x0ccc,0x0ccb,0x0ccc,0x0ccb,0x0ccc,0x0ccb,0x0ccc,0x0ccb,0x0ccc,0x0ccb,
	0x0ccc,0x0ccb,0x0ccc,0x0ccb,0x0ccc,0x0ccb,0x0ccc,0x0ccb,0x0ccc,0x0ccb,0x0ccc,0x0ccb,0x0ccc,0x0ccb,0x0ccc,0x0ccb,
	0x10cb,0x10cc,0x0ccc,0x0ccc,0x0ccc,0x10cc,0x0ccb,0x0ccc,0x0ccb,0x10ec,0x0ccb,0x0cec,0x08cc,0x04cd,0x04af,0x00af,
	0x04d0,0x008e,0x08b0,0x29b9,0x2d9a,0x2d7b,0x2d7b,0x2d7b,0x2d7b,0x2d7c,0x2d7c,0x2d7b,0x2d7b,0x2d7b,0x317b,0x317b,
	0x2d7b,0x2d7b,0x2d7b,0x2d7b,0x2d7b,0x2d7b,0x2d7b,0x2d7b,0x2d7b,0x2d7b,0x2d7b,0x2d7b,0x2d7b,0x2d7b,0x2d7b,0x2d7b,
	0x317b,0x2d7b,0x2d7b,0x2d7b,0x2d7b,0x2999,0x04af,0x00ae,0x04b0,0x0090,0x00af,0x04ce,0x08cc,0x0ccc,0x10ec,0x0ccb,
	0x0ccc,0x0ccb,0x0ccc,0x0ccb,0x0ccc,0x0ccb,0x0ccc,0x0ccb,0x0ccc,0x0ccb,0x0ccc,0x0ccb,0x0ccc,0x0ccb,0x0ccc,0x0ccb,
	0x0ccc,0x0ccb,0x0ccc,0x0ccb,0x0ccc,0x0ccb,0x0ccc,0x0ccb,0x0ccc,0x0ccb,0x0ccc,0x0ccb,0x0ccc,0x0ccb,0x0ccc,0x0ccb,
	0x0ccc,0x0ccb,0x0ccc,0x0ccb,0x0ccc,0x0ccb,0x0ccc,0x0ccb,0x0ccc,0x0ccb,0x0ccc,0x0ccb,0x0ccc,0x0ccb,0x0ccc,0x0ccb,
	0x0ccb,0x0ccc,0x10cc,0x10cc,0x10cb,0x10cb,0x0ccb,0x0ccb,0x0ccc,0x08cc,0x04ad,0x00ae,0x048f,0x048f,0x04cf,0x04af,
	0x299a,0x2d7b,0x2d7b,0x2d7b,0x2d7b,0x2d7b,0x2d7b,0x2d7b,0x2d7b,0x2d7b,0x2d7b,0x2d7b,0x2d7b,0x2d7b,0x2d7b,0x2d7b,
	0x2d7b,0x2d7b,0x2d7b,0x2d7b,0x2d7b,0x2d7b,0x2d7b,0x2d7b,0x2d7b,0x2d7b,0x2d7b,0x2d7b,0x2d7b,0x2d7b,0x2d7b,0x2d7b,
	0x2d7b,0x2d7b,0x2d7b,0x2d7b,0x2d7b,0x2d7b,0x2d7b,0x2d7b,0x2d7b,0x2d7b,0x2d7b,0x2d7b,0x2d7b,0x2d7b,0x2d7b,0x2d7b,
	0x2d7b,0x317b,0x317c,0x317c,0x317b,0x2d7b,0x2d7b,0x299a,0x2999,0x04b0,0x00af,0x00af,0x00af,0x00ae,0x00cd,0x00ad,
	0x08ae,0x08ae,0x08ae,0x08ae,0x08ae,0x08ae,0x08ae,0x08ae,0x08ae,0x08ae,0x08ae,0x08ae,0x08ae,0x08ae,0x08ae,0x08ae,
	0x08ae,0x08ae,0x08ae,0x08ae,0x08ae,0x08ae,0x08ae,0x08ae,0x08ae,0x08ae,0x08ae,0x08ae,0x08ae,0x08ae,0x08ae,0x08ae,
	0x08ae,0x08ae,0x08ae,0x08ae,0x08ae,0x08ae,0x08ae,0x08ae,0x08ae,0x08ae,0x08ae,0x08ae,0x08ae,0x08ae,0x08ae,0x08ae,
	0x08ae,0x08ae,0x08ae,0x08ae,0x08ae,0x08ae,0x08ae,0x08ae,0x08ae,0x0ccf,0x08ad,0x08ce,0x00ad,0x04ce,0x00af,0x00af,
	0x00af,0x04af,0x04af,0x2998,0x2d9a,0x2d9b,0x2d7b,0x2d9c,0x2d7b,0x2d7b,0x2d7c,0x2d7b,0x2d7b,0x2d7b,0x317b,0x317b,
	0x2d7b,0x2d7b,0x2d7b,0x2d7b,0x2d7b,0x2d7b,0x2d7b,0x2d7b,0x2d7b,0x2d7b,0x2d7b,0x2d7b,0x2d7b,0x2d7b,0x2d7b,0x2d7b,
	0x317c,0x317b,0x2d7b,0x2d7b,0x2d7b,0x2d9a,0x04af,0x00ae,0x0490,0x04b1,0x00af,0x00ae,0x08ce,0x08ae,0x08ae,0x08ae,
	0x08ae,0x08ae,0x08ae,0x08ae,0x08ae,0x08ae,0x08ae,0x08ae,0x08ae,0x08ae,0x08ae,0x08ae,0x08ae,0x08ae,0x08ae,0x08ae,
	0x08ae,0x08ae,0x08ae,0x08ae,0x08ae,0x08ae,0x08ae,0x08ae,0x08ae,0x08ae,0x08ae,0x08ae,0x08ae,0x08ae,0x08ae,0x08ae,
	0x08ae,0x08ae,0x08ae,0x08ae,0x08ae,0x08ae,0x08ae,0x08ae,0x08ae,0x08ae,0x08ae,0x08ae,0x08ae,0x08ae,0x08ae,0x08ae,
	0x08ae,0x08af,0x08af,0x0caf,0x0cae,0x0cae,0x08ae,0x08ae,0x08ae,0x08cf,0x00ae,0x00d0,0x0090,0x04b0,0x00ad,0x04cf,
	0x299a,0x2d7b,0x2d7b,0x2d7b,0x2d7b,0x2d7b,0x2d7b,0x2d7b,0x2d7b,0x2d7b,0x2d7b,0x2d7b,0x2d7b,0x2d7b,0x2d7b,0x2d7b,
	0x2d7b,0x2d7b,0x2d7b,0x2d7b,0x2d7b,0x2d7b,0x2d7b,0x2d7b,0x2d7b,0x2d7b,0x2d7b,0x2d7b,0x2d7b,0x2d7b,0x2d7b,0x2d7b,
	0x2d7b,0x2d7b,0x2d7b,0x2d7b,0x2d7b,0x2d7b,0x2d7b,0x2d7b,0x2d7b,0x2d7b,0x2d7b,0x2d7b,0x2d7b,0x2d7b,0x2d7b,0x2d7b,
	0x317b,0x317b,0x317c,0x317c,0x317b,0x2d7b,0x2d7b,0x299a,0x2599,0x04b0,0x00af,0x21d7,0x21d7,0x008d,0x04ef,0x575f,
	0x25b7,0x29b8,0x29b8,0x29b8,0x29b8,0x29b8,0x29b8,0x29b8,0x29b8,0x29b8,0x29b8,0x29b8,0x29b8,0x29b8,0x29b8,0x29b8,
	0x29b8,0x29b8,0x29b8,0x29b8,0x29b8,0x29b8,0x29b8,0x29b8,0x29b8,0x29b8,0x29b8,0x29b8,0x29b8,0x29b8,0x29b8,0x29b8,
	0x29b8,0x29b8,0x29b8,0x29b8,0x29b8,0x29b8,0x29b8,0x29b8,0x29b8,0x29b8,0x29b8,0x29b8,0x29b8,0x29b8,0x29b8,0x29b7,
	0x29b7,0x29b7,0x29b8,0x29b8,0x29b8,0x29b8,0x29b8,0x29b8,0x2998,0x29b8,0x25b7,0x25d7,0x25d7,0x04cf,0x00af,0x25b8,
	0x25b7,0x04ae,0x04af,0x2db9,0x2d9a,0x2d7b,0x2d9b,0x2d7b,0x2d7b,0x2d7b,0x2d7c,0x2d7b,0x2d7b,0x2d7b,0x317b,0x317b,
	0x2d7b,0x2d7b,0x2d7b,0x2d7b,0x2d7b,0x2d7b,0x2d7b,0x2d7b,0x2d7b,0x2d7b,0x2d7b,0x2d7b,0x2d7b,0x2d7b,0x2d7b,0x2d7b,
	0x317c,0x317b,0x2d7b,0x2d9b,0x2d7b,0x2d9a,0x04af,0x04ce,0x25b8,0x25b9,0x00af,0x00af,0x25b7,0x29b8,0x29b7,0x2dd8,
	0x29b8,0x29b8,0x29b8,0x29b8,0x29b8,0x29b8,0x29b8,0x29b8,0x29b8,0x29b8,0x29b8,0x29b8,0x29b8,0x29b8,0x29b8,0x29b8,
	0x29b8,0x29b8,0x29b8,0x29b8,0x29b8,0x29b8,0x29b8,0x29b8,0x29b8,0x29b8,0x29b8,0x29b8,0x29b8,0x29b8,0x29b8,0x29b8,
	0x29b8,0x29b8,0x29b8,0x29b8,0x29b8,0x29b8,0x29b8,0x29b8,0x29b8,0x29b8,0x29b8,0x29b8,0x29b8,0x29b8,0x29b8,0x29b8,
	0x29b8,0x29b8,0x29b9,0x29b9,0x29b8,0x29b8,0x29b8,0x29b8,0x29b8,0x25b8,0x00af,0x00b0,0x21b8,0x25b8,0x00ce,0x00ae,
	0x299a,0x2d7b,0x2d7b,0x2d7b,0x2d7b,0x2d7b,0x2d7b,0x2d7b,0x2d7b,0x2d7b,0x2d7b,0x2d7b,0x2d7b,0x2d7b,0x2d7b,0x2d7b,
	0x2d7b,0x2d7b,0x2d7b,0x2d7b,0x2d7b,0x2d7b,0x2d7b,0x2d7b,0x2d7b,0x2d7b,0x2d7b,0x2d7b,0x2d7b,0x2d7b,0x2d7b,0x2d7b,
	0x2d7b,0x2d7b,0x2d7b,0x2d7b,0x2d7b,0x2d7b,0x2d7b,0x2d7b,0x2d7b,0x2d7b,0x2d7b,0x2d7b,0x2d7b,0x2d7b,0x2d7b,0x2d7b,
	0x317b,0x317b,0x317c,0x317c,0x317b,0x2d7b,0x2d7b,0x299a,0x2999,0x08b0,0x04af,0x25d7,0x25d7,0x08ef,0x008c,0x25f7,
	0x29d7,0x29b8,0x29b8,0x29b8,0x29b8,0x29b8,0x29b8,0x29b8,0x29b8,0x29b8,0x29b8,0x29b8,0x29b8,0x29b8,0x29b8,0x29b8,
	0x29b8,0x29b8,0x29b8,0x29b8,0x29b8,0x29b8,0x29b8,0x29b8,0x29b8,0x29b8,0x29b8,0x29b8,0x29b8,0x29b8,0x29b8,0x29b8,
	0x29b8,0x29b8,0x29b8,0x29b8,0x29b8,0x29b8,0x29b8,0x29b8,0x29b8,0x29b8,0x29b8,0x29b8,0x29b8,0x29b8,0x29b8,0x29b8,
	0x29d8,0x29d8,0x29b8,0x29b8,0x29b8,0x29b8,0x29b8,0x29b8,0x29b9,0x29b8,0x29b8,0x29d8,0x25b7,0x04ae,0x04af,0x25b7,
	0x25d7,0x08d0,0x048f,0x2999,0x299a,0x297a,0x2d9b,0x2d7b,0x2d7b,0x2d7b,0x2d7c,0x2d7b,0x2d7b,0x2d7b,0x317b,0x317b,
	0x2d7b,0x2d7b,0x2d7b,0x2d7b,0x2d7b,0x2d7b,0x2d7b,0x2d7b,0x2d7b,0x2d7b,0x2d7b,0x2d7b,0x2d7b,0x2d7b,0x2d7b,0x2d7b,
	0x317c,0x317c,0x317b,0x2d7b,0x2d7b,0x2d9a,0x04ae,0x04ae,0x25d8,0x25b8,0x00ae,0x04cf,0x25b7,0x29d8,0x29d8,0x25b7,
	0x29b8,0x29b8,0x29b8,0x29b8,0x29b8,0x29b8,0x29b8,0x29b8,0x29b8,0x29b8,0x29b8,0x29b8,0x29b8,0x29b8,0x29b8,0x29b8,
	0x29b8,0x29b8,0x29b8,0x29b8,0x29b8,0x29b8,0x29b8,0x29b8,0x29b8,0x29b8,0x29b8,0x29b8,0x29b8,0x29b8,0x29b8,0x29b8,
	0x29b8,0x29b8,0x29b8,0x29b8,0x29b8,0x29b8,0x29b8,0x29b8,0x29b8,0x29b8,0x29b8,0x29b8,0x29b8,0x29b8,0x29b8,0x29b8,
	0x29b8,0x25b8,0x29b8,0x29b8,0x29b8,0x29b8,0x29b8,0x25b8,0x25b8,0x25b8,0x00af,0x00af,0x25d8,0x25d8,0x00ce,0x04af,
	0x2d9a,0x2d7b,0x2d7b,0x2d7b,0x2d7b,0x2d7b,0x2d7b,0x2d7b,0x2d7b,0x2d7b,0x2d7b,0x2d7b,0x2d7b,0x2d7b,0x2d7b,0x2d7b,
	0x2d7b,0x2d7b,0x2d7b,0x2d7b,0x2d7b,0x2d7b,0x2d7b,0x2d7b,0x2d7b,0x2d7b,0x2d7b,0x2d7b,0x2d7b,0x2d7b,0x2d7b,0x2d7b,
	0x2d7b,0x2d7b,0x2d7b,0x2d7b,0x2d7b,0x2d7b,0x2d7b,0x2d7b,0x2d7b,0x2d7b,0x2d7b,0x2d7b,0x2d7b,0x2d7b,0x2d7b,0x2d7b,
	0x317b,0x317b,0x317c,0x317c,0x317b,0x2d7b,0x2d7b,0x2d9a,0x29b9,0x04b0,0x008e,0x04cf,0x008e,0x00ae,0x04cf,0x00ae,
	0x04af,0x048f,0x048f,0x048f,0x048f,0x048f,0x048f,0x048f,0x048f,0x048f,0x048f,0x048f,0x048f,0x048f,0x048f,0x048f,
	0x048f,0x048f,0x048f,0x048f,0x048f,0x048f,0x048f,0x048f,0x048f,0x048f,0x048f,0x048f,0x048f,0x048f,0x048f,0x048f,
	0x048f,0x048f,0x048f,0x048f,0x048f,0x048f,0x048f,0x048f,0x048f,0x048f,0x048f,0x048f,0x048f,0x048f,0x048f,0x048f,
	0x04af,0x04af,0x048f,0x0490,0x0490,0x048f,0x048f,0x048f,0x0490,0x048f,0x048f,0x08b0,0x04ae,0x00ae,0x04af,0x08d0,
	0x048f,0x08b0,0x048f,0x2999,0x319b,0x2d7b,0x2d7b,0x2d7b,0x2d7b,0x2d7b,0x2d7b,0x2d7b,0x2d7b,0x2d7b,0x317b,0x317b,
	0x2d7b,0x2d7b,0x2d7b,0x2d7b,0x2d7b,0x2d7b,0x2d7b,0x2d7b,0x2d7b,0x2d7b,0x2d7b,0x2d7b,0x2d7b,0x2d7b,0x2d7b,0x2d7b,
	0x317c,0x317c,0x2d7b,0x2d7b,0x2d7b,0x2d9a,0x08af,0x04ae,0x04af,0x04b0,0x00ae,0x00ae,0x04ae,0x008e,0x04af,0x08b0,
	0x048f,0x048f,0x048f,0x048f,0x048f,0x048f,0x048f,0x048f,0x048f,0x048f,0x048f,0x048f,0x048f,0x048f,0x048f,0x048f,
	0x048f,0x048f,0x048f,0x048f,0x048f,0x048f,0x048f,0x048f,0x048f,0x048f,0x048f,0x048f,0x048f,0x048f,0x048f,0x048f,
	0x048f,0x048f,0x048f,0x048f,0x048f,0x048f,0x048f,0x048f,0x048f,0x048f,0x048f,0x048f,0x048f,0x048f,0x048f,0x048f,
	0x04af,0x04af,0x04af,0x04af,0x04af,0x04af,0x04b0,0x04b0,0x04b0,0x04b0,0x00b0,0x04d0,0x008f,0x00af,0x00ae,0x04af,
	0x2d9a,0x2d7b,0x2d7b,0x2d7b,0x2d7b,0x2d7b,0x2d7b,0x2d7b,0x2d7b,0x2d7b,0x2d7b,0x2d7b,0x2d7b,0x2d7b,0x2d7b,0x2d7b,
	0x2d7b,0x2d7b,0x2d7b,0x2d7b,0x2d7b,0x2d7b,0x2d7b,0x2d7b,0x2d7b,0x2d7b,0x2d7b,0x2d7b,0x2d7b,0x2d7b,0x2d7b,0x2d7b,
	0x2d7b,0x2d7b,0x2d7b,0x2d7b,0x2d7b,0x2d7b,0x2d7b,0x2d7b,0x2d7b,0x2d7b,0x2d7b,0x2d7b,0x2d7b,0x2d7b,0x2d7b,0x2d7b,
	0x2d7b,0x2d7b,0x2d7c,0x2d7c,0x2d7b,0x2d7b,0x2d7b,0x2d9a,0x2999,0x0891,0x048f,0x04af,0x04b0,0x048f,0x08d0,0x04af,
	0x04af,0x04b0,0x04b0,0x04b0,0x04b0,0x04b0,0x04b0,0x04b0,0x04b0,0x04b0,0x04b0,0x04b0,0x04b0,0x04b0,0x04b0,0x04b0,
	0x04b0,0x04b0,0x04b0,0x04b0,0x04b0,0x04b0,0x04b0,0x04b0,0x04b0,0x04b0,0x04b0,0x04b0,0x04b0,0x04b0,0x04b0,0x04b0,
	0x04b0,0x04b0,0x04b0,0x04b0,0x04b0,0x04b0,0x04b0,0x04b0,0x04b0,0x04b0,0x04b0,0x04b0,0x04b0,0x04b0,0x04b0,0x04af,
	0x04af,0x04af,0x04b0,0x04b0,0x04b0,0x04b0,0x04af,0x04af,0x04b0,0x08b1,0x04af,0x04af,0x008e,0x08cf,0x04af,0x008f,
	0x008f,0x08b1,0x0891,0x2999,0x2d7b,0x2d7b,0x2d7b,0x317b,0x2d7b,0x2d7b,0x2d7b,0x2d7b,0x2d7b,0x2d7b,0x317b,0x317b,
	0x2d7b,0x2d7b,0x2d7b,0x2d7b,0x2d7b,0x2d7b,0x2d7b,0x2d7b,0x2d7b,0x2d7b,0x2d7b,0x2d7b,0x2d7b,0x2d7b,0x2d7b,0x2d7b,
	0x2d5b,0x2d7b,0x317c,0x319c,0x2d7c,0x297a,0x0cb0,0x08af,0x08b0,0x04af,0x04af,0x04af,0x08af,0x08d0,0x048f,0x04af,
	0x04b0,0x04b0,0x04b0,0x04b0,0x04b0,0x04b0,0x04b0,0x04b0,0x04b0,0x04b0,0x04b0,0x04b0,0x04b0,0x04b0,0x04b0,0x04b0,
	0x04b0,0x04b0,0x04b0,0x04b0,0x04b0,0x04b0,0x04b0,0x04b0,0x04b0,0x04b0,0x04b0,0x04b0,0x04b0,0x04b0,0x04b0,0x04b0,
	0x04b0,0x04b0,0x04b0,0x04b0,0x04b0,0x04b0,0x04b0,0x04b0,0x04b0,0x04b0,0x04b0,0x04b0,0x04b0,0x04b0,0x04b0,0x04af,
	0x04ae,0x04ae,0x04af,0x04af,0x04ae,0x04af,0x048f,0x048f,0x048f,0x04b0,0x008f,0x048f,0x04b0,0x04b0,0x048f,0x0890,
	0x2d9a,0x2d7b,0x2d7b,0x2d7b,0x2d7b,0x2d7b,0x2d7b,0x2d7b,0x2d7b,0x2d7b,0x2d7b,0x2d7b,0x2d7b,0x2d7b,0x2d7b,0x2d7b,
	0x2d7b,0x2d7b,0x2d7b,0x2d7b,0x2d7b,0x2d7b,0x2d7b,0x2d7b,0x2d7b,0x2d7b,0x2d7b,0x2d7b,0x2d7b,0x2d7b,0x2d7b,0x2d7b,
	0x2d7b,0x2d7b,0x2d7b,0x2d7b,0x2d7b,0x2d7b,0x2d7b,0x2d7b,0x2d7b,0x2d7b,0x2d7b,0x2d7b,0x2d7b,0x2d7b,0x2d7b,0x2d7b,
	0x2d7b,0x2d7b,0x2d7c,0x2d7c,0x2d7b,0x2d7b,0x2d7b,0x2d7b,0x2d9b,0x2d99,0x2db9,0x29b8,0x2999,0x2999,0x2998,0x2db9,
	0x29b9,0x29b9,0x29b9,0x29b9,0x29b9,0x29b9,0x29b9,0x29b9,0x29b9,0x29b9,0x29b9,0x29b9,0x29b9,0x29b9,0x29b9,0x29b9,
	0x29b9,0x29b9,0x29b9,0x29b9,0x29b9,0x29b9,0x29b9,0x29b9,0x29b9,0x29b9,0x29b9,0x29b9,0x29b9,0x29b9,0x29b9,0x29b9,
	0x29b9,0x29b9,0x29b9,0x29b9,0x29b9,0x29b9,0x29b9,0x29b9,0x29b9,0x29b9,0x29b9,0x29b9,0x29b9,0x29b9,0x29b9,0x29b9,
	0x29b9,0x29b9,0x2999,0x2999,0x29b9,0x29b9,0x29b8,0x29b8,0x2599,0x29b9,0x29b9,0x29b9,0x29b8,0x29b8,0x29b9,0x2db9,
	0x2dba,0x2999,0x2999,0x2d9a,0x2d7b,0x2d7b,0x2d7b,0x2d7b,0x2d7b,0x2d7b,0x2d7b,0x2d7b,0x2d7b,0x2d7b,0x317b,0x317b,
	0x2d7b,0x2d7b,0x2d7b,0x2d7b,0x2d7b,0x2d7b,0x2d7b,0x2d7b,0x2d7b,0x2d7b,0x2d7b,0x2d7b,0x2d7b,0x2d7b,0x2d7b,0x2d7b,
	0x319b,0x317b,0x317b,0x2d7b,0x2d7b,0x319c,0x2978,0x2db9,0x2998,0x29b9,0x29b9,0x29b9,0x29b8,0x29b8,0x2db9,0x2db9,
	0x29b9,0x29b9,0x29b9,0x29b9,0x29b9,0x29b9,0x29b9,0x29b9,0x29b9,0x29b9,0x29b9,0x29b9,0x29b9,0x29b9,0x29b9,0x29b9,
	0x29b9,0x29b9,0x29b9,0x29b9,0x29b9,0x29b9,0x29b9,0x29b9,0x29b9,0x29b9,0x29b9,0x29b9,0x29b9,0x29b9,0x29b9,0x29b9,
	0x29b9,0x29b9,0x29b9,0x29b9,0x29b9,0x29b9,0x29b9,0x29b9,0x29b9,0x29b9,0x29b9,0x29b9,0x29b9,0x29b9,0x29b9,0x29b9,
	0x29b8,0x2db8,0x2db9,0x2db8,0x2db8,0x2db8,0x2db9,0x29b9,0x29b9,0x29b9,0x29b9,0x2db9,0x2999,0x2999,0x2db9,0x2d9a,
	0x2d7b,0x2d7b,0x2d7b,0x2d7b,0x2d7b,0x2d7b,0x2d7b,0x2d7b,0x2d7b,0x2d7b,0x2d7b,0x2d7b,0x2d7b,0x2d7b,0x2d7b,0x2d7b,
	0x2d7b,0x2d7b,0x2d7b,0x2d7b,0x2d7b,0x2d7b,0x2d7b,0x2d7b,0x2d7b,0x2d7b,0x2d7b,0x2d7b,0x2d7b,0x2d7b,0x2d7b,0x2d7b,
	0x2d7b,0x2d7b,0x2d7b,0x2d7b,0x2d7b,0x2d7b,0x2d7b,0x2d7b,0x2d7b,0x2d7b,0x2d7b,0x2d7b,0x2d7b,0x2d7b,0x2d7b,0x2d7b,
	0x2d9a,0x2d7b,0x2d7b,0x2d7c,0x2d7b,0x2d7b,0x2d7b,0x2d7b,0x2d7a,0x319b,0x319a,0x2d9a,0x2d9a,0x319b,0x2d7b,0x297a,
	0x2d9a,0x2d9a,0x2d9a,0x2d9a,0x2d9a,0x2d9a,0x2d9a,0x2d9a,0x2d9a,0x2d9a,0x2d9a,0x2d9a,0x2d9a,0x2d9a,0x2d9a,0x2d9a,
	0x2d9a,0x2d9a,0x2d9a,0x2d9a,0x2d9a,0x2d9a,0x2d9a,0x2d9a,0x2d9a,0x2d9a,0x2d9a,0x2d9a,0x2d9a,0x2d9a,0x2d9a,0x2d9a,
	0x2d9a,0x2d9a,0x2d9a,0x2d9a,0x2d9a,0x2d9a,0x2d9a,0x2d9a,0x2d9a,0x2d9a,0x2d9a,0x2d9a,0x2d9a,0x2d9a,0x2d9a,0x2d9a,
	0x2d9a,0x299b,0x2d7b,0x2d7b,0x2d9a,0x2d9a,0x2d99,0x2d9a,0x2d9a,0x297a,0x2d9b,0x2d9a,0x2d7a,0x2d7a,0x2d9b,0x2d7a,
	0x297a,0x2979,0x2dbb,0x297a,0x2d7c,0x317c,0x317c,0x317b,0x2d7b,0x2d7b,0x2d7b,0x2d7b,0x2d7b,0x2d7b,0x317b,0x317b,
	0x2d7b,0x2d7b,0x2d7b,0x2d7b,0x2d7b,0x2d7b,0x2d7b,0x2d7b,0x2d7b,0x2d7b,0x2d7b,0x2d7b,0x2d7b,0x2d7b,0x2d7b,0x2d7b,
	0x2d7a,0x2d7a,0x319b,0x2d7c,0x2d7c,0x2d7b,0x2d7b,0x2d9a,0x2d9a,0x297a,0x297a,0x2d9b,0x2d9a,0x297a,0x2d9b,0x297a,
	0x2d9a,0x2d9a,0x2d9a,0x2d9a,0x2d9a,0x2d9a,0x2d9a,0x2d9a,0x2d9a,0x2d9a,0x2d9a,0x2d9a,0x2d9a,0x2d9a,0x2d9a,0x2d9a,
	0x2d9a,0x2d9a,0x2d9a,0x2d9a,0x2d9a,0x2d9a,0x2d9a,0x2d9a,0x2d9a,0x2d9a,0x2d9a,0x2d9a,0x2d9a,0x2d9a,0x2d9a,0x2d9a,
	0x2d9a,0x2d9a,0x2d9a,0x2d9a,0x2d9a,0x2d9a,0x2d9a,0x2d9a,0x2d9a,0x2d9a,0x2d9a,0x2d9a,0x2d9a,0x2d9a,0x2d9a,0x2d9a,
	0x2d7b,0x2d7b,0x2d7b,0x2d7b,0x2d9a,0x2d9a,0x2d9a,0x2d7a,0x297a,0x299a,0x299a,0x297a,0x2d9b,0x2d7b,0x2d7b,0x317b,
	0x2d7b,0x2d7b,0x2d7b,0x2d7b,0x2d7b,0x2d7b,0x2d7b,0x2d7b,0x2d7b,0x2d7b,0x2d7b,0x2d7b,0x2d7b,0x2d7b,0x2d7b,0x2d7b,
	0x2d7b,0x2d7b,0x2d7b,0x2d7b,0x2d7b,0x2d7b,0x2d7b,0x2d7b,0x2d7b,0x2d7b,0x2d7b,0x2d7b,0x2d7b,0x2d7b,0x2d7b,0x2d7b,
	0x2d7b,0x2d7b,0x2d7b,0x2d7b,0x2d7b,0x2d7b,0x2d7b,0x2d7b,0x2d7b,0x2d7b,0x2d7b,0x2d7b,0x2d7b,0x2d7b,0x2d7b,0x2d7b,
	0x2d9a,0x2d9a,0x2d7b,0x2d7b,0x2d7b,0x2d7b,0x317c,0x317c,0x317c,0x317b,0x2d7a,0x2d7a,0x2d7b,0x2d7b,0x2d5b,0x317c,
	0x2d7b,0x2d7b,0x2d7b,0x2d7b,0x2d7b,0x2d7b,0x2d7b,0x2d7b,0x2d7b,0x2d7b,0x2d7b,0x2d7b,0x2d7b,0x2d7b,0x2d7b,0x2d7b,
	0x2d7b,0x2d7b,0x2d7b,0x2d7b,0x2d7b,0x2d7b,0x2d7b,0x2d7b,0x2d7b,0x2d7b,0x2d7b,0x2d7b,0x2d7b,0x2d7b,0x2d7b,0x2d7b,
	0x2d7b,0x2d7b,0x2d7b,0x2d7b,0x2d7b,0x2d7b,0x2d7b,0x2d7b,0x2d7b,0x2d7b,0x2d7b,0x2d7b,0x2d7b,0x2d7b,0x2d7b,0x2d7b,
	0x2d7b,0x2d7c,0x2d7c,0x2d7c,0x317b,0x317a,0x2d9a,0x2d9a,0x2d7b,0x2d7b,0x2d7c,0x2d7c,0x317b,0x317c,0x317c,0x317c,
	0x2d9b,0x299a,0x2d9b,0x2d9b,0x2d7c,0x2d7c,0x317c,0x2d7b,0x2d7b,0x2d7b,0x2d7b,0x2d7b,0x2d7b,0x2d7b,0x317b,0x317b,
	0x2d7b,0x2d7b,0x2d7b,0x2d7b,0x2d7b,0x2d7b,0x2d7b,0x2d7b,0x2d7b,0x2d7b,0x2d7b,0x2d7b,0x2d7b,0x2d7b,0x2d7b,0x2d7b,
	0x2d9a,0x2d7a,0x317b,0x2d7b,0x317c,0x2d5b,0x319c,0x2d7a,0x2d7b,0x2d7b,0x2d7c,0x2d7c,0x2d7b,0x2d7b,0x2d7c,0x2d7c,
	0x2d7b,0x2d7b,0x2d7b,0x2d7b,0x2d7b,0x2d7b,0x2d7b,0x2d7b,0x2d7b,0x2d7b,0x2d7b,0x2d7b,0x2d7b,0x2d7b,0x2d7b,0x2d7b,
	0x317b,0x317b,0x317b,0x317b,0x317b,0x317b,0x317b,0x317b,0x317b,0x317b,0x317b,0x317b,0x317b,0x317b,0x317b,0x317b,
	0x317b,0x2d7b,0x2d7b,0x2d7b,0x2d7b,0x2d7b,0x2d7b,0x2d7b,0x2d7b,0x2d7b,0x2d7b,0x2d7b,0x2d7b,0x2d7b,0x2d7b,0x2d7b,
	0x2d7c,0x2d7c,0x2d7c,0x2d7c,0x317b,0x317b,0x2d7b,0x2d7b,0x2d7b,0x297b,0x2d9b,0x2d9b,0x2d7b,0x2d7b,0x317c,0x317c,
	0x317b,0x2d7b,0x2d7b,0x2d7b,0x2d7b,0x2d7b,0x2d7b,0x2d7b,0x2d7b,0x2d7b,0x2d7b,0x2d7b,0x2d7b,0x2d7b,0x2d7b,0x2d7b,
	0x2d7b,0x2d7b,0x2d7b,0x2d7b,0x2d7b,0x2d7b,0x2d7b,0x2d7b,0x2d7b,0x2d7b,0x2d7b,0x2d7b,0x2d7b,0x2d7b,0x2d7b,0x2d7b
};

